Sample,Index,REF,POS,ALT,AF,Cluster
SRR11953855,70,C,28893,T,0.15942,-384
SRR12733841,492,CAGTGAACAAT,29762,C,0.107847,-383
SRR11954226,230,C,9996,T,0.126703,-382
SRR11954287,255,C,9714,T,0.10809400000000001,-381
SRR11954289,257,C,9430,T,0.38302800000000004,-380
SRR12733993,572,C,8982,T,0.071327,-379
SRR12733354,289,C,8860,T,0.081505,-378
SRR12733525,376,C,8760,T,0.24725300000000003,-377
SRR12733863,504,C,8299,T,0.387022,-376
SRR12733570,400,C,8281,T,0.307922,-375
SRR11953879,81,C,8228,T,0.586446,-374
SRR11953784,42,C,8139,T,0.343407,-373
SRR11954226,230,C,7851,T,0.41176499999999994,-372
SRR11954082,163,C,7764,T,0.115479,-371
SRR12733296,268,C,7401,T,0.098341,-370
SRR12733993,572,C,7279,T,0.14388499999999999,-369
SRR11954176,203,C,6840,T,0.058252,-368
SRR12733500,358,C,6696,CT,0.054711,-367
SRR12733444,325,C,6633,T,0.352941,-366
SRR12733524,375,C,657,T,0.187251,-365
SRR11953795,46,C,643,T,0.058824,-364
SRR12733660,436,C,6255,T,0.088496,-363
SRR11954235,234,C,6033,T,0.18828,-362
SRR12733502,360,C,5849,T,0.799697,-361
SRR12733554,394,C,5826,A,0.059322,-360
SRR12733406,306,C,5784,T,0.147612,-359
SRR12733319,278,CG,25854,C,0.067511,-358
SRR12733431,315,C,5544,T,0.09059400000000001,-357
SRR12733803,479,G,11417,T,0.07447999999999999,-356
SRR11953867,78,G,11801,A,0.054264,-355
SRR11954048,153,G,19132,T,0.058624,-354
SRR12733915,529,G,18898,A,0.44978199999999996,-353
SRR11953790,44,G,1868,A,0.772492,-352
SRR12733517,370,G,18397,T,0.199444,-351
SRR11953755,29,G,18225,T,0.078014,-350
SRR11954207,222,G,1821,A,0.081818,-349
SRR11953864,75,G,1820,A,0.171742,-348
SRR11953682,6,G,18160,A,0.1,-347
SRR12733865,505,G,17480,A,0.14285699999999998,-346
SRR12733496,354,G,1729,A,0.173333,-345
SRR12733876,511,G,16843,A,0.235294,-344
SRR11953826,58,G,16496,T,0.269333,-343
SRR11953878,80,G,16204,C,0.062201,-342
SRR11953953,112,G,16182,A,0.09424099999999999,-341
SRR11953755,29,G,15594,T,0.128,-340
SRR11953972,120,G,15243,T,0.228373,-339
SRR12734123,598,G,14449,T,0.462946,-338
SRR11954099,170,G,14428,T,0.21052600000000002,-337
SRR11954246,239,G,14126,T,0.06424099999999999,-336
SRR12734087,590,G,1383,T,0.053125,-335
SRR11954168,199,G,13617,A,0.426752,-334
SRR11954261,245,G,13235,T,0.072125,-333
SRR12733441,323,G,13201,A,0.25016,-332
SRR12733650,433,G,12322,A,0.055184000000000004,-331
SRR12733524,375,G,12038,A,0.260504,-330
SRR12733916,530,G,116,A,0.421196,-329
SRR12733523,374,G,1957,A,0.664359,-328
SRR12733524,375,C,5526,T,0.180328,-327
SRR11953767,37,C,5239,T,0.123894,-326
SRR12733532,380,C,28657,T,0.42490600000000006,-325
SRR11954196,214,C,28647,T,0.077559,-324
SRR12733344,284,C,28519,T,0.12387100000000001,-323
SRR11954245,238,C,28399,T,0.083983,-322
SRR11954112,178,C,28391,T,0.77989,-321
SRR11954219,226,C,28093,T,0.053003999999999996,-320
SRR12733957,553,C,27972,T,0.161417,-319
SRR12733999,575,C,27970,T,0.680501,-318
SRR12733414,308,C,27644,T,0.068063,-317
SRR11954020,138,C,27610,T,0.062601,-316
SRR11953783,41,C,27476,T,0.23876399999999998,-315
SRR11954289,257,C,27389,T,0.236416,-314
SRR11954256,243,C,27331,T,0.706724,-313
SRR12733383,301,C,27297,T,0.06490399999999999,-312
SRR12733926,538,C,27213,T,0.056671000000000006,-311
SRR12733870,509,C,2704,T,0.073357,-310
SRR12733487,350,C,2695,T,0.21190100000000003,-309
SRR12734123,598,C,26873,T,0.07295900000000001,-308
SRR12733700,446,C,26810,T,0.07352,-307
SRR12733685,441,C,26735,T,0.064622,-306
SRR11954083,164,C,26681,T,0.083952,-305
SRR12733349,287,C,26456,T,0.527704,-304
SRR12733700,446,C,26164,T,0.056795000000000005,-303
SRR12733820,483,C,26060,A,0.050322000000000006,-302
SRR11954155,192,C,25782,T,0.050703,-301
SRR12733284,264,C,28717,T,0.614939,-300
SRR11954021,139,C,5298,T,0.75641,-299
SRR11954197,215,C,28776,T,0.20384000000000002,-298
SRR11953943,108,C,28868,T,0.066933,-297
SRR12733629,428,C,5192,T,0.161657,-296
SRR12733796,474,C,4755,T,0.080717,-295
SRR11953978,122,C,4475,T,0.157143,-294
SRR11954112,178,C,4423,T,0.113103,-293
SRR11954083,164,C,4113,T,0.14968599999999999,-292
SRR12733431,315,C,3773,T,0.068264,-291
SRR11953888,87,C,3773,A,0.065388,-290
SRR11954238,235,C,36,T,0.616667,-289
SRR11953896,91,C,3589,T,0.090725,-288
SRR11954256,243,C,3486,T,0.07599600000000001,-287
SRR11953945,109,C,3411,T,0.209605,-286
SRR11954234,233,C,3096,T,0.07475599999999999,-285
SRR11953790,44,C,3045,T,0.147094,-284
SRR11954251,240,C,2983,T,0.26503699999999997,-283
SRR11954112,178,C,29774,T,0.111266,-282
SRR12733534,382,C,29686,T,0.11688299999999999,-281
SRR12733905,522,C,29635,T,0.056478,-280
SRR12733377,298,C,29585,T,0.78481,-279
SRR11954267,248,C,29416,T,0.154604,-278
SRR12733919,533,C,29363,T,0.11142200000000001,-277
SRR11953964,117,C,29353,T,0.09375,-276
SRR12733777,468,C,29311,T,0.182135,-275
SRR12733945,547,C,29253,T,0.16927999999999999,-274
SRR12733938,544,C,29109,G,0.082969,-273
SRR11953945,109,C,29077,T,0.21228699999999998,-272
SRR12733865,505,C,28849,T,0.12723199999999998,-271
SRR11954089,167,G,19872,T,0.6091270000000001,-270
SRR11953763,33,G,199,T,0.17133199999999998,-269
SRR11954028,144,G,20062,T,0.569557,-268
SRR11954166,198,T,22657,C,0.050214,-267
SRR11953700,14,T,22587,G,0.058065,-266
SRR11954155,192,T,22549,C,0.079404,-265
SRR11954264,247,T,20883,C,0.09389700000000001,-264
SRR11954102,172,T,19025,A,0.054487,-263
SRR11953682,6,T,18159,C,0.100775,-262
SRR11954068,157,T,17902,G,0.07874,-261
SRR12733853,497,T,17190,C,0.085106,-260
SRR12733491,351,T,17088,A,0.092163,-259
SRR11954161,196,T,16671,C,0.125,-258
SRR12733304,271,T,1647,A,0.054054,-257
SRR11954219,226,T,14341,C,0.052910000000000006,-256
SRR12733399,304,T,14232,C,0.066225,-255
SRR12733705,448,T,1370,A,0.6193420000000001,-254
SRR12733554,394,T,13250,C,0.38342,-253
SRR12733363,293,T,13065,A,0.054000000000000006,-252
SRR12733900,520,T,12015,G,0.26019200000000003,-251
SRR12733405,305,T,11963,C,0.064397,-250
SRR11953821,56,T,10927,A,0.054187,-249
SRR11953679,5,T,10876,C,0.270494,-248
SRR11953746,26,GTTA,515,G,0.17680099999999999,-247
SRR11953787,43,GGTCATGTTA,509,G,0.068426,-246
SRR12733841,492,G,891,A,0.183996,-245
SRR12733563,396,G,7954,T,0.76652,-244
SRR11954203,221,G,7895,A,0.268519,-243
SRR12734038,581,T,22685,A,0.138273,-242
SRR12733765,463,G,7393,A,0.062937,-241
SRR12733712,449,T,23032,A,0.144928,-240
SRR12733743,456,T,24259,A,0.062215,-239
SRR12733765,463,TTTA,20422,T,0.08042,-238
SRR12733890,516,TGTTATG,514,T,0.729927,-237
SRR12733448,328,TACGATCG,29748,T,0.390728,-236
SRR11953826,58,TAAAAATTACAGAAGAGGTTGG,6516,T,0.114445,-235
SRR12733383,301,T,9157,C,0.662941,-234
SRR12733375,296,T,5941,A,0.062407000000000004,-233
SRR11953759,31,T,5218,C,0.716418,-232
SRR11954106,175,T,4949,C,0.710383,-231
SRR11954171,200,T,4885,C,0.055207000000000006,-230
SRR11954068,157,T,4771,A,0.060403,-229
SRR12733376,297,T,4174,C,0.572816,-228
SRR11953878,80,T,3610,G,0.095238,-227
SRR12733998,574,T,2887,C,0.09389700000000001,-226
SRR11954025,142,T,28735,C,0.479386,-225
SRR12733351,288,T,28251,C,0.798165,-224
SRR11954267,248,T,28110,C,0.097786,-223
SRR11954036,148,T,27922,A,0.054511000000000004,-222
SRR12733606,413,T,27645,C,0.558559,-221
SRR11954198,216,T,27597,C,0.053253999999999996,-220
SRR12733856,499,T,27484,C,0.178049,-219
SRR12733435,318,T,26678,C,0.127907,-218
SRR11953821,56,T,26427,C,0.172414,-217
SRR12733783,471,T,26327,C,0.051126,-216
SRR12733872,510,T,25707,G,0.780165,-215
SRR12734123,598,T,25039,C,0.052117,-214
SRR12733958,554,T,23968,A,0.062802,-213
SRR11953700,14,G,7214,T,0.07446799999999999,-212
SRR12733520,372,G,614,A,0.057287,-211
SRR12733463,336,G,5515,T,0.352998,-210
SRR12733468,339,G,25598,T,0.08042,-209
SRR12733304,271,G,25459,C,0.074286,-208
SRR11954231,231,G,25429,A,0.05045,-207
SRR12733917,531,G,25266,T,0.069414,-206
SRR12733462,335,G,25261,A,0.083429,-205
SRR11953704,16,G,25112,T,0.064192,-204
SRR12733433,316,G,24933,T,0.102459,-203
SRR12733837,490,G,24764,T,0.793068,-202
SRR12733686,442,G,24434,T,0.740672,-201
SRR11953723,20,G,24293,A,0.092147,-200
SRR12733381,299,G,24020,A,0.091633,-199
SRR12733382,300,G,23948,C,0.064123,-198
SRR11953898,93,G,23856,T,0.181818,-197
SRR11954086,165,G,23795,A,0.051724,-196
SRR11953920,100,G,23593,C,0.356777,-195
SRR12733303,270,G,2272,A,0.091963,-194
SRR12733481,346,G,21985,T,0.08284,-193
SRR12733916,530,G,21938,T,0.27532199999999996,-192
SRR12733541,388,G,21569,GT,0.06863,-191
SRR12733541,388,G,21565,GT,0.076359,-190
SRR11954086,165,G,21533,A,0.06962,-189
SRR12733349,287,G,21101,GT,0.05764400000000001,-188
SRR11954203,221,G,21055,A,0.081967,-187
SRR12733614,418,G,2081,T,0.325651,-186
SRR11954160,195,G,20578,T,0.050864,-185
SRR11954025,142,G,25767,T,0.058632000000000004,-184
SRR11953755,29,G,25785,T,0.120253,-183
SRR12733953,550,G,25855,T,0.070272,-182
SRR11954175,202,G,26104,A,0.5,-181
SRR11953848,68,G,4925,T,0.291946,-180
SRR11954112,178,G,3892,T,0.785609,-179
SRR11954264,247,G,373,A,0.061249,-178
SRR11953813,52,G,3689,T,0.060403,-177
SRR12733576,404,G,368,T,0.20883800000000002,-176
SRR12733361,291,G,3304,T,0.098592,-175
SRR12733487,350,G,3242,A,0.154749,-174
SRR11953888,87,G,29742,T,0.077562,-173
SRR12733691,444,G,29742,C,0.065622,-172
SRR11953929,106,G,29705,T,0.23027399999999998,-171
SRR11953726,21,G,29468,T,0.062015999999999995,-170
SRR11953729,22,G,29260,A,0.070154,-169
SRR12733890,516,C,25714,T,0.269231,-168
SRR11953855,70,G,29179,T,0.07177,-167
SRR11954075,160,G,28903,A,0.06791599999999999,-166
SRR12733743,456,G,28805,A,0.335385,-165
SRR11954195,213,G,28790,A,0.344915,-164
SRR12733433,316,G,28713,A,0.073661,-163
SRR12733995,573,G,28451,T,0.103565,-162
SRR12733496,354,G,28361,A,0.12782000000000002,-161
SRR11954226,230,G,27987,T,0.07156900000000001,-160
SRR12733516,369,G,27621,T,0.322034,-159
SRR12733509,364,G,27226,T,0.112633,-158
SRR12733784,472,G,26775,T,0.7891520000000001,-157
SRR12733478,344,G,2659,T,0.08141,-156
SRR11953826,58,G,26211,T,0.28681599999999996,-155
SRR12733433,316,G,29000,T,0.082237,-154
SRR11954289,257,C,25672,T,0.314836,-153
SRR12733966,560,TTTTGGGTGTTTA,21981,T,0.416178,-152
SRR11953753,27,C,25413,T,0.210277,-151
SRR12733570,400,C,14286,T,0.053424,-150
SRR12733995,573,C,14230,T,0.087298,-149
SRR12733853,497,C,13681,A,0.061798,-148
SRR11953866,77,C,13548,T,0.426357,-147
SRR11954114,179,A,26811,G,0.08973500000000001,-146
SRR11954046,152,A,27344,T,0.052381,-145
SRR11954046,152,A,27345,T,0.05006,-144
SRR11954020,138,A,2653,G,0.061094,-143
SRR12733637,429,A,27452,G,0.053003999999999996,-142
SRR11953759,31,C,1346,T,0.095541,-141
SRR12733308,273,C,13430,T,0.17953,-140
SRR11954160,195,C,1326,T,0.10832,-139
SRR11954130,185,C,13197,T,0.150609,-138
SRR11953679,5,A,28886,G,0.24285,-137
SRR11953846,66,C,13170,T,0.233733,-136
SRR11954011,135,C,13115,T,0.225806,-135
SRR12733434,317,A,28699,G,0.054714,-134
SRR11954168,199,C,13051,T,0.164179,-133
SRR11953892,90,C,14396,T,0.303552,-132
SRR11953824,57,C,14724,T,0.358829,-131
SRR11954264,247,A,8203,G,0.06765299999999999,-130
SRR12733784,472,C,17822,T,0.783471,-129
SRR11953813,52,A,25921,T,0.10256400000000002,-128
SRR12733505,363,C,1722,T,0.75,-127
SRR11953673,2,C,17012,T,0.273692,-126
SRR11953821,56,A,26128,C,0.057637,-125
SRR12733496,354,C,16466,T,0.353982,-124
SRR12733284,264,C,1457,T,0.240788,-123
SRR11954100,171,C,16457,T,0.058577,-122
SRR12733982,568,C,16173,T,0.059524,-121
SRR11953855,70,C,16114,A,0.052632000000000005,-120
SRR12733524,375,A,26141,T,0.051019999999999996,-119
SRR12733524,375,A,2647,G,0.19403,-118
SRR12733491,351,C,15579,A,0.076222,-117
SRR12733382,300,C,1528,T,0.07094199999999999,-116
SRR12733433,316,C,14898,T,0.067742,-115
SRR12733360,290,C,16375,T,0.12201600000000001,-114
SRR12733527,377,C,12439,T,0.735849,-113
SRR11953891,89,C,12420,T,0.054622000000000004,-112
SRR11953804,49,C,12132,T,0.601234,-111
SRR11954112,178,C,10207,T,0.126553,-110
SRR12733877,512,A,5570,G,0.052632000000000005,-109
SRR11953754,28,C,10198,T,0.29292399999999996,-108
SRR11954253,241,C,10191,T,0.074349,-107
SRR12733535,383,C,100,T,0.360308,-106
SRR12733514,368,ATTCTACAGG,23469,A,0.1,-105
SRR11954098,169,ATGGTCATGTTATGGT,507,A,0.78022,-104
SRR11953986,124,C,10279,T,0.125367,-103
SRR12733894,518,AG,5198,A,0.07971,-102
SRR11953764,34,C,25452,T,0.454545,-101
SRR12733765,463,AAGTCATTTG,686,A,0.064576,-100
SRR11953972,120,A,6251,G,0.053474,-99
SRR12733999,575,A,6677,G,0.565182,-98
SRR11954255,242,A,6739,G,0.06323200000000001,-97
SRR11953842,64,A,8413,G,0.11084000000000001,-96
SRR12733444,325,A,8399,G,0.055684000000000004,-95
SRR12733448,328,ACGATCGAGTG,29749,A,0.360215,-94
SRR12733544,390,C,10376,T,0.053819000000000006,-93
SRR12733523,374,C,106,T,0.706958,-92
SRR12733890,516,A,555,G,0.06289299999999999,-91
SRR12733509,364,C,12068,T,0.200484,-90
SRR11954109,176,C,1205,T,0.052511,-89
SRR12733860,501,C,11967,T,0.347974,-88
SRR11954244,237,A,29594,G,0.42105299999999996,-87
SRR12733568,399,C,1191,T,0.05036,-86
SRR12733468,339,C,1190,T,0.070117,-85
SRR11953826,58,C,11752,T,0.071145,-84
SRR11954201,219,C,1170,T,0.21269699999999997,-83
SRR12733538,385,A,3500,C,0.067039,-82
SRR12733933,541,A,3816,G,0.199541,-81
SRR11954299,261,C,11575,T,0.100719,-80
SRR12733826,486,C,11563,T,0.076433,-79
SRR11954068,157,A,4773,G,0.06756799999999999,-78
SRR12733663,437,A,507,C,0.12801500000000002,-77
SRR12733763,461,C,11490,G,0.070064,-76
SRR12733528,378,C,11455,T,0.10882,-75
SRR11954196,214,A,5426,C,0.057398000000000005,-74
SRR12733433,316,C,18714,A,0.34670500000000004,-73
SRR12733463,336,C,18828,T,0.315626,-72
SRR11953801,47,A,25223,G,0.113095,-71
SRR11953759,31,A,23267,T,0.06557400000000001,-70
SRR11953886,85,C,23638,T,0.1,-69
SRR11954031,145,C,23625,T,0.323995,-68
SRR12733700,446,C,23557,T,0.131858,-67
SRR12733308,273,C,23240,A,0.176067,-66
SRR11954100,171,A,16514,G,0.061135,-65
SRR11953775,39,C,23103,T,0.301724,-64
SRR12733319,278,A,17062,C,0.052083000000000004,-63
SRR11954011,135,A,1717,T,0.168033,-62
SRR11954264,247,C,22713,T,0.06565700000000001,-61
SRR11954191,211,C,22594,T,0.087982,-60
SRR12733982,568,C,22560,A,0.054216999999999994,-59
SRR12733948,548,C,22450,T,0.09721,-58
SRR11953683,7,A,17805,G,0.18801099999999998,-57
SRR11954050,154,A,2521,T,0.054054,-56
SRR11953729,22,C,22214,A,0.050955,-55
SRR12733509,364,C,23929,T,0.150822,-54
SRR11954048,153,A,19137,C,0.059675,-53
SRR11954214,225,C,24023,T,0.70919,-52
SRR11954050,154,C,24064,T,0.055866,-51
SRR11953821,56,C,25350,T,0.092486,-50
SRR12733450,330,A,11117,G,0.21459,-49
SRR12733766,464,C,25349,T,0.058874,-48
SRR11954239,236,C,25162,T,0.100504,-47
SRR12733809,481,C,25002,T,0.050493,-46
SRR12733865,505,A,11763,G,0.059211,-45
SRR12734123,598,A,11991,G,0.07332999999999999,-44
SRR11954112,178,A,12004,G,0.131923,-43
SRR12733939,545,A,12254,G,0.079123,-42
SRR11954171,200,C,24863,T,0.071217,-41
SRR11954157,193,C,24771,T,0.187747,-40
SRR11954271,249,A,129,G,0.054353,-39
SRR11953964,117,A,13791,C,0.052910000000000006,-38
SRR11953988,125,C,24134,T,0.351306,-37
SRR12733863,504,A,14113,G,0.11461199999999999,-36
SRR12733512,366,A,14185,T,0.086189,-35
SRR12733360,290,A,19443,G,0.348123,-34
SRR11954032,146,C,22264,T,0.623799,-33
SRR11954050,154,A,19812,C,0.051887,-32
SRR11954112,178,C,21658,T,0.772321,-31
SRR12733382,300,C,20234,A,0.076065,-30
SRR11954117,181,C,20148,T,0.231884,-29
SRR12733296,268,C,20133,T,0.054112,-28
SRR12733948,548,C,20,T,0.55661,-27
SRR12733843,494,C,19983,T,0.169811,-26
SRR12733570,400,A,22007,T,0.388889,-25
SRR11953864,75,C,19836,T,0.054374,-24
SRR12733291,267,A,22473,G,0.058824,-23
SRR12733657,435,C,19320,T,0.48145,-22
SRR12733557,395,C,19170,T,0.087302,-21
SRR12733576,404,C,1912,T,0.18015699999999998,-20
SRR11953926,104,A,2296,G,0.054934000000000004,-19
SRR12733648,432,C,19018,T,0.060176,-18
SRR12733965,559,C,19,T,0.666667,-17
SRR11953694,12,A,21625,G,0.09593099999999999,-16
SRR11954264,247,C,20611,T,0.060976,-15
SRR12733894,518,A,781,G,0.07009299999999999,-14
SRR12733446,327,C,20970,T,0.057851,-13
SRR12733290,266,C,2121,A,0.192727,-12
SRR11954120,182,A,20079,T,0.056511,-11
SRR12733348,286,C,21191,T,0.06451599999999999,-10
SRR11953864,75,C,21,T,0.7,-9
SRR12734052,583,C,20946,T,0.071759,-8
SRR11953988,125,C,21614,T,0.297673,-7
SRR12733767,465,C,21077,T,0.11510799999999999,-6
SRR11954186,207,C,21110,T,0.278997,-5
SRR12733284,264,C,21412,A,0.31653600000000004,-4
SRR12733298,269,A,21417,T,0.052033,-3
SRR11953892,90,A,20735,G,0.075263,-2
SRR12733349,287,C,21161,CT,0.050234,-1
