Sample,REF,POS,ALT,AF
SRR11954165,C,20030,T,0.935364
SRR12733765,C,2102,T,0.800872
SRR11954273,C,21058,T,0.991489
SRR11953959,A,17344,G,0.925781
SRR12733499,C,19524,T,0.970494
SRR12733348,C,21191,T,0.064516
SRR12733657,C,19320,T,0.48145
SRR12733837,C,19263,T,0.840466
SRR12733767,C,21077,T,0.115108
SRR11954186,C,21110,T,0.278997
SRR12733554,A,17207,G,0.961039
SRR12733349,C,21161,CT,0.050234
SRR11953834,C,2003,T,0.905466
SRR12733361,C,19884,T,0.952607
SRR11953864,C,21,T,0.7
SRR12733948,C,20,T,0.55661
SRR12734115,C,19859,T,0.901389
SRR11954083,A,18057,G,0.83709
SRR11953683,A,17805,G,0.188011
SRR12733843,C,19983,T,0.169811
SRR12734064,C,20594,T,0.969466
SRR11953871,A,18163,T,0.891304
SRR11953864,C,19836,T,0.054374
SRR11954117,C,20148,T,0.231884
SRR12733446,C,20970,T,0.057851
SRR11953801,C,2061,T,0.889796
SRR11954264,C,20611,T,0.060976
SRR12734025,C,19572,T,0.925378
SRR12733724,C,20806,T,0.881579
SRR11954177,A,17631,G,0.962963
SRR12733609,C,19560,T,0.953781
SRR12733382,C,20234,A,0.076065
SRR12734052,C,20946,T,0.071759
SRR12733933,A,3816,G,0.199541
SRR12733290,C,2121,A,0.192727
SRR12733284,C,21412,A,0.316536
SRR11954171,C,24863,T,0.071217
SRR11954157,C,24771,T,0.187747
SRR11953986,C,24748,T,0.926614
SRR12733660,C,2469,T,0.888889
SRR12733939,A,12254,G,0.079123
SRR11953824,C,24138,T,0.904242
SRR11954271,A,129,G,0.054353
SRR11953686,A,13768,G,0.958437
SRR11953964,A,13791,C,0.05291
SRR11953988,C,24134,T,0.351306
SRR12733863,A,14113,G,0.114612
SRR12733512,A,14185,T,0.086189
SRR11954050,C,24064,T,0.055866
SRR11954214,C,24023,T,0.70919
SRR11953922,C,23996,T,0.919978
SRR11954214,C,24921,T,0.840429
SRR12733809,C,25002,T,0.050493
SRR11954239,C,25162,T,0.100504
SRR12734123,A,11991,G,0.07333
SRR12733554,A,10821,G,0.961722
SRR12733450,A,11117,G,0.21459
SRR11953825,A,11537,G,0.922108
SRR11954195,C,25702,T,0.914388
SRR12733865,A,11763,G,0.059211
SRR12733724,A,11772,G,0.918605
SRR11954289,C,25672,T,0.314836
SRR12733766,C,25349,T,0.058874
SRR12733660,C,25672,A,0.901786
SRR11954125,C,2558,T,0.901804
SRR11954279,C,25572,T,0.926216
SRR12733637,C,25511,T,0.948347
SRR11953753,C,25413,T,0.210277
SRR11953821,C,25350,T,0.092486
SRR12733509,C,23929,T,0.150822
SRR11954173,A,14774,G,0.969262
SRR11954033,A,14912,G,0.931389
SRR11954124,A,16607,G,0.936301
SRR11953729,C,22214,A,0.050955
SRR12733909,C,22120,T,0.935393
SRR11954100,A,16514,G,0.061135
SRR12733841,C,21928,T,0.916373
SRR12733535,C,21789,T,0.92535
SRR11954089,C,21767,T,0.931818
SRR11954112,C,21658,T,0.772321
SRR12733449,C,22326,T,0.942758
SRR12733371,A,17047,G,0.927536
SRR12733629,A,17056,G,0.953498
SRR12733487,C,21646,T,0.936012
SRR12733319,A,17062,C,0.052083
SRR12733654,C,21587,T,0.884746
SRR11954011,A,1717,T,0.168033
SRR11954032,C,22264,T,0.623799
SRR12733948,C,22450,T,0.09721
SRR12733446,C,23854,T,0.922554
SRR12733361,C,23191,T,0.935294
SRR11953886,C,23638,T,0.1
SRR12733700,C,23557,T,0.131858
SRR11953878,C,23502,T,1
SRR11953899,C,23271,T,0.970149
SRR12733308,C,23240,A,0.176067
SRR12733637,C,23202,T,0.931765
SRR11953775,C,23103,T,0.301724
SRR12733982,C,22560,A,0.054217
SRR12733903,A,15847,G,0.947368
SRR12733406,C,22995,A,0.94065
SRR11954264,C,22713,T,0.065657
SRR11954099,C,2263,A,0.914386
SRR11954191,C,22594,T,0.087982
SRR12733303,C,22591,T,0.931724
SRR11954231,C,19220,T,0.908141
SRR12733809,C,17678,T,0.938347
SRR12733557,C,19170,T,0.087302
SRR12733524,A,2647,G,0.19403
SRR11954299,C,11575,T,0.100719
SRR12733826,C,11563,T,0.076433
SRR12733763,C,11490,G,0.070064
SRR12733524,A,26141,T,0.05102
SRR11954106,C,11224,T,0.966102
SRR11954021,C,11109,T,0.988235
SRR12733637,C,10851,T,0.949425
SRR11954020,A,2653,G,0.061094
SRR11953821,A,26128,C,0.057637
SRR12733523,C,106,T,0.706958
SRR11953825,C,10582,T,0.863846
SRR11954114,A,26811,G,0.089735
SRR12733544,C,10376,T,0.053819
SRR12733449,C,10369,T,0.90801
SRR11954046,A,27344,T,0.052381
SRR11953754,C,10198,T,0.292924
SRR11954201,C,1170,T,0.212697
SRR11954155,C,25782,T,0.050703
SRR12733685,C,10138,T,0.924726
SRR12733527,C,12439,T,0.735849
SRR11954011,C,13115,T,0.225806
SRR11954168,C,13051,T,0.164179
SRR11953897,C,12890,T,0.974359
SRR11953704,C,1288,T,0.943742
SRR11953759,C,12789,T,0.946429
SRR12734038,C,12525,T,0.947909
SRR12733890,C,12459,T,0.910891
SRR11953891,C,12420,T,0.054622
SRR11953813,A,25921,T,0.102564
SRR11953682,C,12415,T,0.890909
SRR11953845,C,1221,T,0.924169
SRR12733450,C,1218,T,0.939511
SRR11953804,C,12132,T,0.601234
SRR12733509,C,12068,T,0.200484
SRR11954109,C,1205,T,0.052511
SRR12733860,C,11967,T,0.347974
SRR11954253,C,10191,T,0.074349
SRR11954131,C,10015,T,0.940346
SRR11953846,C,13170,T,0.233733
SRR12733890,A,555,G,0.062893
SRR12733434,A,28699,G,0.054714
SRR11954255,A,6739,G,0.063232
SRR12733999,A,6677,G,0.565182
SRR12733778,A,28792,T,0.9
SRR11953679,A,28886,G,0.24285
SRR11953972,A,6251,G,0.053474
SRR12733877,A,5570,G,0.052632
SRR12734135,A,5431,G,0.844086
SRR12733348,A,28675,T,0.961702
SRR11954196,A,5426,C,0.057398
SRR11954244,A,29594,G,0.421053
SRR12733870,A,5101,T,0.816084
SRR12733538,A,3500,C,0.067039
SRR12733663,A,507,C,0.128015
SRR12733663,A,4905,G,0.934641
SRR12733705,A,3625,T,0.899933
SRR11954279,A,7479,G,0.880599
SRR12733377,A,28370,G,0.813824
SRR12733514,ATTCTACAGG,23469,A,0.1
SRR12733765,AAGTCATTTG,686,A,0.064576
SRR11954098,ATGGTCATGTTATGGT,507,A,0.78022
SRR11954046,A,27345,T,0.05006
SRR12733533,AGGTCTT,1597,A,0.956722
SRR11953756,AGATT,27377,A,0.890909
SRR12733650,A,27383,T,0.929032
SRR12733894,AG,5198,A,0.07971
SRR12733448,ACGATCGAGTG,29749,A,0.360215
SRR12733962,A,9826,G,0.928422
SRR12733830,A,27821,G,0.934104
SRR12733361,A,9483,T,0.961644
SRR12733637,A,27452,G,0.053004
SRR11953842,A,8413,G,0.11084
SRR12733444,A,8399,G,0.055684
SRR11954264,A,8203,G,0.067653
SRR12733503,A,27675,T,0.933333
SRR12733894,A,781,G,0.070093
SRR11953864,C,13130,A,0.90535
SRR11954130,C,13197,T,0.150609
SRR12733371,C,1917,T,0.951613
SRR11953673,C,17012,T,0.273692
SRR12733298,A,21417,T,0.052033
SRR11954177,C,17649,T,0.962264
SRR12733701,C,17569,T,0.896027
SRR11953709,C,17373,T,0.943873
SRR12733870,C,17339,T,0.810892
SRR11953694,A,21625,G,0.095931
SRR12733505,C,1722,T,0.75
SRR12733456,C,17002,T,0.887327
SRR11954068,A,4773,G,0.067568
SRR12733541,C,16985,T,0.939314
SRR11953817,C,16869,T,0.87931
SRR12733449,C,16830,T,0.874422
SRR12733839,A,21684,T,0.888332
SRR12733496,C,16466,T,0.353982
SRR11954100,C,16457,T,0.058577
SRR12733360,C,16375,T,0.122016
SRR11954027,A,20755,C,0.93747
SRR11953892,A,20735,G,0.075263
SRR12733982,C,16173,T,0.059524
SRR12733360,A,19443,G,0.348123
SRR12733576,C,1912,T,0.180157
SRR12733648,C,19018,T,0.060176
SRR12733762,A,18722,T,0.869919
SRR12733965,C,19,T,0.666667
SRR11954048,A,19137,C,0.059675
SRR11953679,A,19155,G,0.93705
SRR11954223,C,18929,T,0.947454
SRR11954050,A,19812,C,0.051887
SRR12733654,A,20481,G,0.948387
SRR12733463,C,18828,T,0.315626
SRR12733606,C,18807,T,0.92952
SRR12733360,C,18788,T,0.932615
SRR11954120,A,20079,T,0.056511
SRR12733433,C,18714,A,0.346705
SRR12733784,C,17822,T,0.783471
SRR11953899,A,20268,G,0.934844
SRR12733291,A,22473,G,0.058824
SRR11953855,C,16114,A,0.052632
SRR12733865,C,13252,T,0.932203
SRR11954050,A,2521,T,0.054054
SRR11953924,C,14177,T,0.931559
SRR12733825,C,14053,T,0.888
SRR12733638,C,14036,T,0.932642
SRR11954027,C,1387,T,0.929312
SRR12733743,A,24260,T,0.868042
SRR11954125,A,2480,G,0.89711
SRR12733685,C,13774,T,0.908432
SRR12733853,C,13681,A,0.061798
SRR12733570,C,14286,T,0.053424
SRR11953801,A,25223,G,0.113095
SRR11953866,C,13548,T,0.426357
SRR12733705,A,25405,G,0.878285
SRR11953759,C,1346,T,0.095541
SRR12733308,C,13430,T,0.17953
SRR12733605,C,13384,T,0.906371
SRR11954160,C,1326,T,0.10832
SRR12733995,C,14230,T,0.087298
SRR12733614,C,14318,T,0.936777
SRR11954203,C,16084,T,0.939655
SRR11953922,C,15324,T,0.947356
SRR12733809,A,22524,T,0.87447
SRR11954021,C,1594,T,0.952756
SRR11953926,A,2296,G,0.054934
SRR11953953,C,15712,A,0.918216
SRR12733905,C,15654,T,0.906902
SRR12733491,C,15579,A,0.076222
SRR11953759,A,23267,T,0.065574
SRR12733382,C,1528,T,0.070942
SRR11953892,C,14396,T,0.303552
SRR12733351,A,23902,T,0.8
SRR12733361,C,15222,T,0.948875
SRR12733483,C,1498,T,0.955556
SRR12733433,C,14898,T,0.067742
SRR11954286,A,24069,C,0.937618
SRR11953824,C,14724,T,0.358829
SRR12733284,C,1457,T,0.240788
SRR12733966,TTTTGGGTGTTTA,21981,T,0.416178
SRR11954082,C,3040,T,0.958738
SRR11953784,C,25792,T,0.93502
SRR11954075,G,28903,A,0.067916
SRR11953726,G,29468,T,0.062016
SRR12733504,G,29449,T,0.932367
SRR11954226,G,29440,A,0.819277
SRR12733957,G,29402,T,0.878173
SRR12733491,G,29279,T,0.95
SRR11953729,G,29260,A,0.070154
SRR11953855,G,29179,T,0.07177
SRR12733433,G,29000,T,0.082237
SRR11954098,G,28980,T,0.8625
SRR11954195,G,28904,T,0.931825
SRR12733536,G,28895,T,0.894737
SRR11954186,G,29628,T,0.918301
SRR11954175,G,28857,T,0.934066
SRR11953806,G,28812,T,0.928414
SRR12733743,G,28805,A,0.335385
SRR11954195,G,28790,A,0.344915
SRR12733433,G,28713,A,0.073661
SRR12733870,G,28460,T,0.841854
SRR12733995,G,28451,T,0.103565
SRR12733592,G,28371,T,0.954855
SRR12733496,G,28361,A,0.12782
SRR11953826,G,28086,T,0.863452
SRR12733705,G,29474,T,0.910089
SRR12733492,G,29688,T,0.902037
SRR12733820,C,26060,A,0.050322
SRR11954264,G,373,A,0.061249
SRR12733520,G,614,A,0.057287
SRR11954239,G,5665,A,0.904013
SRR12733463,G,5515,T,0.352998
SRR11953996,G,5461,T,0.939421
SRR12734078,G,5048,T,0.940207
SRR12733491,G,4951,A,0.910296
SRR11953848,G,4925,T,0.291946
SRR12733499,G,45,C,0.866897
SRR12733949,G,4298,A,0.866071
SRR12733738,G,4255,A,0.88
SRR11953813,G,3689,T,0.060403
SRR12733503,G,29703,A,0.962335
SRR12733576,G,368,T,0.208838
SRR12733462,G,3663,T,0.882727
SRR12733361,G,3304,T,0.098592
SRR12733487,G,3242,A,0.154749
SRR12733765,G,29773,T,0.930851
SRR11954262,G,29751,C,0.962428
SRR12734063,G,29745,A,0.955004
SRR11953888,G,29742,T,0.077562
SRR12733691,G,29742,C,0.065622
SRR11953929,G,29705,T,0.230274
SRR11954074,G,28077,T,0.948718
SRR11954226,G,27987,T,0.071569
SRR12733763,G,27967,T,0.880734
SRR11953704,G,25112,T,0.064192
SRR12733327,G,25720,T,0.972603
SRR12733468,G,25598,T,0.08042
SRR12733863,G,25471,T,0.863467
SRR12733954,G,25471,C,0.938531
SRR12733304,G,25459,C,0.074286
SRR11954231,G,25429,A,0.05045
SRR11953700,G,25352,T,0.921875
SRR12733917,G,25266,T,0.069414
SRR12733462,G,25261,A,0.083429
SRR12733876,G,25135,T,0.9
SRR12733348,G,24893,A,0.911765
SRR12733663,G,27955,T,0.934579
SRR12733713,G,24794,T,0.931035
SRR12733637,G,24781,T,0.941284
SRR12733837,G,24764,T,0.793068
SRR12733690,G,24697,A,0.840377
SRR12733566,G,2448,T,0.953219
SRR12733686,G,24434,T,0.740672
SRR11953723,G,24293,A,0.092147
SRR12733381,G,24020,A,0.091633
SRR12733382,G,23948,C,0.064123
SRR11953912,G,23909,T,0.894804
SRR11954025,G,25767,T,0.058632
SRR12733953,G,25855,T,0.070272
SRR12733441,G,25894,A,0.944276
SRR11953899,G,25978,A,0.939258
SRR12733701,G,27933,A,0.90894
SRR12733650,G,27637,A,0.909091
SRR12733516,G,27621,T,0.322034
SRR12733700,G,27506,T,0.87852
SRR12733650,G,27382,C,0.945338
SRR12733319,G,27282,T,0.951049
SRR12733509,G,27226,T,0.112633
SRR12733504,G,27147,T,0.878407
SRR11954245,G,271,A,0.940909
SRR11953978,G,27074,A,0.884058
SRR12733743,G,26899,A,0.932807
SRR11954022,G,26849,T,0.936503
SRR12733478,G,2659,T,0.08141
SRR12733839,G,26526,T,0.918769
SRR12733778,G,26520,A,0.882353
SRR12733551,G,26428,T,0.934409
SRR12733497,G,2624,A,0.949133
SRR11953826,G,26211,T,0.286816
SRR12733958,G,26152,A,0.940797
SRR11954175,G,26104,A,0.5
SRR11953986,G,25979,T,0.934669
SRR11953700,G,7214,T,0.074468
SRR12733765,G,7393,A,0.062937
SRR11954177,G,7393,T,1
SRR12733435,T,26678,C,0.127907
SRR11953766,T,29036,G,0.896181
SRR12733998,T,2887,C,0.093897
SRR11953837,T,2884,C,0.944881
SRR11954025,T,28735,C,0.479386
SRR12733351,T,28251,C,0.798165
SRR11954267,T,28110,C,0.097786
SRR11954036,T,27922,A,0.054511
SRR12733606,T,27645,C,0.558559
SRR11954198,T,27597,C,0.053254
SRR12733650,T,27384,C,0.935897
SRR11953821,T,26427,C,0.172414
SRR12734038,T,22685,A,0.138273
SRR12733783,T,26327,C,0.051126
SRR11954069,T,26035,C,0.863243
SRR12733872,T,25707,G,0.780165
SRR12733668,T,25265,A,0.895184
SRR12734123,T,25039,C,0.052117
SRR12733743,T,24259,A,0.062215
SRR12733958,T,23968,A,0.062802
SRR12733965,T,23560,C,0.958802
SRR12733472,T,23452,C,0.91954
SRR12733712,T,23032,A,0.144928
SRR12733510,T,2950,C,0.931785
SRR11954173,T,3229,C,0.959402
SRR12734078,T,3460,C,0.916762
SRR11953878,T,3610,G,0.095238
SRR12733765,TTTA,20422,T,0.08042
SRR12733638,TTTA,20338,T,0.989011
SRR12733890,TGTTATG,514,T,0.729927
SRR11953953,TCACCGAGGCCACGCGGAGTACGATCGAGTG,29729,T,0.941176
SRR12733453,TATG,517,T,0.967753
SRR12733448,TACGATCG,29748,T,0.390728
SRR11953826,TAAAAATTACAGAAGAGGTTGG,6516,T,0.114445
SRR12733949,T,9952,A,0.874564
SRR11953986,T,9477,A,0.952991
SRR12733383,T,9157,C,0.662941
SRR12733768,T,8855,A,0.84689
SRR12733767,T,8005,C,0.926829
SRR12733578,T,6394,G,0.950888
SRR12733375,T,5941,A,0.062407
SRR12733778,T,5260,C,0.92
SRR11953759,T,5218,C,0.716418
SRR11954106,T,4949,C,0.710383
SRR11954171,T,4885,C,0.055207
SRR12733922,T,4813,C,0.888889
SRR11954068,T,4771,A,0.060403
SRR12733376,T,4174,C,0.572816
SRR12733462,T,23030,G,0.877855
SRR11954166,T,22657,C,0.050214
SRR12733454,G,7743,T,0.923977
SRR12733444,T,10654,C,0.9375
SRR12733554,T,13250,C,0.38342
SRR11954203,T,13180,C,0.950704
SRR12733363,T,13065,A,0.054
SRR12733957,T,12874,C,0.944681
SRR12733900,T,12015,G,0.260192
SRR12733405,T,11963,C,0.064397
SRR11954197,T,11526,C,0.947883
SRR12733903,T,11227,C,0.931818
SRR11953821,T,10927,A,0.054187
SRR11953679,T,10876,C,0.270494
SRR11954177,T,10129,C,0.990196
SRR11953700,T,22587,G,0.058065
SRR11953746,GTTA,515,G,0.176801
SRR12733503,GCCACGCGGAGTACGATCGAGTGT,29737,G,0.963455
SRR12733446,G,9856,A,0.947649
SRR12733491,G,9584,A,0.925486
SRR12733657,G,947,A,0.895693
SRR12733841,G,891,A,0.183996
SRR12733440,G,8236,T,0.950866
SRR11954232,G,8131,T,0.956821
SRR12733563,G,7954,T,0.76652
SRR11954203,G,7895,A,0.268519
SRR12733705,T,1370,A,0.619342
SRR12733399,T,14232,C,0.066225
SRR12733541,T,14307,C,0.920231
SRR11954219,T,14341,C,0.05291
SRR11954155,T,22549,C,0.079404
SRR12733809,T,21994,C,0.895902
SRR12733354,T,20994,C,0.935065
SRR11954264,T,20883,C,0.093897
SRR11954175,T,20769,C,0.952381
SRR12733841,T,20528,C,0.861786
SRR11953804,T,20401,C,0.904598
SRR12733441,T,19590,C,0.928696
SRR12733700,T,194,A,0.914076
SRR12733998,T,19383,C,0.928571
SRR11954102,T,19025,A,0.054487
SRR11953682,T,18159,C,0.100775
SRR11954068,T,17902,G,0.07874
SRR12733853,T,17190,C,0.085106
SRR12733491,T,17088,A,0.092163
SRR11954161,T,16671,C,0.125
SRR12733304,T,1647,A,0.054054
SRR11953804,T,16077,C,0.926167
SRR12733858,T,15723,C,0.904335
SRR12733497,T,15096,C,0.96028
SRR12733654,T,14508,C,0.943239
SRR11953898,G,23856,T,0.181818
SRR11954086,G,23795,A,0.051724
SRR12733637,G,23608,T,0.945455
SRR11953945,C,3411,T,0.209605
SRR11953897,C,4551,T,0.989691
SRR11953978,C,4475,T,0.157143
SRR11954069,C,4155,A,0.834496
SRR11954083,C,4113,T,0.149686
SRR12733431,C,3773,T,0.068264
SRR11953888,C,3773,A,0.065388
SRR12734051,C,3619,T,0.932584
SRR11954238,C,36,T,0.616667
SRR11953896,C,3589,T,0.090725
SRR11954256,C,3486,T,0.075996
SRR12733682,C,3393,T,0.894575
SRR12733718,C,29679,T,0.89881
SRR12733551,C,337,T,0.965062
SRR12733425,C,3264,T,0.914062
SRR12733444,C,3117,T,0.903509
SRR11954234,C,3096,T,0.074756
SRR11953790,C,3045,T,0.147094
SRR11954251,C,2983,T,0.265037
SRR11954082,C,29750,T,0.965854
SRR12734097,C,29738,T,0.9279
SRR12733705,C,29733,T,0.940763
SRR12733431,C,29708,A,0.830628
SRR12733796,C,4755,T,0.080717
SRR12733903,C,4999,T,0.949416
SRR12733629,C,5192,T,0.161657
SRR11953767,C,5239,T,0.123894
SRR12733993,C,7279,T,0.143885
SRR11954176,C,6840,T,0.058252
SRR11953867,C,6762,T,0.939394
SRR12733500,C,6696,CT,0.054711
SRR12733827,C,6651,T,0.888889
SRR12733444,C,6633,T,0.352941
SRR12733524,C,657,T,0.187251
SRR11953704,C,6541,T,0.859541
SRR11954021,C,6384,T,0.959677
SRR12733826,C,6347,T,0.80819
SRR12733660,C,6255,T,0.088496
SRR11954033,C,619,T,0.913695
SRR11954235,C,6033,T,0.18828
SRR11953766,C,5886,T,0.949477
SRR12733554,C,5826,A,0.059322
SRR11953986,C,5758,T,0.923445
SRR12733431,C,5544,T,0.090594
SRR12733524,C,5526,T,0.180328
SRR12734069,C,5506,A,0.891914
SRR12733998,C,5467,T,0.838926
SRR11954021,C,5298,T,0.75641
SRR12733534,C,29686,T,0.116883
SRR11953899,C,29640,T,0.932765
SRR12733462,C,7390,T,0.952833
SRR11954256,C,27331,T,0.706724
SRR12733705,C,27944,T,0.88859
SRR12733890,C,27920,T,0.938931
SRR12733504,C,27879,T,0.946034
SRR12733438,C,27847,T,0.906824
SRR12733546,C,27737,T,0.821429
SRR11954186,C,27654,T,0.917526
SRR12733414,C,27644,T,0.068063
SRR11954020,C,27610,T,0.062601
SRR11953783,C,27476,T,0.238764
SRR12733496,C,27418,T,0.909091
SRR12733926,C,27213,T,0.056671
SRR12733905,C,29635,T,0.056478
SRR12733870,C,2704,T,0.073357
SRR12733487,C,2695,T,0.211901
SRR11953972,C,26916,T,0.954003
SRR12734123,C,26873,T,0.072959
SRR12733700,C,26810,T,0.07352
SRR12733591,C,26801,T,0.935875
SRR12733685,C,26735,T,0.064622
SRR12733349,C,26456,T,0.527704
SRR12733551,C,26208,T,0.963983
SRR12733700,C,26164,T,0.056795
SRR12733999,C,27970,T,0.680501
SRR12733957,C,27972,T,0.161417
SRR11954112,C,28391,T,0.77989
SRR11954245,C,28399,T,0.083983
SRR12733377,C,29585,T,0.78481
SRR11953707,C,29563,CTA,0.845212
SRR11953988,C,29503,T,0.937051
SRR11954267,C,29416,T,0.154604
SRR12733919,C,29363,T,0.111422
SRR11953964,C,29353,T,0.09375
SRR12733777,C,29311,T,0.182135
SRR12733743,C,29250,T,0.90115
SRR12733938,C,29109,G,0.082969
SRR11953945,C,29077,T,0.212287
SRR12733948,C,28905,T,0.945281
SRR11953855,C,28893,T,0.15942
SRR12733493,C,28890,T,0.935409
SRR11953943,C,28868,T,0.066933
SRR11953986,C,28863,T,0.929493
SRR11954197,C,28776,T,0.20384
SRR12733405,C,28757,T,0.904325
SRR11954021,C,28708,T,0.92
SRR11954226,C,28697,T,0.894737
SRR11954196,C,28647,T,0.077559
SRR12733344,C,28519,T,0.123871
SRR12734051,C,7299,T,0.926829
SRR12733296,C,7401,T,0.098341
SRR11953920,G,23593,C,0.356777
SRR11953824,G,19481,T,0.962424
SRR12733768,G,20247,T,0.985294
SRR11954028,G,20062,T,0.569557
SRR12733851,G,20056,A,0.888889
SRR12733371,G,20005,A,0.966387
SRR12733764,G,19900,T,0.928571
SRR11953763,G,199,T,0.171332
SRR11954089,G,19872,T,0.609127
SRR11953765,G,19825,T,0.847222
SRR12733523,G,1957,A,0.664359
SRR12733409,G,19525,T,0.962513
SRR12733637,G,19231,A,0.943662
SRR12733865,G,17480,A,0.142857
SRR11954048,G,19132,T,0.058624
SRR12733915,G,18898,A,0.449782
SRR11953790,G,1868,A,0.772492
SRR12733361,G,18636,T,0.943503
SRR12733766,G,18546,T,0.884946
SRR12733517,G,18397,T,0.199444
SRR11953755,G,18225,T,0.078014
SRR11954207,G,1821,A,0.081818
SRR11953864,G,1820,A,0.171742
SRR11953682,G,18160,A,0.1
SRR11954160,G,20578,T,0.050864
SRR11953954,G,20718,T,0.856598
SRR12733614,G,2081,T,0.325651
SRR12734063,G,20940,A,0.93488
SRR12733858,G,23463,T,0.890006
SRR12733592,G,22918,A,0.974026
SRR12733492,G,22899,T,0.934097
SRR12733303,G,2272,A,0.091963
SRR11953986,G,22708,T,0.946324
SRR11954017,G,22361,T,0.969512
SRR12733513,G,22104,T,0.959159
SRR12733499,G,21986,A,0.92649
SRR12733481,G,21985,T,0.08284
SRR12733916,G,21938,T,0.275322
SRR12733954,G,21785,A,0.946176
SRR12733624,G,21746,C,0.909548
SRR12733765,G,21724,T,0.905213
SRR12733701,G,21718,T,0.871841
SRR12733541,G,21569,T,0.916024
SRR12733541,G,21569,GT,0.06863
SRR12733541,G,21565,GT,0.076359
SRR11954086,G,21533,A,0.06962
SRR11954125,G,2144,T,0.905572
SRR12733349,G,21101,GT,0.057644
SRR11954203,G,21055,A,0.081967
SRR11954226,G,18106,T,0.892713
SRR12733496,G,1729,A,0.173333
SRR11954082,C,7764,T,0.115479
SRR12733361,C,9169,T,0.9056
SRR12733462,G,10642,T,0.937886
SRR12733319,CG,25854,C,0.067511
SRR12733841,CAGTGAACAAT,29762,C,0.107847
SRR11954226,C,9996,T,0.126703
SRR12733315,C,9969,T,0.913735
SRR11954021,C,9891,T,0.927536
SRR12733425,C,9811,T,0.881356
SRR11954287,C,9714,T,0.108094
SRR11954105,C,958,T,0.917365
SRR11954289,C,9430,T,0.383028
SRR11954145,C,9165,A,0.894144
SRR12733876,G,16843,A,0.235294
SRR12733993,C,8982,T,0.071327
SRR11953992,C,8950,T,0.942857
SRR12733354,C,8860,T,0.081505
SRR12733525,C,8760,T,0.247253
SRR11954021,C,8730,A,0.990385
SRR12733863,C,8299,T,0.387022
SRR11953879,C,8228,T,0.586446
SRR11953784,C,8139,T,0.343407
SRR11953683,C,8090,T,0.935798
SRR11954226,C,7851,T,0.411765
SRR12733700,G,11447,A,0.908218
SRR11953837,G,11534,A,0.91163
SRR12733916,G,116,A,0.421196
SRR11953867,G,11801,A,0.054264
SRR11953986,G,1658,A,0.937901
SRR11953826,G,16496,T,0.269333
SRR12733839,G,1636,A,0.932049
SRR11953878,G,16204,C,0.062201
SRR11953953,G,16182,A,0.094241
SRR11953888,G,160,A,0.815951
SRR12733851,G,15760,A,0.872289
SRR11953755,G,15594,T,0.128
SRR11953972,G,15243,T,0.228373
SRR12733483,G,14773,T,0.946512
SRR12734123,G,14449,T,0.462946
SRR11954099,G,14428,T,0.210526
SRR11954246,G,14126,T,0.064241
SRR12734087,G,1383,T,0.053125
SRR11954168,G,13617,A,0.426752
SRR11954261,G,13235,T,0.072125
SRR12733441,G,13201,A,0.25016
SRR12733876,G,13126,T,0.915556
SRR11954136,G,1274,T,0.941176
SRR12733876,G,1268,A,0.90411
SRR12733650,G,12322,A,0.055184
SRR11954203,A,10317,G,0.943503
