,Unnamed: 0,Unnamed: 0.1,REF,POS,ALT,MinAF,MaxAF,NumSamples,SampleNames,MutationCluster
0,0,0,A,31,C,0.20261400000000002,0.8125,51,"ERR4603808,ERR4603842,ERR4603851,ERR4603893,ERR4604023,ERR4603959,ERR4603933,ERR4603713,ERR4603947,ERR4603981,ERR4603722,ERR4604151,ERR4603790,ERR4603882,ERR4604051,ERR4603711,ERR4604047,ERR4604110,ERR4603887,ERR4603791,ERR4604140,ERR4603754,ERR4604101,ERR4603960,ERR4604042,ERR4604077,ERR4604150,ERR4603913,ERR4603726,ERR4603870,ERR4603965,ERR4603941,ERR4604074,ERR4603841,ERR4604169,ERR4603853,ERR4603897,ERR4603911,ERR4604061,ERR4603998,ERR4603755,ERR4603877,ERR4604099,ERR4603884,ERR4604174,ERR4603860,ERR4603984,ERR4604163,ERR4604111,ERR4604095,ERR4604118",148
1,1,1,C,71,A,0.060574,0.207792,3,"ERR4604144,ERR4604050,ERR4604040",149
2,2,2,G,72,A,0.057241,0.5,4,"ERR4604135,ERR4604164,ERR4604189,ERR4604027",150
3,3,3,A,187,G,0.902401,0.9743120000000001,5,"ERR4603875,ERR4604107,ERR4604012,ERR4603709,ERR4603786",48
4,4,4,C,241,T,0.266268,1.0,405,"ERR4604047,ERR4604032,ERR4604163,ERR4604124,ERR4604134,ERR4603790,ERR4603838,ERR4603756,ERR4603875,ERR4603915,ERR4604127,ERR4603993,ERR4603907,ERR4603853,ERR4603891,ERR4603953,ERR4603759,ERR4604187,ERR4603746,ERR4603795,ERR4604204,ERR4604016,ERR4604166,ERR4604101,ERR4604142,ERR4603955,ERR4604028,ERR4604157,ERR4604193,ERR4604059,ERR4603737,ERR4603881,ERR4603863,ERR4603926,ERR4604068,ERR4603758,ERR4603782,ERR4604175,ERR4604136,ERR4604033,ERR4604046,ERR4603714,ERR4603964,ERR4603985,ERR4603914,ERR4603809,ERR4604061,ERR4603921,ERR4603768,ERR4604190,ERR4604095,ERR4604039,ERR4604139,ERR4603765,ERR4604067,ERR4603791,ERR4603902,ERR4603794,ERR4604146,ERR4603908,ERR4604050,ERR4603729,ERR4603784,ERR4604006,ERR4604177,ERR4603862,ERR4603832,ERR4604086,ERR4604105,ERR4603888,ERR4604100,ERR4604107,ERR4604169,ERR4603990,ERR4603981,ERR4603726,ERR4603755,ERR4603816,ERR4603779,ERR4604080,ERR4603772,ERR4604093,ERR4603941,ERR4603848,ERR4604051,ERR4604179,ERR4603719,ERR4603724,ERR4603801,ERR4604087,ERR4604102,ERR4603834,ERR4604174,ERR4603912,ERR4603710,ERR4603820,ERR4604132,ERR4603878,ERR4604150,ERR4604148,ERR4604205,ERR4603821,ERR4604085,ERR4603963,ERR4603748,ERR4603825,ERR4604010,ERR4603843,ERR4603936,ERR4604030,ERR4603725,ERR4604040,ERR4603909,ERR4604053,ERR4604024,ERR4603840,ERR4603999,ERR4603876,ERR4603970,ERR4604089,ERR4604145,ERR4603802,ERR4604022,ERR4603870,ERR4604019,ERR4603962,ERR4604056,ERR4604180,ERR4604129,ERR4603846,ERR4603830,ERR4603762,ERR4604108,ERR4604043,ERR4604138,ERR4604020,ERR4604117,ERR4603974,ERR4603819,ERR4603858,ERR4604110,ERR4603793,ERR4604149,ERR4603792,ERR4603931,ERR4603937,ERR4604171,ERR4603841,ERR4603857,ERR4603979,ERR4604111,ERR4603717,ERR4603992,ERR4603889,ERR4603879,ERR4604088,ERR4604207,ERR4604013,ERR4603988,ERR4603730,ERR4603721,ERR4603874,ERR4603799,ERR4603975,ERR4603905,ERR4603978,ERR4603996,ERR4603753,ERR4603783,ERR4603958,ERR4603948,ERR4603852,ERR4603764,ERR4604185,ERR4603775,ERR4603708,ERR4603986,ERR4604178,ERR4604000,ERR4603968,ERR4603774,ERR4604112,ERR4604192,ERR4603972,ERR4604170,ERR4604072,ERR4603728,ERR4603815,ERR4604049,ERR4603877,ERR4603812,ERR4603864,ERR4604090,ERR4604058,ERR4603995,ERR4603789,ERR4604002,ERR4603920,ERR4603898,ERR4604042,ERR4603855,ERR4603709,ERR4604034,ERR4603951,ERR4603739,ERR4604014,ERR4604141,ERR4603901,ERR4604062,ERR4603973,ERR4603934,ERR4603813,ERR4603899,ERR4603787,ERR4603943,ERR4603850,ERR4603944,ERR4604206,ERR4603828,ERR4604197,ERR4603957,ERR4604036,ERR4604176,ERR4603947,ERR4603835,ERR4603885,ERR4604075,ERR4604167,ERR4603989,ERR4604073,ERR4604008,ERR4604004,ERR4603982,ERR4604126,ERR4603761,ERR4604038,ERR4604113,ERR4603785,ERR4603967,ERR4603938,ERR4604082,ERR4603740,ERR4603822,ERR4603733,ERR4603893,ERR4603940,ERR4604135,ERR4604208,ERR4603952,ERR4603971,ERR4603718,ERR4603781,ERR4603797,ERR4604076,ERR4603844,ERR4603880,ERR4603751,ERR4604026,ERR4603854,ERR4603735,ERR4603976,ERR4603804,ERR4604168,ERR4603991,ERR4603836,ERR4603806,ERR4604172,ERR4603856,ERR4603851,ERR4603766,ERR4603839,ERR4603738,ERR4603895,ERR4604098,ERR4603983,ERR4603977,ERR4603734,ERR4603998,ERR4604181,ERR4603760,ERR4603925,ERR4604063,ERR4603884,ERR4603716,ERR4604153,ERR4604164,ERR4604186,ERR4603904,ERR4604184,ERR4604200,ERR4604083,ERR4603954,ERR4603752,ERR4603805,ERR4603949,ERR4603727,ERR4604078,ERR4603871,ERR4604198,ERR4604079,ERR4604210,ERR4603763,ERR4604131,ERR4603886,ERR4603849,ERR4603814,ERR4604137,ERR4604015,ERR4603786,ERR4604054,ERR4604084,ERR4603771,ERR4604096,ERR4604165,ERR4603883,ERR4603913,ERR4604091,ERR4604115,ERR4603900,ERR4603896,ERR4603956,ERR4603745,ERR4603829,ERR4604037,ERR4604011,ERR4604189,ERR4604003,ERR4603715,ERR4603837,ERR4604097,ERR4604161,ERR4604031,ERR4604021,ERR4604048,ERR4603965,ERR4604069,ERR4604133,ERR4604057,ERR4604005,ERR4603980,ERR4603918,ERR4604052,ERR4604158,ERR4604001,ERR4603869,ERR4604155,ERR4604055,ERR4603817,ERR4603924,ERR4604103,ERR4603917,ERR4604152,ERR4603922,ERR4603796,ERR4604027,ERR4604191,ERR4603780,ERR4603731,ERR4604183,ERR4603887,ERR4603744,ERR4604116,ERR4604118,ERR4603823,ERR4604094,ERR4603713,ERR4603722,ERR4603882,ERR4604099,ERR4604173,ERR4603923,ERR4603873,ERR4603930,ERR4604140,ERR4604029,ERR4603749,ERR4603777,ERR4604009,ERR4603833,ERR4603770,ERR4604106,ERR4604071,ERR4603860,ERR4603757,ERR4604182,ERR4603741,ERR4603994,ERR4603933,ERR4603859,ERR4604070,ERR4604023,ERR4604144,ERR4603845,ERR4604077,ERR4603711,ERR4603808,ERR4603894,ERR4604143,ERR4604162,ERR4604119,ERR4603897,ERR4604195,ERR4604074,ERR4604060,ERR4603788",0
5,5,5,C,313,T,0.17441700000000002,0.9272729999999999,15,"ERR4604105,ERR4604111,ERR4603907,ERR4603926,ERR4604051,ERR4603858,ERR4603982,ERR4604001,ERR4604158,ERR4603814,ERR4603917,ERR4604071,ERR4603882,ERR4604119,ERR4604072",1
6,6,6,C,321,T,0.090909,0.428571,12,"ERR4603897,ERR4603711,ERR4604163,ERR4604061,ERR4604111,ERR4603722,ERR4604174,ERR4603877,ERR4603984,ERR4603790,ERR4604077,ERR4604095",2
7,7,7,C,335,T,0.12036400000000001,0.250983,2,"ERR4604141,ERR4604022",3
8,8,8,C,364,T,0.8161390000000001,0.985024,12,"ERR4603959,ERR4603778,ERR4604160,ERR4603929,ERR4603818,ERR4603773,ERR4603950,ERR4604044,ERR4603861,ERR4604121,ERR4604123,ERR4603810",4
9,9,9,G,377,T,0.948781,0.953833,3,"ERR4603840,ERR4603877,ERR4604027",5
10,10,10,ATGGTCATGTTATGGT,507,A,0.059567999999999996,0.665116,10,"ERR4604018,ERR4603824,ERR4603879,ERR4604173,ERR4603847,ERR4603721,ERR4604124,ERR4604025,ERR4604144,ERR4603833",399
12,11,12,GGTCATGTTA,509,G,0.11684800000000001,0.19833,2,"ERR4604071,ERR4603985",395
11,12,11,GGTCATGTTATGGTT,509,G,0.062305999999999986,0.666274,4,"ERR4603772,ERR4603833,ERR4604154,ERR4603978",400
13,13,13,TGTTATG,514,T,0.054246,0.48845900000000003,2,"ERR4603721,ERR4603749",394
14,14,14,C,593,T,0.414013,0.8702610000000001,3,"ERR4604081,ERR4604147,ERR4603878",9
15,15,15,G,613,T,0.899191,0.921348,5,"ERR4603747,ERR4603723,ERR4603769,ERR4604045,ERR4604066",6
16,16,16,C,635,T,0.050561,0.11719,6,"ERR4603901,ERR4603719,ERR4604207,ERR4604135,ERR4603819,ERR4603921",8
17,17,17,G,663,T,0.050147000000000004,0.058779,2,"ERR4603832,ERR4603932",7
18,18,18,G,675,C,0.066639,0.084509,2,"ERR4603880,ERR4603932",141
19,19,19,AAAGTCATTT,685,A,0.053184,1.0,9,"ERR4604194,ERR4603742,ERR4603928,ERR4603919,ERR4604019,ERR4603756,ERR4603833,ERR4604071,ERR4603978",398
20,20,20,C,823,T,0.175222,0.44421499999999997,2,"ERR4603866,ERR4603912",10
21,21,21,C,842,T,0.086086,0.9146719999999999,3,"ERR4603879,ERR4603823,ERR4603990",11
22,22,22,C,850,T,0.727291,0.759358,2,"ERR4604041,ERR4604100",12
23,23,23,G,942,A,0.12261500000000004,0.600639,2,"ERR4604067,ERR4604020",142
24,24,24,G,1008,T,0.9501,0.960191,2,"ERR4603959,ERR4603773",13
25,25,25,C,1059,T,0.848606,0.968339,17,"ERR4603870,ERR4604193,ERR4603953,ERR4604087,ERR4603830,ERR4603839,ERR4603739,ERR4603766,ERR4603934,ERR4603749,ERR4604184,ERR4603896,ERR4604038,ERR4604099,ERR4604170,ERR4604098,ERR4604156",14
26,26,26,C,1102,T,0.068261,0.389558,2,"ERR4604156,ERR4604144",15
27,27,27,C,1190,T,0.8775200000000001,0.901372,3,"ERR4603911,ERR4603919,ERR4603928",16
28,28,28,C,1191,T,0.744117,0.8991020000000001,2,"ERR4603842,ERR4604149",17
29,29,29,G,1337,T,0.058200999999999996,0.075188,2,"ERR4603955,ERR4603853",28
30,30,30,C,1348,A,0.882301,0.9171030000000001,3,"ERR4603883,ERR4604069,ERR4603849",138
31,31,31,C,1385,T,0.091762,0.9205120000000001,3,"ERR4603822,ERR4603940,ERR4603948",18
32,32,32,G,1440,A,0.805311,0.893443,8,"ERR4604045,ERR4603932,ERR4604066,ERR4603946,ERR4603723,ERR4603747,ERR4603935,ERR4603769",139
33,33,33,C,1457,T,0.061434,0.41494200000000003,3,"ERR4604164,ERR4603912,ERR4603775",19
34,34,34,C,1514,T,0.050302,0.895426,3,"ERR4603873,ERR4604078,ERR4603857",20
35,35,35,A,1573,G,0.050347,0.571429,21,"ERR4603834,ERR4604202,ERR4603953,ERR4603961,ERR4603803,ERR4603955,ERR4603768,ERR4603964,ERR4603982,ERR4603746,ERR4603853,ERR4603941,ERR4603959,ERR4604127,ERR4603841,ERR4603902,ERR4604019,ERR4603784,ERR4603903,ERR4603809,ERR4603866",30
36,36,36,AATG,1604,A,0.677398,1.0,17,"ERR4603742,ERR4604114,ERR4604125,ERR4603961,ERR4603872,ERR4604154,ERR4604201,ERR4603826,ERR4604202,ERR4603906,ERR4604130,ERR4603842,ERR4603754,ERR4603939,ERR4603767,ERR4604194,ERR4603788",390
37,37,37,C,1609,T,0.61582,0.9855309999999999,2,"ERR4603932,ERR4604208",21
38,38,38,CA,1628,C,0.055452,0.069599,2,"ERR4603747,ERR4603834",140
39,39,39,C,1684,T,0.075119,0.9363819999999999,2,"ERR4604044,ERR4603825",22
40,40,40,T,1778,C,0.7022930000000001,0.893366,5,"ERR4604043,ERR4604205,ERR4603838,ERR4604089,ERR4603915",132
41,41,41,T,1813,TA,0.076153,0.118748,2,"ERR4604134,ERR4603970",143
42,42,42,G,1820,A,0.514184,0.9110729999999999,3,"ERR4603800,ERR4603854,ERR4603793",133
43,43,43,C,1884,T,0.838791,0.888317,10,"ERR4604100,ERR4604095,ERR4603748,ERR4604159,ERR4604005,ERR4604200,ERR4604024,ERR4604068,ERR4603855,ERR4603936",23
44,44,44,A,1904,G,0.643333,0.9489540000000001,3,"ERR4604202,ERR4604125,ERR4603788",47
45,45,45,C,1912,T,0.286558,0.9769530000000001,3,"ERR4603746,ERR4604014,ERR4603713",24
46,46,46,C,1959,T,0.948052,0.9823280000000001,7,"ERR4603932,ERR4603747,ERR4603769,ERR4604066,ERR4603723,ERR4603946,ERR4604045",25
47,47,47,C,2084,T,0.07234,0.423098,2,"ERR4603802,ERR4604073",26
48,48,48,C,2091,T,0.068226,0.8707889999999999,2,"ERR4603807,ERR4604194",27
49,49,49,G,2100,T,0.828925,0.8808370000000001,3,"ERR4604154,ERR4603826,ERR4603939",29
50,50,50,G,2144,A,0.053537,0.076336,2,"ERR4603847,ERR4604040",156
51,51,51,GT,2167,G,0.06562899999999999,0.173723,3,"ERR4603985,ERR4604017,ERR4603778",370
52,52,52,G,2258,A,0.941765,0.9470069999999999,2,"ERR4604201,ERR4604154",155
53,53,53,GA,2273,G,0.05665700000000001,0.095238,2,"ERR4604015,ERR4604148",131
54,54,54,C,2416,T,0.13628099999999999,0.8706290000000001,23,"ERR4603955,ERR4604100,ERR4603777,ERR4603853,ERR4603728,ERR4603710,ERR4603834,ERR4603748,ERR4604024,ERR4604155,ERR4603841,ERR4603936,ERR4604095,ERR4603855,ERR4604005,ERR4603821,ERR4604200,ERR4604141,ERR4603719,ERR4604159,ERR4604068,ERR4604164,ERR4604135",31
55,55,55,A,2480,G,0.846517,0.951535,8,"ERR4603987,ERR4603798,ERR4604109,ERR4604203,ERR4604017,ERR4604025,ERR4603927,ERR4604065",34
56,56,56,C,2502,T,0.133803,0.201785,3,"ERR4603841,ERR4603853,ERR4603955",32
57,57,57,C,2558,T,0.5919300000000001,0.9866659999999999,23,"ERR4603987,ERR4603798,ERR4604199,ERR4604109,ERR4603892,ERR4604025,ERR4603927,ERR4603942,ERR4604203,ERR4603750,ERR4604064,ERR4604017,ERR4604188,ERR4603776,ERR4604081,ERR4604151,ERR4604147,ERR4603969,ERR4604104,ERR4604007,ERR4603865,ERR4604065,ERR4604074",33
58,58,58,C,2842,T,0.9268290000000001,0.950068,2,"ERR4604066,ERR4604045",37
59,59,59,G,2891,A,0.9756100000000001,0.99187,7,"ERR4603932,ERR4603946,ERR4604066,ERR4603747,ERR4603935,ERR4603769,ERR4603723",136
60,60,60,C,3037,T,0.22897699999999999,0.893015,416,"ERR4604166,ERR4604046,ERR4603953,ERR4603795,ERR4603809,ERR4603729,ERR4603758,ERR4603756,ERR4604187,ERR4603964,ERR4604190,ERR4603891,ERR4604016,ERR4604086,ERR4603878,ERR4604175,ERR4603921,ERR4604028,ERR4603993,ERR4604033,ERR4604006,ERR4604146,ERR4603863,ERR4603902,ERR4604157,ERR4603907,ERR4604204,ERR4604136,ERR4604032,ERR4603914,ERR4603915,ERR4603784,ERR4603746,ERR4604139,ERR4604015,ERR4604124,ERR4603875,ERR4603862,ERR4604169,ERR4603714,ERR4603881,ERR4603853,ERR4603782,ERR4604059,ERR4603926,ERR4604193,ERR4603908,ERR4603791,ERR4604142,ERR4603955,ERR4604127,ERR4603768,ERR4603737,ERR4603990,ERR4603794,ERR4604093,ERR4604087,ERR4603841,ERR4603832,ERR4604156,ERR4603765,ERR4603968,ERR4603759,ERR4604073,ERR4603979,ERR4604095,ERR4604132,ERR4604110,ERR4604096,ERR4604047,ERR4603870,ERR4603777,ERR4603901,ERR4604051,ERR4603785,ERR4604052,ERR4603844,ERR4603790,ERR4603982,ERR4604105,ERR4604082,ERR4603821,ERR4603717,ERR4603991,ERR4603827,ERR4604107,ERR4603843,ERR4603816,ERR4603804,ERR4604072,ERR4603710,ERR4603801,ERR4604061,ERR4603820,ERR4604055,ERR4603965,ERR4604056,ERR4603992,ERR4604077,ERR4603895,ERR4604009,ERR4603893,ERR4603912,ERR4603848,ERR4604206,ERR4604183,ERR4603860,ERR4604080,ERR4604149,ERR4603753,ERR4603997,ERR4604000,ERR4604106,ERR4603764,ERR4603779,ERR4603822,ERR4603974,ERR4604118,ERR4604013,ERR4604103,ERR4603813,ERR4604163,ERR4603852,ERR4603815,ERR4604084,ERR4603933,ERR4604150,ERR4604177,ERR4603783,ERR4604022,ERR4604050,ERR4603749,ERR4603978,ERR4603963,ERR4604027,ERR4603755,ERR4604102,ERR4604101,ERR4603761,ERR4603884,ERR4603840,ERR4604198,ERR4604192,ERR4603998,ERR4603981,ERR4604100,ERR4603972,ERR4603980,ERR4603854,ERR4603799,ERR4603786,ERR4603741,ERR4604036,ERR4603988,ERR4604005,ERR4604143,ERR4604058,ERR4604020,ERR4604174,ERR4603789,ERR4603994,ERR4604195,ERR4604164,ERR4603837,ERR4603944,ERR4604135,ERR4603766,ERR4604010,ERR4603733,ERR4604116,ERR4603897,ERR4604191,ERR4603814,ERR4603845,ERR4603876,ERR4603995,ERR4604062,ERR4603718,ERR4603900,ERR4603882,ERR4604035,ERR4604152,ERR4604111,ERR4604112,ERR4603751,ERR4603839,ERR4604170,ERR4604067,ERR4604099,ERR4603728,ERR4603996,ERR4604043,ERR4603986,ERR4604053,ERR4603763,ERR4604167,ERR4603880,ERR4604021,ERR4604085,ERR4603983,ERR4603775,ERR4604034,ERR4603850,ERR4603977,ERR4603805,ERR4603936,ERR4604068,ERR4604179,ERR4604019,ERR4603725,ERR4603831,ERR4603948,ERR4604004,ERR4604155,ERR4603954,ERR4603874,ERR4603924,ERR4603819,ERR4604026,ERR4604189,ERR4603835,ERR4604029,ERR4603898,ERR4604070,ERR4604115,ERR4603808,ERR4603823,ERR4603797,ERR4603744,ERR4603883,ERR4604140,ERR4604091,ERR4603913,ERR4603917,ERR4603922,ERR4604083,ERR4604172,ERR4603962,ERR4603730,ERR4604094,ERR4603771,ERR4603909,ERR4603873,ERR4604159,ERR4603879,ERR4603721,ERR4604131,ERR4603967,ERR4603952,ERR4603722,ERR4604158,ERR4604008,ERR4603780,ERR4604133,ERR4603757,ERR4604182,ERR4604129,ERR4604031,ERR4603792,ERR4603713,ERR4603973,ERR4603846,ERR4603887,ERR4603905,ERR4603937,ERR4604014,ERR4603719,ERR4604069,ERR4604176,ERR4603806,ERR4604024,ERR4604165,ERR4603724,ERR4603941,ERR4603734,ERR4603739,ERR4603752,ERR4603858,ERR4603735,ERR4604117,ERR4604108,ERR4603894,ERR4603760,ERR4603856,ERR4603957,ERR4603871,ERR4604098,ERR4604161,ERR4603859,ERR4603864,ERR4603727,ERR4604126,ERR4603745,ERR4604145,ERR4604078,ERR4604173,ERR4603836,ERR4603748,ERR4603975,ERR4603869,ERR4603828,ERR4603920,ERR4603938,ERR4604205,ERR4603787,ERR4603793,ERR4603740,ERR4603847,ERR4604137,ERR4603918,ERR4604063,ERR4604011,ERR4603770,ERR4604184,ERR4603951,ERR4604141,ERR4603711,ERR4603709,ERR4603857,ERR4603743,ERR4604171,ERR4604162,ERR4603931,ERR4603958,ERR4604048,ERR4603896,ERR4603930,ERR4604012,ERR4603985,ERR4603925,ERR4604042,ERR4604097,ERR4603708,ERR4603738,ERR4603976,ERR4604001,ERR4604113,ERR4603817,ERR4604168,ERR4603934,ERR4604181,ERR4603716,ERR4603956,ERR4603971,ERR4604178,ERR4603715,ERR4603885,ERR4604037,ERR4603726,ERR4603943,ERR4603989,ERR4603877,ERR4604003,ERR4603940,ERR4604088,ERR4603812,ERR4603731,ERR4604079,ERR4604038,ERR4603796,ERR4604071,ERR4604090,ERR4603947,ERR4604153,ERR4603888,ERR4604075,ERR4604186,ERR4603970,ERR4603849,ERR4604049,ERR4603886,ERR4603762,ERR4604148,ERR4603910,ERR4603851,ERR4604200,ERR4604138,ERR4604057,ERR4604134,ERR4603899,ERR4604196,ERR4604039,ERR4604210,ERR4604089,ERR4603834,ERR4603999,ERR4604054,ERR4604197,ERR4603774,ERR4604040,ERR4604180,ERR4603825,ERR4604030,ERR4603923,ERR4603949,ERR4604002,ERR4604023,ERR4603833,ERR4603781,ERR4603829,ERR4604185,ERR4604207,ERR4604208,ERR4604076,ERR4603772,ERR4603855,ERR4603904,ERR4603830,ERR4604202,ERR4603889,ERR4603838,ERR4603720,ERR4604119,ERR4604060,ERR4604074,ERR4603788",36
61,61,61,C,3096,T,0.080702,0.934729,2,"ERR4603945,ERR4603832",35
62,62,62,AAT,3102,A,0.068493,0.095238,2,"ERR4603759,ERR4604024",389
63,63,63,G,3230,A,0.093943,0.967093,15,"ERR4603795,ERR4603976,ERR4603755,ERR4604186,ERR4603852,ERR4604149,ERR4604167,ERR4604062,ERR4604172,ERR4604140,ERR4603835,ERR4603965,ERR4604133,ERR4604054,ERR4603918",135
64,64,64,C,3373,A,0.8507399999999999,0.8767280000000001,4,"ERR4603815,ERR4603740,ERR4604021,ERR4603715",134
65,65,65,C,3411,T,0.167296,0.8064859999999999,2,"ERR4603896,ERR4604169",44
66,66,66,G,3483,T,0.050774,0.09596,2,"ERR4604207,ERR4603982",38
67,67,67,C,3510,T,0.06379800000000001,0.9532299999999999,2,"ERR4604001,ERR4604105",43
68,68,68,C,3602,T,0.9236280000000001,0.9668,4,"ERR4603926,ERR4604103,ERR4604067,ERR4604020",39
69,69,69,C,3737,T,0.385469,0.935752,2,"ERR4604021,ERR4604099",40
70,70,70,T,3739,C,0.06815,0.10884400000000001,2,"ERR4603775,ERR4603749",152
71,71,71,T,3825,C,0.864247,0.973814,3,"ERR4604051,ERR4604071,ERR4604119",151
72,72,72,C,3990,T,0.6258319999999999,0.7352390000000001,4,"ERR4603838,ERR4604205,ERR4604089,ERR4603915",41
73,73,73,C,4002,T,0.7674949999999999,0.9079389999999999,2,"ERR4603914,ERR4604063",42
74,74,74,C,4158,T,0.105826,0.903489,3,"ERR4604025,ERR4603910,ERR4603962",45
75,75,75,G,4232,T,0.6926479999999999,0.846671,2,"ERR4604182,ERR4604072",46
76,76,76,T,4481,A,0.051627,0.076149,2,"ERR4603970,ERR4603878",154
77,77,77,TTTACTTTTACACCAGTAAAACAACTG,4530,T,0.052174,0.057863,2,"ERR4603857,ERR4604179",401
78,78,78,C,4795,T,0.6843130000000001,0.8730680000000001,9,"ERR4604009,ERR4603837,ERR4603974,ERR4604116,ERR4603822,ERR4604182,ERR4603940,ERR4603753,ERR4604072",49
79,79,79,C,4893,T,0.06003500000000001,0.951649,3,"ERR4603860,ERR4604023,ERR4603940",50
80,80,80,G,5017,T,0.052288,0.322581,4,"ERR4603955,ERR4604166,ERR4604169,ERR4603821",54
81,81,81,C,5144,T,0.055888,0.243353,2,"ERR4604163,ERR4604154",51
82,82,82,TG,5231,T,0.054262,0.077276,2,"ERR4604194,ERR4604162",378
83,83,83,C,5284,T,0.11823299999999999,0.9452020000000001,3,"ERR4603732,ERR4603868,ERR4604119",52
84,84,84,C,5497,T,0.120968,0.850299,2,"ERR4604156,ERR4603895",53
85,85,85,T,5507,A,0.122876,0.978758,11,"ERR4603794,ERR4603714,ERR4604079,ERR4603951,ERR4603812,ERR4604163,ERR4603717,ERR4604153,ERR4603970,ERR4603785,ERR4604054",153
86,86,86,A,5563,G,0.181818,0.647059,2,"ERR4603732,ERR4604119",55
87,87,87,AT,5725,A,0.050314,0.05467999999999999,2,"ERR4604067,ERR4603880",382
88,88,88,C,5826,T,0.6081449999999999,0.925581,3,"ERR4604125,ERR4604202,ERR4603788",56
89,89,89,C,5869,T,0.936903,0.939242,2,"ERR4604011,ERR4603941",57
90,90,90,C,6027,T,0.119925,0.9545899999999999,4,"ERR4603732,ERR4603868,ERR4604119,ERR4603994",58
91,91,91,C,6040,T,0.081967,0.35704600000000003,2,"ERR4603918,ERR4604015",59
92,92,92,C,6145,T,0.12147100000000001,0.95919,2,"ERR4603774,ERR4603956",60
93,93,93,G,6170,T,0.08805,0.8125,2,"ERR4603962,ERR4603880",61
94,94,94,CA,6279,C,0.059282000000000015,0.31349699999999997,2,"ERR4603912,ERR4603806",145
95,95,95,C,6312,A,0.187151,0.820682,18,"ERR4604204,ERR4603860,ERR4603971,ERR4603771,ERR4604094,ERR4604003,ERR4603930,ERR4603922,ERR4603900,ERR4604185,ERR4603801,ERR4604042,ERR4603851,ERR4603718,ERR4603898,ERR4603783,ERR4603995,ERR4603915",147
96,96,96,C,6312,T,0.810404,0.826851,2,"ERR4604056,ERR4604180",62
97,97,97,CA,6312,C,0.052632000000000005,0.30303,2,"ERR4603962,ERR4603759",146
98,98,98,C,6449,T,0.091133,0.966037,13,"ERR4603795,ERR4604062,ERR4604167,ERR4603852,ERR4604172,ERR4604133,ERR4604186,ERR4603965,ERR4604041,ERR4603976,ERR4603755,ERR4604054,ERR4603918",63
99,99,99,C,6696,CT,0.057553999999999994,0.944882,6,"ERR4604207,ERR4603796,ERR4603778,ERR4604022,ERR4604039,ERR4604045",383
100,100,100,C,6781,T,0.8976930000000001,0.94,3,"ERR4603829,ERR4603869,ERR4603716",64
101,101,101,T,6791,C,0.917293,0.981101,3,"ERR4603964,ERR4604000,ERR4604112",117
102,102,102,GT,6977,G,0.057936,0.12946400000000002,2,"ERR4603846,ERR4603749",366
103,103,103,CT,7011,C,0.123928,0.168022,2,"ERR4603796,ERR4604135",365
104,104,104,T,7035,A,0.053571,0.06310700000000001,2,"ERR4603821,ERR4604128",116
105,105,105,CAG,7063,C,0.06526599999999999,0.088219,2,"ERR4603815,ERR4604058",381
106,106,106,G,7065,C,0.104059,0.11589,2,"ERR4604193,ERR4604086",114
107,107,107,G,7065,T,0.063063,0.504918,2,"ERR4603910,ERR4603933",67
108,108,108,G,7067,A,0.092563,0.157093,2,"ERR4603960,ERR4603787",115
109,109,109,G,7071,T,0.107769,0.128052,3,"ERR4603904,ERR4603815,ERR4603758",66
110,110,110,C,7162,T,0.056332000000000014,0.540984,2,"ERR4604030,ERR4603876",65
111,111,111,T,7305,G,0.072848,0.096774,2,"ERR4603758,ERR4603746",118
112,112,112,A,7479,G,0.07611,0.8668379999999999,3,"ERR4604128,ERR4603867,ERR4603834",68
113,113,113,T,7767,C,0.941572,0.977879,3,"ERR4604190,ERR4603781,ERR4604029",119
114,114,114,C,7834,T,0.050992,0.15775899999999998,2,"ERR4604055,ERR4603990",69
115,115,115,T,8023,C,0.066384,0.068345,2,"ERR4603944,ERR4604067",120
116,116,116,C,8090,T,0.054317,0.8836790000000001,3,"ERR4604125,ERR4603788,ERR4603854",70
117,117,117,C,8140,T,0.23567800000000005,0.880396,2,"ERR4604093,ERR4603781",71
118,118,118,G,8342,T,0.050200999999999996,0.272727,3,"ERR4604081,ERR4603786,ERR4603955",74
119,119,119,G,8371,T,0.829015,0.8312450000000001,2,"ERR4603777,ERR4603710",75
120,120,120,C,8389,T,0.693992,0.8485020000000001,6,"ERR4604043,ERR4604140,ERR4604205,ERR4603838,ERR4604089,ERR4603915",72
121,121,121,C,8407,T,0.15243900000000002,0.17757,2,"ERR4603878,ERR4604198",73
122,122,122,C,8683,T,0.49853000000000003,0.943292,6,"ERR4603952,ERR4603879,ERR4603727,ERR4603796,ERR4603956,ERR4603711",76
123,123,123,C,8782,T,0.797297,0.9451219999999999,16,"ERR4603959,ERR4603903,ERR4603773,ERR4604123,ERR4604121,ERR4604041,ERR4604044,ERR4604209,ERR4604160,ERR4603778,ERR4603929,ERR4603861,ERR4603950,ERR4603818,ERR4603810,ERR4604122",77
124,124,124,A,8833,G,0.867424,0.882451,2,"ERR4603826,ERR4603939",79
125,125,125,C,8888,G,0.055416,0.29268299999999997,3,"ERR4603964,ERR4603809,ERR4604177",78
126,126,126,C,8964,T,0.050595999999999995,0.9354299999999999,3,"ERR4603992,ERR4604162,ERR4604201",80
127,127,127,T,9167,C,0.9566709999999999,0.9825879999999999,2,"ERR4603866,ERR4603811",113
128,128,128,C,9180,T,0.149901,0.174877,2,"ERR4603820,ERR4604207",81
129,129,129,A,9272,T,0.052632000000000005,0.5882350000000001,6,"ERR4603972,ERR4604013,ERR4604046,ERR4604177,ERR4603869,ERR4604143",87
130,130,130,C,9438,T,0.10894000000000001,0.19205899999999998,2,"ERR4603754,ERR4604092",82
131,131,131,C,9474,T,0.162547,0.740741,2,"ERR4603890,ERR4604075",83
132,132,132,T,9478,G,0.050691,0.607143,65,"ERR4603972,ERR4604013,ERR4603993,ERR4604012,ERR4603765,ERR4604122,ERR4604159,ERR4603805,ERR4603768,ERR4603847,ERR4603916,ERR4604204,ERR4603737,ERR4603953,ERR4603832,ERR4603932,ERR4603964,ERR4603940,ERR4604073,ERR4603719,ERR4604039,ERR4604046,ERR4603803,ERR4603778,ERR4604155,ERR4604059,ERR4603902,ERR4604157,ERR4603833,ERR4603869,ERR4603746,ERR4603843,ERR4603894,ERR4603875,ERR4604050,ERR4603758,ERR4603761,ERR4603987,ERR4604146,ERR4603866,ERR4604127,ERR4603959,ERR4603844,ERR4603948,ERR4604193,ERR4603780,ERR4604112,ERR4603917,ERR4603834,ERR4604177,ERR4604148,ERR4603796,ERR4603787,ERR4604033,ERR4603978,ERR4604143,ERR4603809,ERR4603883,ERR4604096,ERR4604081,ERR4603845,ERR4604045,ERR4603908,ERR4604145,ERR4603857",112
133,133,133,G,9479,T,0.10159800000000001,0.8583,3,"ERR4603749,ERR4604129,ERR4604007",86
134,134,134,C,9491,T,0.07716100000000001,0.9536610000000001,3,"ERR4604152,ERR4604081,ERR4604206",84
135,135,135,C,9565,T,0.770115,0.90625,3,"ERR4603972,ERR4603805,ERR4604013",85
136,136,136,A,9634,T,0.730159,0.78708,2,"ERR4603980,ERR4604007",88
137,137,137,T,9784,A,0.080247,0.096774,3,"ERR4604013,ERR4604129,ERR4604007",129
138,138,138,C,10036,T,0.052042,0.255127,2,"ERR4604101,ERR4604049",89
139,139,139,T,10077,C,0.067708,0.9,3,"ERR4604076,ERR4604188,ERR4603912",128
140,140,140,G,10097,A,0.369066,0.9750540000000001,42,"ERR4603784,ERR4603881,ERR4603863,ERR4604166,ERR4604175,ERR4603914,ERR4604016,ERR4604080,ERR4604015,ERR4603848,ERR4604165,ERR4604144,ERR4603726,ERR4604176,ERR4603983,ERR4603856,ERR4603899,ERR4604063,ERR4603992,ERR4603722,ERR4603744,ERR4603761,ERR4604049,ERR4603923,ERR4604048,ERR4603763,ERR4603897,ERR4603762,ERR4603857,ERR4604053,ERR4604070,ERR4603967,ERR4603925,ERR4604002,ERR4603733,ERR4604055,ERR4603813,ERR4604008,ERR4603743,ERR4604030,ERR4603846,ERR4604060",130
141,141,141,A,10171,C,0.061728,0.555556,14,"ERR4604070,ERR4603722,ERR4604176,ERR4603967,ERR4603744,ERR4603992,ERR4604049,ERR4603761,ERR4604106,ERR4603882,ERR4603983,ERR4604060,ERR4604111,ERR4604119",105
142,142,142,C,10208,T,0.054635,0.070757,2,"ERR4603777,ERR4603990",90
143,143,143,A,10236,G,0.312203,0.9264379999999999,3,"ERR4603732,ERR4603868,ERR4604119",104
144,144,144,C,10239,A,0.070423,0.13388,5,"ERR4603882,ERR4603813,ERR4604055,ERR4604111,ERR4604119",144
145,145,145,T,10363,G,0.26,0.363636,2,"ERR4604049,ERR4603983",121
146,146,146,C,10449,T,0.061358,0.9768020000000001,2,"ERR4604157,ERR4603889",91
147,147,147,T,10453,C,0.195987,0.9710030000000001,13,"ERR4603907,ERR4604051,ERR4604105,ERR4604158,ERR4604035,ERR4604001,ERR4604071,ERR4603882,ERR4604111,ERR4603858,ERR4603814,ERR4604119,ERR4604072",122
148,148,148,A,10505,G,0.7117680000000001,0.916026,13,"ERR4603974,ERR4603753,ERR4603940,ERR4604009,ERR4603822,ERR4603837,ERR4603947,ERR4604116,ERR4604182,ERR4603843,ERR4603979,ERR4603757,ERR4604072",111
149,149,149,C,10507,T,0.620946,0.916718,17,"ERR4603932,ERR4603747,ERR4603723,ERR4604066,ERR4603946,ERR4604045,ERR4603769,ERR4603935,ERR4603822,ERR4603753,ERR4604009,ERR4603940,ERR4603974,ERR4604116,ERR4603837,ERR4604182,ERR4604072",92
150,150,150,C,10714,T,0.07901699999999999,0.136028,2,"ERR4603847,ERR4603818",93
151,151,151,A,10764,T,0.054839,0.576923,42,"ERR4604020,ERR4604011,ERR4604096,ERR4603939,ERR4603869,ERR4603958,ERR4604117,ERR4603835,ERR4604039,ERR4603960,ERR4603867,ERR4603911,ERR4603945,ERR4604104,ERR4604126,ERR4603904,ERR4604140,ERR4604106,ERR4604092,ERR4604188,ERR4603736,ERR4603879,ERR4604065,ERR4603755,ERR4604147,ERR4603787,ERR4603793,ERR4603712,ERR4603824,ERR4603865,ERR4604138,ERR4604151,ERR4603942,ERR4604018,ERR4603754,ERR4604007,ERR4603972,ERR4603983,ERR4603966,ERR4603800,ERR4603984,ERR4604128",103
152,152,152,C,10789,T,0.629509,0.95,2,"ERR4604125,ERR4603788",94
153,153,153,G,10805,A,0.745012,0.9263170000000001,3,"ERR4604205,ERR4604089,ERR4603915",124
154,154,154,T,10896,C,0.05,0.120521,2,"ERR4604161,ERR4603858",123
155,155,155,A,10948,G,0.216852,0.9784950000000001,19,"ERR4604204,ERR4603801,ERR4603860,ERR4604042,ERR4603851,ERR4604185,ERR4603995,ERR4603898,ERR4603713,ERR4604094,ERR4603718,ERR4603900,ERR4603922,ERR4603971,ERR4603783,ERR4604003,ERR4603771,ERR4603930,ERR4603915",137
156,156,156,G,10986,T,0.069767,0.11068099999999999,2,"ERR4603754,ERR4603985",100
157,157,157,T,10999,A,0.051661,0.647059,18,"ERR4603857,ERR4604109,ERR4604188,ERR4603916,ERR4603879,ERR4604138,ERR4604147,ERR4604140,ERR4603779,ERR4603712,ERR4603865,ERR4604106,ERR4603862,ERR4603800,ERR4604204,ERR4604046,ERR4603768,ERR4603808",125
158,158,158,G,11071,C,0.081176,0.707205,3,"ERR4604147,ERR4604207,ERR4604081",127
163,160,161,C,11074,T,0.09148400000000001,0.7198,3,"ERR4604147,ERR4604081,ERR4604207",95
161,162,159,C,11074,CTT,0.080711,0.207648,2,"ERR4603807,ERR4604092",385
162,159,163,C,11074,CTTT,0.145619,0.40117600000000003,2,"ERR4603807,ERR4604092",386
159,163,160,C,11074,CT,0.050522000000000004,0.222329,39,"ERR4603912,ERR4603719,ERR4603909,ERR4603830,ERR4604112,ERR4603978,ERR4603747,ERR4603823,ERR4603865,ERR4603776,ERR4603798,ERR4603960,ERR4604065,ERR4604104,ERR4604203,ERR4603737,ERR4604151,ERR4603811,ERR4604025,ERR4603867,ERR4603824,ERR4603984,ERR4604109,ERR4603712,ERR4603966,ERR4603911,ERR4604007,ERR4603736,ERR4603945,ERR4603869,ERR4603800,ERR4604199,ERR4603934,ERR4604188,ERR4603942,ERR4604018,ERR4604128,ERR4603916,ERR4603901",384
160,161,162,CT,11074,C,0.050265,0.28926799999999997,55,"ERR4604161,ERR4603990,ERR4603742,ERR4604177,ERR4603985,ERR4603975,ERR4603968,ERR4604020,ERR4603857,ERR4604154,ERR4604096,ERR4604195,ERR4603775,ERR4603993,ERR4603814,ERR4603770,ERR4604136,ERR4603894,ERR4603819,ERR4603944,ERR4604179,ERR4604040,ERR4603939,ERR4604117,ERR4604200,ERR4603904,ERR4604039,ERR4603958,ERR4604125,ERR4603757,ERR4603778,ERR4603925,ERR4603901,ERR4603839,ERR4604106,ERR4603879,ERR4603835,ERR4603872,ERR4603982,ERR4603787,ERR4603810,ERR4604105,ERR4604126,ERR4603779,ERR4603941,ERR4603943,ERR4603983,ERR4603893,ERR4603755,ERR4603754,ERR4604138,ERR4603793,ERR4603972,ERR4603873,ERR4604140",369
164,164,164,T,11075,C,0.057321000000000004,0.131868,4,"ERR4603990,ERR4604009,ERR4603759,ERR4604067",126
165,165,165,TG,11082,T,0.059421,0.8295899999999999,50,"ERR4604207,ERR4603803,ERR4603745,ERR4603712,ERR4604203,ERR4604017,ERR4603750,ERR4604120,ERR4604188,ERR4604128,ERR4603934,ERR4603960,ERR4604064,ERR4603911,ERR4603928,ERR4604025,ERR4603945,ERR4604007,ERR4603732,ERR4604081,ERR4603987,ERR4603919,ERR4604018,ERR4603916,ERR4603966,ERR4603969,ERR4604109,ERR4603868,ERR4603865,ERR4603811,ERR4604199,ERR4603942,ERR4603984,ERR4603824,ERR4603736,ERR4603798,ERR4603892,ERR4603866,ERR4604065,ERR4604104,ERR4603927,ERR4603867,ERR4603776,ERR4604092,ERR4604151,ERR4603710,ERR4603800,ERR4604060,ERR4604074,ERR4604147",368
166,166,166,G,11083,T,0.052703999999999994,0.928258,57,"ERR4603807,ERR4603890,ERR4604147,ERR4603866,ERR4603798,ERR4603800,ERR4603710,ERR4604199,ERR4603916,ERR4604151,ERR4604018,ERR4603987,ERR4603824,ERR4603942,ERR4603927,ERR4603776,ERR4603984,ERR4604092,ERR4603736,ERR4604104,ERR4603732,ERR4603811,ERR4603868,ERR4603966,ERR4604081,ERR4604065,ERR4603867,ERR4603919,ERR4604109,ERR4603969,ERR4604120,ERR4604025,ERR4603945,ERR4603960,ERR4603928,ERR4603712,ERR4604064,ERR4603911,ERR4603865,ERR4604128,ERR4604188,ERR4604007,ERR4603750,ERR4603934,ERR4603803,ERR4604203,ERR4603892,ERR4604017,ERR4603745,ERR4604060,ERR4604074,ERR4604119,ERR4603992,ERR4604164,ERR4604124,ERR4604063,ERR4603825",99
167,167,167,C,11152,T,0.15800699999999998,0.922151,2,"ERR4603994,ERR4603846",96
168,168,168,C,11195,T,0.176052,0.8458620000000001,13,"ERR4603907,ERR4604051,ERR4604105,ERR4604111,ERR4603882,ERR4604035,ERR4604071,ERR4603858,ERR4604001,ERR4604158,ERR4603814,ERR4604119,ERR4604072",97
169,169,169,G,11230,T,0.41731599999999996,0.968665,27,"ERR4603773,ERR4603959,ERR4603797,ERR4604044,ERR4603799,ERR4604208,ERR4604121,ERR4604123,ERR4604126,ERR4603924,ERR4603844,ERR4603861,ERR4604057,ERR4604189,ERR4604160,ERR4603780,ERR4603929,ERR4603741,ERR4603778,ERR4603886,ERR4604084,ERR4603950,ERR4603818,ERR4604210,ERR4603810,ERR4603918,ERR4603711",101
170,170,170,C,11300,T,0.336556,0.876518,2,"ERR4603722,ERR4604060",98
171,171,171,G,11417,T,0.054845000000000005,0.057003,2,"ERR4604173,ERR4604144",102
172,172,172,C,11572,T,0.061224,0.435754,2,"ERR4603767,ERR4603909",108
173,173,173,C,11620,T,0.051055,0.051835,2,"ERR4603955,ERR4603853",106
174,174,174,C,11651,T,0.05376,0.121775,2,"ERR4603829,ERR4603993",107
175,175,175,C,11824,T,0.052381,0.195652,2,"ERR4603847,ERR4603988",109
176,176,176,A,11947,G,0.06588,0.08693,2,"ERR4604177,ERR4603719",110
177,177,177,T,12045,C,0.926427,0.936951,3,"ERR4604027,ERR4603877,ERR4603840",157
178,178,178,C,12623,T,0.650985,0.8472639999999999,12,"ERR4603947,ERR4603974,ERR4603979,ERR4604009,ERR4603843,ERR4603757,ERR4603822,ERR4604182,ERR4603837,ERR4603753,ERR4604116,ERR4604072",172
179,179,179,C,12846,T,0.8603,0.894394,2,"ERR4604173,ERR4604118",159
180,180,180,T,13216,G,0.5836060000000001,0.9395709999999999,6,"ERR4603784,ERR4603983,ERR4603992,ERR4603761,ERR4603925,ERR4603846",158
181,181,181,G,13379,A,0.138759,0.965625,5,"ERR4603756,ERR4603981,ERR4603958,ERR4603962,ERR4604077",171
182,182,182,G,13459,T,0.8899100000000001,0.924797,4,"ERR4604196,ERR4604032,ERR4603760,ERR4603884",161
183,183,183,C,13536,T,0.802427,0.88723,2,"ERR4603914,ERR4604063",160
184,184,184,G,13617,T,0.088421,0.9777889999999999,2,"ERR4604041,ERR4604000",162
185,185,185,CT,13667,C,0.139254,0.144016,2,"ERR4603878,ERR4604000",374
186,186,186,T,13678,C,0.754694,0.959203,9,"ERR4603753,ERR4603974,ERR4603822,ERR4604009,ERR4604116,ERR4603940,ERR4603837,ERR4604182,ERR4604072",170
187,187,187,C,13721,T,0.070996,0.23584899999999998,2,"ERR4604012,ERR4604015",165
188,188,188,C,13730,T,0.916141,0.9454020000000001,7,"ERR4603948,ERR4604073,ERR4603829,ERR4603716,ERR4604197,ERR4603887,ERR4603869",164
189,189,189,CT,13743,C,0.15428599999999998,0.17441900000000002,2,"ERR4603888,ERR4604183",375
190,190,190,G,13762,T,0.14444300000000002,0.96415,2,"ERR4604175,ERR4604108",163
191,191,191,C,13862,T,0.09473999999999999,0.977176,20,"ERR4603795,ERR4604136,ERR4604110,ERR4604149,ERR4604178,ERR4603852,ERR4604062,ERR4604172,ERR4603835,ERR4603774,ERR4604167,ERR4603976,ERR4603925,ERR4603755,ERR4604031,ERR4604133,ERR4604186,ERR4603965,ERR4604054,ERR4603918",166
192,192,192,C,14025,T,0.9090440000000001,0.9567700000000001,2,"ERR4604139,ERR4604113",167
193,193,193,A,14355,G,0.914193,0.914325,2,"ERR4604048,ERR4603923",169
194,194,194,C,14408,T,0.26255700000000004,0.952305,414,"ERR4604124,ERR4604032,ERR4603878,ERR4603990,ERR4604046,ERR4603993,ERR4603768,ERR4603907,ERR4603746,ERR4604142,ERR4604015,ERR4603756,ERR4603772,ERR4604146,ERR4603795,ERR4603953,ERR4603758,ERR4604166,ERR4603915,ERR4603908,ERR4603832,ERR4604033,ERR4603782,ERR4604157,ERR4603853,ERR4603875,ERR4603784,ERR4604169,ERR4603737,ERR4604139,ERR4603791,ERR4603794,ERR4604204,ERR4604136,ERR4603891,ERR4604028,ERR4604016,ERR4603863,ERR4603714,ERR4603759,ERR4604193,ERR4603964,ERR4604006,ERR4604086,ERR4603729,ERR4604059,ERR4603881,ERR4603921,ERR4603809,ERR4603914,ERR4604187,ERR4604175,ERR4604190,ERR4604127,ERR4603862,ERR4603902,ERR4603926,ERR4603955,ERR4603765,ERR4603790,ERR4604107,ERR4604052,ERR4604177,ERR4604051,ERR4604105,ERR4604100,ERR4604077,ERR4603912,ERR4603848,ERR4603816,ERR4603870,ERR4604132,ERR4604080,ERR4604095,ERR4603821,ERR4604110,ERR4604102,ERR4603830,ERR4603801,ERR4604179,ERR4604020,ERR4604150,ERR4603779,ERR4603931,ERR4603968,ERR4603988,ERR4604073,ERR4603936,ERR4604093,ERR4603841,ERR4604008,ERR4603962,ERR4604207,ERR4603909,ERR4603847,ERR4603713,ERR4603889,ERR4603806,ERR4603820,ERR4603963,ERR4603895,ERR4603958,ERR4603887,ERR4603999,ERR4603938,ERR4603851,ERR4604085,ERR4603975,ERR4604075,ERR4603864,ERR4603834,ERR4604167,ERR4603718,ERR4604117,ERR4604208,ERR4604103,ERR4603880,ERR4604149,ERR4604138,ERR4604090,ERR4603783,ERR4603986,ERR4604024,ERR4603974,ERR4603708,ERR4603944,ERR4603947,ERR4603874,ERR4603825,ERR4604079,ERR4604129,ERR4604062,ERR4604165,ERR4604047,ERR4604196,ERR4603933,ERR4604053,ERR4603937,ERR4604076,ERR4604113,ERR4603852,ERR4604004,ERR4603815,ERR4603751,ERR4603792,ERR4603898,ERR4603980,ERR4603721,ERR4603982,ERR4603808,ERR4604164,ERR4604111,ERR4604171,ERR4603726,ERR4604185,ERR4603992,ERR4603901,ERR4603934,ERR4604042,ERR4603781,ERR4604172,ERR4603733,ERR4604155,ERR4603752,ERR4603762,ERR4603905,ERR4603797,ERR4603972,ERR4604140,ERR4603850,ERR4603913,ERR4604067,ERR4604178,ERR4603748,ERR4604087,ERR4603952,ERR4604023,ERR4603722,ERR4604144,ERR4603989,ERR4603922,ERR4603941,ERR4604019,ERR4604192,ERR4604036,ERR4603804,ERR4603900,ERR4603775,ERR4603839,ERR4603991,ERR4603998,ERR4603973,ERR4604000,ERR4603860,ERR4604043,ERR4604050,ERR4603822,ERR4603730,ERR4603967,ERR4604108,ERR4603827,ERR4604180,ERR4603978,ERR4603835,ERR4604112,ERR4603710,ERR4603845,ERR4603996,ERR4603981,ERR4604058,ERR4603813,ERR4603983,ERR4604009,ERR4604205,ERR4604135,ERR4604027,ERR4603734,ERR4604010,ERR4603957,ERR4604206,ERR4604026,ERR4603854,ERR4603838,ERR4603764,ERR4603774,ERR4603777,ERR4603761,ERR4604197,ERR4603879,ERR4604034,ERR4604072,ERR4604030,ERR4604035,ERR4603948,ERR4604014,ERR4603876,ERR4604174,ERR4603893,ERR4604082,ERR4603719,ERR4604002,ERR4603753,ERR4603740,ERR4603940,ERR4603995,ERR4603856,ERR4603766,ERR4603899,ERR4604078,ERR4603951,ERR4603717,ERR4603802,ERR4603943,ERR4603855,ERR4603877,ERR4603812,ERR4603882,ERR4604088,ERR4604101,ERR4603840,ERR4603823,ERR4604061,ERR4603843,ERR4603725,ERR4604163,ERR4603728,ERR4604184,ERR4603910,ERR4603965,ERR4604195,ERR4604063,ERR4604181,ERR4603785,ERR4604013,ERR4603739,ERR4604145,ERR4604198,ERR4604056,ERR4603979,ERR4604176,ERR4603917,ERR4604134,ERR4603799,ERR4604011,ERR4604183,ERR4604161,ERR4603789,ERR4603857,ERR4603836,ERR4603894,ERR4604021,ERR4603871,ERR4604133,ERR4604170,ERR4604094,ERR4603711,ERR4604039,ERR4603829,ERR4603735,ERR4603884,ERR4603956,ERR4604126,ERR4603885,ERR4604141,ERR4604040,ERR4603977,ERR4603716,ERR4603814,ERR4603858,ERR4604116,ERR4604089,ERR4603763,ERR4603741,ERR4604118,ERR4603849,ERR4604115,ERR4603793,ERR4603709,ERR4603738,ERR4604158,ERR4604005,ERR4604098,ERR4603918,ERR4604068,ERR4603744,ERR4604001,ERR4603771,ERR4604159,ERR4604200,ERR4603833,ERR4604152,ERR4604153,ERR4604070,ERR4603920,ERR4604173,ERR4603817,ERR4603883,ERR4604083,ERR4604189,ERR4603994,ERR4604148,ERR4603727,ERR4604003,ERR4604191,ERR4603828,ERR4604106,ERR4604097,ERR4603925,ERR4604091,ERR4603923,ERR4604031,ERR4603745,ERR4603924,ERR4603787,ERR4604131,ERR4603954,ERR4603755,ERR4604057,ERR4603976,ERR4603720,ERR4604049,ERR4604182,ERR4603888,ERR4603949,ERR4603770,ERR4603805,ERR4603971,ERR4604071,ERR4604055,ERR4604069,ERR4604168,ERR4604137,ERR4603869,ERR4604048,ERR4603757,ERR4603837,ERR4603886,ERR4604186,ERR4604054,ERR4604143,ERR4604029,ERR4603930,ERR4603985,ERR4603896,ERR4603786,ERR4603760,ERR4604037,ERR4604038,ERR4604210,ERR4604099,ERR4604084,ERR4603859,ERR4603780,ERR4603749,ERR4603844,ERR4603724,ERR4603846,ERR4603897,ERR4603970,ERR4603873,ERR4604022,ERR4603796,ERR4603715,ERR4603731,ERR4604162,ERR4604096,ERR4603904,ERR4603743,ERR4604012,ERR4603819,ERR4604119,ERR4604074,ERR4604060,ERR4603788",168
195,195,195,C,14688,T,0.925687,0.9510860000000001,4,"ERR4603815,ERR4603740,ERR4604021,ERR4603715",173
196,196,196,G,14718,A,0.062005999999999985,0.103131,2,"ERR4604008,ERR4603846",278
197,197,197,C,14724,T,0.050368,0.056235,2,"ERR4603944,ERR4604148",174
198,198,198,C,14786,T,0.06862,0.89904,2,"ERR4603719,ERR4603747",175
199,199,199,C,14790,T,0.050714999999999996,0.09060700000000001,3,"ERR4603752,ERR4603889,ERR4603901",176
200,200,200,C,14805,T,0.144432,0.942893,49,"ERR4603807,ERR4603987,ERR4604018,ERR4603803,ERR4603798,ERR4603916,ERR4603732,ERR4604199,ERR4603866,ERR4604120,ERR4603966,ERR4603984,ERR4603800,ERR4603712,ERR4604092,ERR4604128,ERR4604147,ERR4603824,ERR4603927,ERR4603811,ERR4604081,ERR4604017,ERR4604065,ERR4603919,ERR4604151,ERR4603911,ERR4604188,ERR4604007,ERR4603945,ERR4603942,ERR4604109,ERR4604104,ERR4603750,ERR4604064,ERR4603928,ERR4604025,ERR4604203,ERR4603868,ERR4603736,ERR4603892,ERR4603776,ERR4603969,ERR4603865,ERR4603867,ERR4603960,ERR4603890,ERR4604060,ERR4604074,ERR4604119",177
201,201,201,A,14926,C,0.083969,0.084615,2,"ERR4604204,ERR4604075",200
202,202,202,C,15324,T,0.161376,0.847706,3,"ERR4604180,ERR4604056,ERR4604076",178
203,203,203,C,15371,T,0.072526,0.797841,2,"ERR4603775,ERR4603778",179
204,204,204,G,15438,T,0.8538969999999999,0.867898,3,"ERR4604058,ERR4604096,ERR4603708",180
205,205,205,T,15522,C,0.9557610000000001,0.9853930000000001,2,"ERR4603891,ERR4603996",197
206,206,206,T,15539,C,0.069332,0.124105,2,"ERR4604032,ERR4604015",198
207,207,207,G,15586,A,0.924536,0.956451,2,"ERR4604080,ERR4603744",199
208,208,208,C,15805,T,0.05591,0.111497,2,"ERR4603888,ERR4604194",181
209,209,209,C,15952,T,0.804094,0.899399,4,"ERR4603903,ERR4604209,ERR4604029,ERR4604122",182
210,210,210,G,15958,T,0.9210889999999999,0.930665,2,"ERR4604004,ERR4603944",183
211,211,211,A,16210,T,0.053512,0.12,3,"ERR4603961,ERR4604204,ERR4603916",188
212,212,212,C,16265,T,0.061715,0.12674100000000002,2,"ERR4604194,ERR4603858",184
213,213,213,C,16289,T,0.813994,0.946934,2,"ERR4603765,ERR4604183",185
214,214,214,C,16362,T,0.8695649999999999,0.901766,2,"ERR4603742,ERR4604194",186
215,215,215,C,16466,T,0.058936,0.167702,3,"ERR4603806,ERR4604109,ERR4603933",187
216,216,216,T,16834,C,0.10694200000000001,0.20895500000000009,2,"ERR4604177,ERR4603829",362
217,217,217,C,16915,T,0.149419,0.213912,2,"ERR4603723,ERR4604135",189
218,218,218,A,17039,G,0.953802,0.985591,2,"ERR4603891,ERR4603996",192
219,219,219,C,17104,T,0.9058959999999999,0.9781700000000001,8,"ERR4604124,ERR4604190,ERR4604104,ERR4603963,ERR4603864,ERR4604029,ERR4604007,ERR4603781",190
220,220,220,C,17156,T,0.9582129999999999,0.980045,2,"ERR4603866,ERR4603811",191
221,221,221,T,17247,C,0.11534100000000001,0.960834,15,"ERR4603807,ERR4603916,ERR4603803,ERR4603732,ERR4603984,ERR4604092,ERR4603966,ERR4604120,ERR4604128,ERR4603800,ERR4603868,ERR4603736,ERR4603867,ERR4604060,ERR4604119",196
222,222,222,C,17440,T,0.081232,0.43404,2,"ERR4603961,ERR4603985",193
223,223,223,T,17672,C,0.929321,0.9307709999999999,2,"ERR4603871,ERR4603985",201
224,224,224,C,17676,T,0.05805800000000001,0.194173,2,"ERR4603945,ERR4603978",194
225,225,225,C,17762,T,0.050227999999999995,0.232623,2,"ERR4603815,ERR4603712",195
226,226,226,T,17835,C,0.948044,0.982477,2,"ERR4603891,ERR4603996",202
227,227,227,G,18145,T,0.054659000000000006,0.059628,2,"ERR4604194,ERR4603990",215
228,228,228,A,18349,C,0.052198,0.41935500000000003,12,"ERR4604050,ERR4603879,ERR4603949,ERR4603790,ERR4603738,ERR4603977,ERR4603717,ERR4603952,ERR4603956,ERR4604174,ERR4604061,ERR4603877",214
229,229,229,AT,18434,A,0.070248,0.08103099999999999,2,"ERR4604201,ERR4603756",373
230,230,230,C,18486,T,0.5951770000000001,0.84914,6,"ERR4603761,ERR4603983,ERR4603992,ERR4603906,ERR4603925,ERR4603846",203
231,231,231,C,18501,T,0.05531900000000002,0.182353,2,"ERR4604124,ERR4603944",204
232,232,232,C,18508,T,0.061877999999999996,0.08343300000000001,2,"ERR4604154,ERR4603949",205
233,233,233,C,18657,T,0.387799,0.916162,33,"ERR4603964,ERR4604000,ERR4603952,ERR4603790,ERR4603879,ERR4604069,ERR4604061,ERR4604174,ERR4603840,ERR4604206,ERR4604191,ERR4604047,ERR4603817,ERR4603949,ERR4603956,ERR4603789,ERR4603847,ERR4604027,ERR4604010,ERR4603877,ERR4603977,ERR4604115,ERR4603738,ERR4603849,ERR4603883,ERR4604050,ERR4603796,ERR4603727,ERR4603731,ERR4604112,ERR4603711,ERR4604137,ERR4603918",206
234,234,234,C,18664,T,0.263967,0.887767,2,"ERR4603717,ERR4604196",207
235,235,235,G,18745,T,0.050686,0.08251,2,"ERR4604164,ERR4604179",211
236,236,236,C,18747,T,0.089469,0.128071,2,"ERR4604162,ERR4604076",208
237,237,237,GT,18782,G,0.10225,0.123055,2,"ERR4603888,ERR4604207",372
238,238,238,G,18859,T,0.923586,0.965317,3,"ERR4604127,ERR4604033,ERR4604161",210
239,239,239,C,18877,T,0.345095,0.9704010000000001,13,"ERR4603902,ERR4603962,ERR4604139,ERR4604113,ERR4603958,ERR4603756,ERR4604117,ERR4604207,ERR4603764,ERR4604019,ERR4603981,ERR4604077,ERR4604074",209
240,240,240,A,18980,C,0.070423,0.23809499999999997,4,"ERR4603723,ERR4603840,ERR4604105,ERR4604179",257
241,241,241,C,19269,T,0.053712,0.925775,2,"ERR4604141,ERR4603985",212
242,242,242,A,19298,T,0.062112,0.8125,12,"ERR4603903,ERR4603786,ERR4603947,ERR4603863,ERR4603794,ERR4603812,ERR4603919,ERR4603824,ERR4603864,ERR4604066,ERR4603739,ERR4603915",213
243,243,243,C,19547,T,0.200658,0.9443370000000001,2,"ERR4604145,ERR4603753",216
244,244,244,A,19548,G,0.051477999999999996,0.714286,13,"ERR4603841,ERR4603821,ERR4603773,ERR4603914,ERR4603794,ERR4603863,ERR4603931,ERR4604147,ERR4603864,ERR4603824,ERR4604066,ERR4604180,ERR4603884",217
245,245,245,T,19638,C,0.072921,0.115962,2,"ERR4604122,ERR4604177",279
246,246,246,C,19983,CT,0.053301999999999995,0.227017,5,"ERR4604135,ERR4603859,ERR4603857,ERR4604144,ERR4603770",388
247,247,247,C,19983,T,0.1,0.333333,2,"ERR4603724,ERR4604148",218
248,248,248,C,20031,A,0.058003999999999986,0.08078400000000001,2,"ERR4603787,ERR4604090",261
249,249,249,G,20087,C,0.052038,0.055172000000000006,2,"ERR4603880,ERR4604039",259
250,250,250,T,20172,G,0.07596699999999999,0.166667,4,"ERR4603786,ERR4603970,ERR4604118,ERR4604061",258
251,251,251,A,20268,G,0.11773099999999999,0.953642,54,"ERR4603794,ERR4604103,ERR4604058,ERR4604190,ERR4603781,ERR4603714,ERR4603951,ERR4603812,ERR4603790,ERR4604061,ERR4603952,ERR4603804,ERR4604010,ERR4603879,ERR4604036,ERR4603717,ERR4604027,ERR4604174,ERR4604163,ERR4603877,ERR4604143,ERR4603840,ERR4603849,ERR4604115,ERR4604206,ERR4603847,ERR4603977,ERR4603789,ERR4603970,ERR4603883,ERR4603956,ERR4604153,ERR4604137,ERR4603796,ERR4604069,ERR4603730,ERR4604029,ERR4603727,ERR4603817,ERR4604050,ERR4604191,ERR4603738,ERR4603949,ERR4604079,ERR4604096,ERR4603708,ERR4603989,ERR4603731,ERR4603785,ERR4603980,ERR4604047,ERR4603711,ERR4603918,ERR4604054",219
252,252,252,C,20270,T,0.774173,0.785714,2,"ERR4603767,ERR4603754",220
253,253,253,T,20361,C,0.057597,0.8146770000000001,2,"ERR4603760,ERR4604155",260
254,254,254,A,20465,G,0.052829999999999995,0.108108,3,"ERR4604172,ERR4603852,ERR4603887",226
255,255,255,C,20480,T,0.073607,0.557233,2,"ERR4604070,ERR4604194",221
256,256,256,G,20578,T,0.8979590000000001,0.922889,2,"ERR4603821,ERR4603719",224
257,257,257,C,20759,T,0.050532,0.9489270000000001,3,"ERR4603945,ERR4604162,ERR4603902",222
258,258,258,C,20831,T,0.050677,0.179426,2,"ERR4604134,ERR4604154",223
259,259,259,A,21137,G,0.054622000000000004,0.0834,2,"ERR4604101,ERR4603968",225
260,260,260,G,21268,T,0.879467,0.8960239999999999,2,"ERR4603766,ERR4604087",227
261,261,261,A,21455,C,0.121723,0.64,12,"ERR4604057,ERR4603780,ERR4604126,ERR4603924,ERR4603886,ERR4603844,ERR4603741,ERR4604084,ERR4603799,ERR4604210,ERR4603711,ERR4603797",364
262,262,262,G,21569,GT,0.05195399999999999,0.060529,2,"ERR4603893,ERR4604011",387
263,263,263,C,21575,T,0.055847,0.903826,4,"ERR4603916,ERR4603721,ERR4604198,ERR4603764",228
264,264,264,C,21588,T,0.08458500000000001,0.09868400000000001,2,"ERR4603909,ERR4604161",229
265,265,265,C,21614,T,0.056098,0.087349,2,"ERR4603798,ERR4603922",230
266,266,266,G,21624,T,0.791741,0.951456,5,"ERR4604127,ERR4604033,ERR4603894,ERR4603954,ERR4604161",235
267,267,267,C,21638,T,0.260274,0.779925,2,"ERR4604154,ERR4604207",231
268,268,268,C,21658,A,0.08800000000000001,0.866667,4,"ERR4604057,ERR4603799,ERR4604210,ERR4603797",256
269,269,269,G,21724,T,0.25393499999999997,0.892928,16,"ERR4604126,ERR4604189,ERR4604208,ERR4603780,ERR4603797,ERR4603741,ERR4603924,ERR4603886,ERR4604210,ERR4603844,ERR4604084,ERR4603799,ERR4604057,ERR4603711,ERR4603918,ERR4603881",236
270,270,270,TCCAATGTTACTTGGTTCCATGCTATACATGTCTCTGGGA,21740,T,0.06479800000000001,0.077997,2,"ERR4603978,ERR4603889",403
271,271,271,T,21763,C,0.057120000000000004,0.077441,2,"ERR4603925,ERR4603796",254
272,272,272,C,21807,A,0.8319120000000001,0.9199510000000001,6,"ERR4603758,ERR4604006,ERR4604022,ERR4603931,ERR4603913,ERR4603893",255
273,273,273,C,21859,T,0.059671,0.888774,3,"ERR4604087,ERR4603853,ERR4603955",232
274,274,274,C,21952,T,0.064537,0.86077,2,"ERR4604017,ERR4604076",233
275,275,275,C,21962,T,0.058598000000000004,0.086921,2,"ERR4604162,ERR4603834",234
276,276,276,TTTA,21990,T,0.278975,0.445399,2,"ERR4603826,ERR4603878",380
277,277,277,CA,22120,C,0.09235499999999999,0.188185,2,"ERR4603802,ERR4604020",363
278,278,278,C,22286,T,0.068851,0.23262,2,"ERR4604134,ERR4604012",237
279,279,279,C,22295,T,0.114745,0.914427,2,"ERR4604103,ERR4604012",238
280,280,280,G,22319,A,0.137227,0.9345870000000001,3,"ERR4603732,ERR4603868,ERR4604119",251
281,281,281,C,22326,T,0.119256,0.914071,14,"ERR4604208,ERR4604126,ERR4603799,ERR4603797,ERR4604189,ERR4603924,ERR4604084,ERR4604210,ERR4604057,ERR4603886,ERR4603780,ERR4603711,ERR4603918,ERR4603743",239
282,282,282,G,22344,T,0.09174299999999999,0.75873,2,"ERR4604188,ERR4604138",241
283,283,283,C,22452,T,0.06616,0.416667,2,"ERR4604207,ERR4603775",240
284,284,284,T,22516,A,0.052402,0.183333,11,"ERR4603995,ERR4603903,ERR4603838,ERR4604075,ERR4604169,ERR4604166,ERR4603854,ERR4603809,ERR4603938,ERR4603841,ERR4603776",250
285,285,285,T,22521,C,0.9447190000000001,0.985075,4,"ERR4604165,ERR4603863,ERR4604144,ERR4603762",249
286,286,286,TTTTA,22585,T,0.05126,0.27865999999999996,2,"ERR4603953,ERR4603857",391
287,287,287,T,22691,C,0.08748099999999999,0.115226,2,"ERR4603888,ERR4603756",248
288,288,288,CA,22787,C,0.053092999999999994,0.10848599999999999,2,"ERR4603990,ERR4604154",281
289,289,289,T,22951,C,0.050511,0.075502,2,"ERR4604076,ERR4603990",247
290,290,290,G,22992,T,0.308523,0.8703870000000001,6,"ERR4603879,ERR4603952,ERR4603956,ERR4603727,ERR4603796,ERR4603711",242
291,291,291,T,23030,C,0.05167000000000002,0.109154,4,"ERR4603962,ERR4604076,ERR4603759,ERR4603858",246
292,292,292,T,23104,C,0.065866,0.069969,2,"ERR4603759,ERR4604067",245
293,293,293,A,23122,C,0.080402,0.12,2,"ERR4603954,ERR4603786",244
294,294,294,C,23191,T,0.128788,0.925314,2,"ERR4603954,ERR4604207",243
295,295,295,A,23403,G,0.27874299999999996,1.0,417,"ERR4603823,ERR4603853,ERR4604193,ERR4603737,ERR4604046,ERR4603832,ERR4604190,ERR4603759,ERR4603758,ERR4604204,ERR4604028,ERR4604059,ERR4603791,ERR4604187,ERR4603953,ERR4603875,ERR4604124,ERR4604146,ERR4603881,ERR4603907,ERR4604006,ERR4604086,ERR4603714,ERR4604033,ERR4603926,ERR4604139,ERR4604142,ERR4603809,ERR4603914,ERR4604157,ERR4603955,ERR4603794,ERR4604016,ERR4604015,ERR4604127,ERR4604169,ERR4603902,ERR4603795,ERR4603784,ERR4604175,ERR4603782,ERR4603729,ERR4604166,ERR4603908,ERR4603964,ERR4603863,ERR4603765,ERR4603993,ERR4604136,ERR4603768,ERR4603921,ERR4603862,ERR4603990,ERR4603891,ERR4603915,ERR4603746,ERR4603878,ERR4604177,ERR4603756,ERR4604107,ERR4604105,ERR4604051,ERR4603790,ERR4604052,ERR4604032,ERR4604100,ERR4604093,ERR4604196,ERR4604035,ERR4604080,ERR4604179,ERR4603751,ERR4603821,ERR4603753,ERR4603936,ERR4603816,ERR4604110,ERR4604020,ERR4604150,ERR4603846,ERR4603974,ERR4603998,ERR4603963,ERR4603870,ERR4604004,ERR4604164,ERR4604076,ERR4603834,ERR4603779,ERR4604102,ERR4603954,ERR4603748,ERR4603797,ERR4603999,ERR4603983,ERR4603827,ERR4603912,ERR4603831,ERR4603815,ERR4604088,ERR4604167,ERR4604149,ERR4603722,ERR4603992,ERR4604077,ERR4604165,ERR4604132,ERR4604053,ERR4604095,ERR4604176,ERR4603762,ERR4604185,ERR4603841,ERR4603775,ERR4603988,ERR4604129,ERR4603905,ERR4603957,ERR4603820,ERR4604036,ERR4604019,ERR4603951,ERR4603880,ERR4603713,ERR4603783,ERR4603898,ERR4604174,ERR4603801,ERR4603991,ERR4603752,ERR4603764,ERR4603947,ERR4603721,ERR4604101,ERR4603879,ERR4604024,ERR4604034,ERR4604144,ERR4603996,ERR4604058,ERR4603909,ERR4603848,ERR4604042,ERR4603952,ERR4603895,ERR4604014,ERR4604171,ERR4603973,ERR4603804,ERR4603944,ERR4603958,ERR4603901,ERR4603708,ERR4604090,ERR4603850,ERR4603851,ERR4603819,ERR4604008,ERR4604138,ERR4603922,ERR4604047,ERR4604178,ERR4603889,ERR4603825,ERR4604161,ERR4604113,ERR4603968,ERR4604085,ERR4603726,ERR4604075,ERR4604022,ERR4603981,ERR4603941,ERR4603725,ERR4603975,ERR4603739,ERR4603830,ERR4603792,ERR4603877,ERR4603931,ERR4604043,ERR4603899,ERR4603774,ERR4603971,ERR4603948,ERR4604111,ERR4603989,ERR4603813,ERR4603864,ERR4604140,ERR4604002,ERR4604062,ERR4603733,ERR4604026,ERR4604198,ERR4604180,ERR4603913,ERR4604207,ERR4603938,ERR4604197,ERR4604108,ERR4603734,ERR4603839,ERR4603980,ERR4604172,ERR4603986,ERR4603860,ERR4603934,ERR4603740,ERR4603900,ERR4604103,ERR4604079,ERR4603835,ERR4604023,ERR4603933,ERR4604208,ERR4604073,ERR4603967,ERR4604192,ERR4603730,ERR4603982,ERR4604078,ERR4604181,ERR4603808,ERR4603854,ERR4603849,ERR4603943,ERR4604205,ERR4603985,ERR4603856,ERR4603887,ERR4603799,ERR4603812,ERR4603845,ERR4603838,ERR4603766,ERR4603777,ERR4603781,ERR4603937,ERR4604030,ERR4603917,ERR4603749,ERR4603852,ERR4603995,ERR4604000,ERR4604117,ERR4604168,ERR4604112,ERR4604170,ERR4603882,ERR4603874,ERR4604135,ERR4603962,ERR4603883,ERR4603822,ERR4604191,ERR4603847,ERR4604010,ERR4604027,ERR4603855,ERR4604087,ERR4603806,ERR4604082,ERR4603789,ERR4604009,ERR4603940,ERR4603893,ERR4604183,ERR4604063,ERR4604040,ERR4603977,ERR4603785,ERR4603805,ERR4604094,ERR4603836,ERR4604071,ERR4603709,ERR4603761,ERR4603976,ERR4603829,ERR4603979,ERR4604143,ERR4603876,ERR4603780,ERR4603710,ERR4603972,ERR4603843,ERR4604131,ERR4603717,ERR4604115,ERR4603997,ERR4603894,ERR4603738,ERR4603885,ERR4604096,ERR4604048,ERR4603711,ERR4604049,ERR4604126,ERR4604141,ERR4604084,ERR4603796,ERR4604134,ERR4604039,ERR4604013,ERR4604061,ERR4604097,ERR4604072,ERR4603840,ERR4604159,ERR4604012,ERR4604133,ERR4604054,ERR4603724,ERR4604050,ERR4604200,ERR4603857,ERR4603978,ERR4603858,ERR4603802,ERR4604021,ERR4603745,ERR4604083,ERR4603833,ERR4603844,ERR4604137,ERR4604162,ERR4604189,ERR4603814,ERR4604056,ERR4604145,ERR4603728,ERR4603787,ERR4603910,ERR4603744,ERR4603735,ERR4604206,ERR4603718,ERR4604038,ERR4604068,ERR4603771,ERR4604148,ERR4604091,ERR4604173,ERR4603994,ERR4604116,ERR4603757,ERR4603755,ERR4603884,ERR4604069,ERR4604001,ERR4604186,ERR4603970,ERR4604158,ERR4604011,ERR4603837,ERR4603886,ERR4603873,ERR4604089,ERR4603956,ERR4603763,ERR4603949,ERR4603727,ERR4604153,ERR4604155,ERR4604070,ERR4604098,ERR4604152,ERR4604037,ERR4603918,ERR4603923,ERR4604031,ERR4603896,ERR4603741,ERR4604106,ERR4604003,ERR4603817,ERR4604067,ERR4604195,ERR4603965,ERR4604210,ERR4603897,ERR4604163,ERR4603925,ERR4603869,ERR4603888,ERR4604005,ERR4603930,ERR4603786,ERR4603720,ERR4603716,ERR4603828,ERR4604029,ERR4604118,ERR4603793,ERR4603859,ERR4604055,ERR4604057,ERR4603924,ERR4603871,ERR4604099,ERR4603920,ERR4604182,ERR4603715,ERR4603719,ERR4603772,ERR4603760,ERR4603743,ERR4604184,ERR4603731,ERR4603904,ERR4604156,ERR4603770,ERR4604119,ERR4604060,ERR4604074,ERR4603788",273
296,296,296,C,23453,T,0.749124,0.9388790000000001,6,"ERR4604043,ERR4604140,ERR4604205,ERR4603838,ERR4604089,ERR4603915",262
297,297,297,C,23536,T,0.101138,0.93589,12,"ERR4603773,ERR4603959,ERR4603861,ERR4604123,ERR4603950,ERR4603778,ERR4604044,ERR4604160,ERR4603929,ERR4603818,ERR4603810,ERR4603962",263
298,298,298,T,23540,C,0.050764,0.07885199999999999,3,"ERR4604154,ERR4603858,ERR4603846",252
299,299,299,GTA,23568,G,0.069582,0.076558,2,"ERR4603759,ERR4603719",371
300,300,300,C,23575,T,0.8608530000000001,0.954305,7,"ERR4604052,ERR4603820,ERR4604037,ERR4604091,ERR4604039,ERR4603845,ERR4603904",264
301,301,301,G,23587,C,0.417235,0.960709,22,"ERR4603820,ERR4603797,ERR4604052,ERR4603845,ERR4604039,ERR4604126,ERR4604057,ERR4603799,ERR4604208,ERR4603844,ERR4603741,ERR4604189,ERR4604084,ERR4604210,ERR4604091,ERR4603886,ERR4604037,ERR4603924,ERR4603780,ERR4603904,ERR4603711,ERR4603918",253
302,302,302,C,23625,T,0.123483,0.187156,2,"ERR4604135,ERR4603790",265
303,303,303,C,23731,T,0.388021,0.9675940000000001,42,"ERR4603863,ERR4604175,ERR4604015,ERR4603881,ERR4604166,ERR4603784,ERR4604016,ERR4603914,ERR4603983,ERR4603992,ERR4604144,ERR4603722,ERR4604165,ERR4604176,ERR4604080,ERR4603733,ERR4603848,ERR4603762,ERR4604053,ERR4603761,ERR4603899,ERR4603726,ERR4603857,ERR4603744,ERR4604063,ERR4603763,ERR4604070,ERR4604008,ERR4603856,ERR4604049,ERR4604055,ERR4603897,ERR4603967,ERR4604048,ERR4603923,ERR4603925,ERR4604002,ERR4603743,ERR4603813,ERR4604030,ERR4603846,ERR4604060",266
304,304,304,CA,23991,C,0.08427,1.0,2,"ERR4604071,ERR4603990",274
305,305,305,G,24077,T,0.19148900000000002,0.9236620000000001,2,"ERR4603937,ERR4603823",267
306,306,306,C,24138,T,0.059172,0.9512889999999999,17,"ERR4604016,ERR4604166,ERR4603881,ERR4604080,ERR4603848,ERR4604053,ERR4604055,ERR4603744,ERR4603857,ERR4603967,ERR4603899,ERR4604070,ERR4604030,ERR4603726,ERR4604002,ERR4603813,ERR4603985",270
307,307,307,G,24197,T,0.366344,0.9631190000000001,13,"ERR4603902,ERR4604139,ERR4603756,ERR4604077,ERR4603764,ERR4603958,ERR4603962,ERR4604117,ERR4604113,ERR4604019,ERR4603981,ERR4604207,ERR4604074",268
308,308,308,C,24213,T,0.05986900000000001,0.206723,3,"ERR4603724,ERR4603819,ERR4604162",269
309,309,309,CA,24320,C,0.052877999999999994,0.13839300000000002,7,"ERR4603925,ERR4603834,ERR4604165,ERR4604144,ERR4603968,ERR4603725,ERR4603893",276
310,310,310,C,24320,CA,0.10501600000000001,0.11504400000000001,2,"ERR4603833,ERR4603894",277
311,311,311,CA,24422,C,0.071242,0.980392,2,"ERR4603997,ERR4604194",275
312,312,312,CAT,24579,C,0.063636,0.088496,2,"ERR4604076,ERR4603880",377
313,313,313,A,24696,G,0.071795,0.758621,2,"ERR4604202,ERR4603878",282
314,314,314,G,24751,A,0.065319,0.073151,2,"ERR4604179,ERR4603834",271
315,315,315,G,24858,A,0.05881,0.066207,2,"ERR4603858,ERR4604154",272
316,316,316,A,25325,T,0.061286,0.06984,2,"ERR4603762,ERR4603973",291
317,317,317,C,25350,T,0.927266,0.945267,5,"ERR4603972,ERR4604013,ERR4604145,ERR4603889,ERR4603805",283
318,318,318,G,25429,T,0.533333,0.9281870000000001,15,"ERR4603765,ERR4604197,ERR4603887,ERR4603973,ERR4604073,ERR4603948,ERR4604020,ERR4604067,ERR4603716,ERR4603735,ERR4603829,ERR4603997,ERR4604183,ERR4603869,ERR4603833",288
319,319,319,G,25471,T,0.29090900000000003,0.888716,12,"ERR4604142,ERR4603854,ERR4604164,ERR4603901,ERR4603802,ERR4604138,ERR4604085,ERR4604088,ERR4603793,ERR4604195,ERR4603745,ERR4603846",289
320,320,320,C,25508,T,0.9170389999999999,0.973668,17,"ERR4603955,ERR4603853,ERR4604100,ERR4603936,ERR4603827,ERR4603748,ERR4603834,ERR4604024,ERR4604095,ERR4603855,ERR4603841,ERR4604068,ERR4604005,ERR4604159,ERR4604200,ERR4604155,ERR4604141",284
321,321,321,C,25549,T,0.055437,0.8487129999999999,3,"ERR4603709,ERR4603786,ERR4604073",285
322,322,322,G,25563,T,0.33874699999999996,0.909049,58,"ERR4603902,ERR4603955,ERR4603953,ERR4604139,ERR4604193,ERR4603853,ERR4604100,ERR4603764,ERR4603756,ERR4603834,ERR4603710,ERR4603777,ERR4604184,ERR4604087,ERR4603827,ERR4603748,ERR4604089,ERR4604099,ERR4603728,ERR4604207,ERR4603838,ERR4604077,ERR4603896,ERR4604038,ERR4604170,ERR4603870,ERR4604156,ERR4604019,ERR4604043,ERR4603962,ERR4604205,ERR4604200,ERR4603839,ERR4603841,ERR4603749,ERR4604098,ERR4604005,ERR4603934,ERR4603936,ERR4603830,ERR4603739,ERR4604141,ERR4603821,ERR4604159,ERR4603958,ERR4603719,ERR4604068,ERR4603766,ERR4604117,ERR4604155,ERR4604140,ERR4604095,ERR4604024,ERR4603981,ERR4604113,ERR4603855,ERR4603915,ERR4604074",290
323,323,323,C,25572,T,0.9310360000000001,0.9423739999999999,2,"ERR4604128,ERR4603867",286
324,324,324,T,25673,C,0.051724,0.16326500000000002,11,"ERR4603724,ERR4603833,ERR4603769,ERR4603719,ERR4604067,ERR4604135,ERR4604015,ERR4603778,ERR4604112,ERR4603940,ERR4603737",280
325,325,325,C,25782,T,0.060772,0.061727,2,"ERR4603793,ERR4604195",287
326,326,326,C,26088,T,0.840189,0.9462209999999999,4,"ERR4603903,ERR4604041,ERR4604209,ERR4604122",292
327,327,327,G,26144,T,0.131218,0.956522,48,"ERR4603798,ERR4603916,ERR4604018,ERR4603866,ERR4603807,ERR4603803,ERR4604199,ERR4603987,ERR4603732,ERR4604151,ERR4603776,ERR4604109,ERR4603927,ERR4604081,ERR4603942,ERR4603824,ERR4604092,ERR4603712,ERR4603800,ERR4604120,ERR4603984,ERR4603750,ERR4603811,ERR4603966,ERR4603969,ERR4604128,ERR4603911,ERR4603960,ERR4603890,ERR4603919,ERR4604064,ERR4603928,ERR4603736,ERR4603868,ERR4604025,ERR4604203,ERR4604007,ERR4604104,ERR4604147,ERR4604188,ERR4604065,ERR4603867,ERR4603865,ERR4604017,ERR4603945,ERR4604060,ERR4604074,ERR4604119",293
328,328,328,C,26270,T,0.609859,0.8891120000000001,2,"ERR4603830,ERR4603888",294
329,329,329,AGTT,26283,A,0.051151999999999996,0.119828,2,"ERR4603806,ERR4604162",392
330,330,330,G,26389,T,0.072867,0.07843,2,"ERR4604011,ERR4603832",297
331,331,331,T,26430,TA,0.053975999999999996,0.13333299999999998,2,"ERR4603759,ERR4604068",351
332,332,332,C,26456,T,0.077007,0.137709,2,"ERR4604100,ERR4603796",295
333,333,333,C,26461,T,0.125858,0.9642870000000001,3,"ERR4604166,ERR4604070,ERR4604085",296
334,334,334,C,26681,T,0.762133,0.933949,2,"ERR4603927,ERR4603802",298
335,335,335,GT,26713,G,0.05049,0.052242,2,"ERR4603973,ERR4603762",376
336,336,336,G,26720,A,0.05191900000000002,0.06675700000000001,7,"ERR4603973,ERR4603739,ERR4603762,ERR4603911,ERR4603945,ERR4603835,ERR4604058",352
337,337,337,CTT,26721,C,0.050345,0.093713,18,"ERR4603973,ERR4603739,ERR4603762,ERR4603911,ERR4603835,ERR4603945,ERR4604058,ERR4603792,ERR4603905,ERR4603708,ERR4604203,ERR4603913,ERR4604147,ERR4603750,ERR4604188,ERR4604066,ERR4604004,ERR4604163",379
338,338,338,C,26735,T,0.277981,0.777265,13,"ERR4603756,ERR4603902,ERR4604139,ERR4604019,ERR4603958,ERR4604113,ERR4603962,ERR4604117,ERR4603764,ERR4603981,ERR4604207,ERR4604077,ERR4604074",299
339,339,339,GTCTTGTAGGCTTGATGTGGCTCAGCTACTTCATTGCT,26779,G,0.05798200000000001,0.059779999999999986,2,"ERR4603759,ERR4603749",402
340,340,340,C,27046,T,0.6194689999999999,0.9380209999999999,25,"ERR4604086,ERR4604090,ERR4603974,ERR4604075,ERR4603979,ERR4604009,ERR4603843,ERR4603753,ERR4603822,ERR4604118,ERR4603947,ERR4604132,ERR4603871,ERR4604040,ERR4603757,ERR4604173,ERR4603787,ERR4603985,ERR4604182,ERR4603837,ERR4603873,ERR4604116,ERR4603940,ERR4604072,ERR4603823",300
341,341,341,C,27213,T,0.10015299999999999,0.9825219999999999,3,"ERR4604046,ERR4603888,ERR4604068",301
342,342,342,G,27281,T,0.949657,0.954642,2,"ERR4603963,ERR4603864",308
343,343,343,C,27323,T,0.053311000000000004,0.16606700000000002,2,"ERR4604205,ERR4603985",302
344,344,344,GGAGATTGATTA,27375,G,0.896495,0.99459,19,"ERR4603881,ERR4604016,ERR4603726,ERR4603848,ERR4604008,ERR4604080,ERR4603733,ERR4604053,ERR4603763,ERR4604002,ERR4603899,ERR4603967,ERR4603813,ERR4604055,ERR4604166,ERR4604070,ERR4603857,ERR4603744,ERR4604030",397
345,345,345,C,27442,T,0.382339,0.9603360000000001,33,"ERR4603790,ERR4603964,ERR4604112,ERR4604174,ERR4603952,ERR4603879,ERR4603877,ERR4604047,ERR4604010,ERR4603840,ERR4604027,ERR4604050,ERR4603789,ERR4603883,ERR4603849,ERR4603977,ERR4603817,ERR4603738,ERR4604115,ERR4603727,ERR4604000,ERR4603956,ERR4604206,ERR4603847,ERR4604069,ERR4603796,ERR4603949,ERR4604191,ERR4603731,ERR4604061,ERR4604137,ERR4603711,ERR4603918",303
346,346,346,C,27600,T,0.8991870000000001,0.949367,2,"ERR4603927,ERR4604065",304
347,347,347,CTTTACTCTCCAA,27679,C,0.9883569999999999,0.988459,2,"ERR4603876,ERR4603751",396
348,348,348,A,27784,T,0.05177999999999999,0.13103399999999998,14,"ERR4603875,ERR4603916,ERR4604108,ERR4603908,ERR4604150,ERR4603958,ERR4603768,ERR4603870,ERR4603931,ERR4604146,ERR4604127,ERR4603809,ERR4603900,ERR4603821",314
349,349,349,C,27849,T,0.073394,0.10954100000000001,2,"ERR4603909,ERR4603978",305
350,350,350,C,27855,A,0.139241,0.4375,4,"ERR4603818,ERR4604044,ERR4603810,ERR4603950",356
351,351,351,C,27903,T,0.060897,0.11453699999999999,2,"ERR4603743,ERR4604183",306
352,352,352,C,27920,T,0.095876,0.388889,2,"ERR4604114,ERR4604193",307
353,353,353,T,28144,C,0.08854400000000001,0.984893,17,"ERR4603773,ERR4603903,ERR4603959,ERR4604209,ERR4604041,ERR4604044,ERR4603818,ERR4604121,ERR4603778,ERR4604122,ERR4604123,ERR4603929,ERR4603861,ERR4604160,ERR4603950,ERR4603810,ERR4603833",358
354,354,354,G,28167,A,0.8906219999999999,0.964551,12,"ERR4603773,ERR4603959,ERR4604121,ERR4604123,ERR4603778,ERR4603950,ERR4603818,ERR4604160,ERR4603929,ERR4603861,ERR4604044,ERR4603810",357
355,355,355,T,28250,TCTG,0.14,0.42155299999999996,2,"ERR4603793,ERR4603945",393
356,356,356,C,28253,T,0.050207999999999996,0.231868,11,"ERR4604045,ERR4603775,ERR4603901,ERR4604207,ERR4603737,ERR4604146,ERR4604135,ERR4603921,ERR4604015,ERR4603943,ERR4604162",311
357,357,357,CA,28253,C,0.06955399999999999,0.42356499999999997,3,"ERR4603793,ERR4603945,ERR4603930",361
358,358,358,G,28302,T,0.092951,0.893964,2,"ERR4603976,ERR4603918",309
359,359,359,C,28312,T,0.058804999999999996,0.925751,3,"ERR4603871,ERR4603990,ERR4604134",310
360,360,360,A,28387,G,0.9448110000000001,0.948076,2,"ERR4603927,ERR4604065",313
361,361,361,C,28409,T,0.9710799999999999,0.981657,2,"ERR4603866,ERR4603811",312
362,362,362,T,28464,C,0.223602,0.702703,2,"ERR4603945,ERR4604060",359
363,363,363,G,28580,T,0.53889,0.875417,25,"ERR4603881,ERR4604175,ERR4604166,ERR4604016,ERR4604015,ERR4603726,ERR4604053,ERR4603967,ERR4604008,ERR4603722,ERR4603899,ERR4604002,ERR4604080,ERR4603848,ERR4603813,ERR4603733,ERR4604055,ERR4603744,ERR4604049,ERR4603857,ERR4603763,ERR4604070,ERR4604030,ERR4603743,ERR4604060",342
364,364,364,C,28657,T,0.06380599999999999,0.833627,2,"ERR4603896,ERR4603875",315
365,365,365,C,28674,T,0.94111,0.9581040000000001,2,"ERR4603801,ERR4604003",316
366,366,366,C,28697,T,0.050966000000000004,0.089543,2,"ERR4604101,ERR4603810",317
367,367,367,T,28705,C,0.121777,0.306881,2,"ERR4603971,ERR4604025",360
368,368,368,A,28795,G,0.107199,0.956952,2,"ERR4603799,ERR4604105",339
369,369,369,C,28826,T,0.528838,0.709163,2,"ERR4604058,ERR4604197",318
370,370,370,C,28836,T,0.093807,0.96875,19,"ERR4604136,ERR4603795,ERR4604110,ERR4604172,ERR4604062,ERR4603774,ERR4604178,ERR4603835,ERR4604167,ERR4603852,ERR4604133,ERR4604149,ERR4603976,ERR4604186,ERR4603755,ERR4604031,ERR4603965,ERR4604054,ERR4603918",319
371,371,371,G,28842,T,0.829203,0.840088,3,"ERR4603911,ERR4603928,ERR4603919",334
372,372,372,C,28849,T,0.47134,0.846751,2,"ERR4604043,ERR4604164",320
373,373,373,G,28851,T,0.46809799999999996,0.9037790000000001,15,"ERR4604199,ERR4603892,ERR4604064,ERR4604147,ERR4603942,ERR4604188,ERR4604151,ERR4603750,ERR4603776,ERR4604081,ERR4604007,ERR4603969,ERR4604104,ERR4603865,ERR4604074",333
374,374,374,C,28854,T,0.06603300000000001,1.0,50,"ERR4603990,ERR4603964,ERR4603794,ERR4603714,ERR4603790,ERR4604061,ERR4604206,ERR4604027,ERR4603840,ERR4604163,ERR4603951,ERR4603804,ERR4604010,ERR4603879,ERR4604000,ERR4604050,ERR4604047,ERR4603952,ERR4603789,ERR4604036,ERR4604079,ERR4603717,ERR4604112,ERR4603989,ERR4604174,ERR4603812,ERR4603877,ERR4604143,ERR4603980,ERR4603849,ERR4604115,ERR4604069,ERR4604191,ERR4603883,ERR4603956,ERR4603970,ERR4604153,ERR4603796,ERR4603817,ERR4603949,ERR4604137,ERR4603738,ERR4603977,ERR4603727,ERR4603847,ERR4603785,ERR4603731,ERR4603918,ERR4603711,ERR4604054",321
375,375,375,A,28877,T,0.050808,0.9200450000000001,6,"ERR4604105,ERR4604111,ERR4603831,ERR4603814,ERR4604072,ERR4603806",338
376,376,376,G,28878,A,0.661191,0.805687,12,"ERR4603959,ERR4603773,ERR4603810,ERR4604121,ERR4604123,ERR4604044,ERR4603929,ERR4604160,ERR4603861,ERR4603818,ERR4603950,ERR4603778",344
377,377,377,G,28878,C,0.050808,0.8867510000000001,6,"ERR4604111,ERR4603831,ERR4603814,ERR4604105,ERR4604072,ERR4603806",348
379,378,379,G,28881,T,0.8418209999999999,0.846231,2,"ERR4604056,ERR4604180",332
378,379,378,G,28881,A,0.210037,0.930233,238,"ERR4603737,ERR4604059,ERR4603832,ERR4604127,ERR4603993,ERR4604169,ERR4603907,ERR4604204,ERR4604046,ERR4604166,ERR4603862,ERR4604142,ERR4603758,ERR4603881,ERR4604146,ERR4604086,ERR4603863,ERR4604175,ERR4603782,ERR4604006,ERR4603921,ERR4604085,ERR4604187,ERR4603908,ERR4604016,ERR4603768,ERR4604033,ERR4604157,ERR4603746,ERR4603729,ERR4604028,ERR4603784,ERR4603926,ERR4603914,ERR4603791,ERR4603880,ERR4603938,ERR4603878,ERR4603909,ERR4604196,ERR4604051,ERR4603759,ERR4604008,ERR4603801,ERR4603947,ERR4604042,ERR4603825,ERR4604014,ERR4604015,ERR4604080,ERR4604192,ERR4603816,ERR4603999,ERR4603901,ERR4604108,ERR4604150,ERR4604208,ERR4603848,ERR4604002,ERR4604144,ERR4603941,ERR4604076,ERR4603718,ERR4603975,ERR4604022,ERR4603943,ERR4603864,ERR4604138,ERR4603792,ERR4604082,ERR4603963,ERR4604102,ERR4603884,ERR4604185,ERR4603900,ERR4603893,ERR4604132,ERR4604088,ERR4603762,ERR4604171,ERR4603733,ERR4603991,ERR4603779,ERR4604032,ERR4604035,ERR4603910,ERR4603988,ERR4603815,ERR4604023,ERR4604026,ERR4603931,ERR4603725,ERR4603912,ERR4603905,ERR4603851,ERR4603783,ERR4603898,ERR4603802,ERR4603751,ERR4603860,ERR4604009,ERR4603753,ERR4603813,ERR4603882,ERR4603859,ERR4603797,ERR4604004,ERR4603721,ERR4603726,ERR4604078,ERR4603854,ERR4603856,ERR4603752,ERR4603992,ERR4603713,ERR4604105,ERR4603944,ERR4603974,ERR4603874,ERR4603998,ERR4603819,ERR4603761,ERR4604179,ERR4603957,ERR4603734,ERR4604053,ERR4603850,ERR4603933,ERR4604030,ERR4604176,ERR4604164,ERR4604129,ERR4603760,ERR4603771,ERR4603822,ERR4603740,ERR4603982,ERR4603979,ERR4603843,ERR4604118,ERR4603793,ERR4603873,ERR4603922,ERR4604148,ERR4604063,ERR4603808,ERR4603888,ERR4603995,ERR4603971,ERR4604189,ERR4603983,ERR4603967,ERR4603806,ERR4603940,ERR4603986,ERR4603722,ERR4603913,ERR4604075,ERR4603831,ERR4603780,ERR4603954,ERR4604040,ERR4603899,ERR4604072,ERR4604003,ERR4604168,ERR4604165,ERR4603743,ERR4604001,ERR4603886,ERR4603924,ERR4603745,ERR4603837,ERR4603775,ERR4604034,ERR4604049,ERR4604126,ERR4603799,ERR4603923,ERR4604055,ERR4603885,ERR4603763,ERR4603985,ERR4603814,ERR4603876,ERR4604090,ERR4604210,ERR4603897,ERR4603787,ERR4603894,ERR4604083,ERR4604198,ERR4604111,ERR4604106,ERR4604182,ERR4603741,ERR4604070,ERR4603836,ERR4603846,ERR4603715,ERR4604162,ERR4604057,ERR4604173,ERR4603744,ERR4604021,ERR4604084,ERR4604158,ERR4603770,ERR4604048,ERR4604011,ERR4604116,ERR4603772,ERR4604094,ERR4603857,ERR4603994,ERR4603844,ERR4604131,ERR4604195,ERR4603871,ERR4603724,ERR4603858,ERR4603757,ERR4603925,ERR4604097,ERR4603930,ERR4604152,ERR4604071,ERR4604161,ERR4604134,ERR4603978,ERR4604119,ERR4603917,ERR4603823,ERR4603711,ERR4604060,ERR4603918,ERR4603915,ERR4603788",345
380,380,380,G,28882,A,0.057777999999999996,0.947368,239,"ERR4603993,ERR4604015,ERR4603832,ERR4603758,ERR4603772,ERR4604059,ERR4603737,ERR4604169,ERR4603908,ERR4604146,ERR4604127,ERR4604204,ERR4603782,ERR4604086,ERR4604157,ERR4603746,ERR4603768,ERR4603878,ERR4604006,ERR4603921,ERR4604166,ERR4604142,ERR4604187,ERR4603907,ERR4603862,ERR4603759,ERR4603863,ERR4604046,ERR4603881,ERR4604033,ERR4604175,ERR4603791,ERR4604028,ERR4603926,ERR4604016,ERR4603914,ERR4603784,ERR4603901,ERR4603729,ERR4604008,ERR4603880,ERR4604014,ERR4604196,ERR4604051,ERR4604076,ERR4604192,ERR4604042,ERR4604022,ERR4603848,ERR4603816,ERR4603991,ERR4603909,ERR4603922,ERR4604080,ERR4604150,ERR4603718,ERR4603783,ERR4604132,ERR4603751,ERR4604144,ERR4603938,ERR4603941,ERR4603864,ERR4603975,ERR4604138,ERR4603825,ERR4603792,ERR4603801,ERR4603957,ERR4603988,ERR4603733,ERR4604082,ERR4603753,ERR4603854,ERR4603943,ERR4604208,ERR4604102,ERR4604002,ERR4604023,ERR4603797,ERR4603860,ERR4604088,ERR4604108,ERR4603999,ERR4603819,ERR4603912,ERR4603726,ERR4603944,ERR4603947,ERR4603761,ERR4604026,ERR4603752,ERR4603982,ERR4603992,ERR4603893,ERR4604009,ERR4603843,ERR4603815,ERR4603905,ERR4604053,ERR4604085,ERR4603967,ERR4603762,ERR4604185,ERR4603979,ERR4603900,ERR4604171,ERR4604134,ERR4604164,ERR4604176,ERR4603931,ERR4603974,ERR4603722,ERR4603882,ERR4603721,ERR4603713,ERR4603954,ERR4603808,ERR4603851,ERR4603734,ERR4603963,ERR4604129,ERR4603933,ERR4604165,ERR4603793,ERR4603874,ERR4603998,ERR4603983,ERR4603850,ERR4604063,ERR4603978,ERR4603806,ERR4604198,ERR4603779,ERR4603725,ERR4603856,ERR4603898,ERR4604179,ERR4604034,ERR4603884,ERR4604004,ERR4603822,ERR4603910,ERR4603924,ERR4603859,ERR4603770,ERR4604189,ERR4603846,ERR4603986,ERR4604090,ERR4603913,ERR4604071,ERR4603971,ERR4604078,ERR4603802,ERR4603894,ERR4603923,ERR4604049,ERR4604030,ERR4604075,ERR4603740,ERR4603813,ERR4604055,ERR4603899,ERR4604040,ERR4604072,ERR4603744,ERR4603763,ERR4603876,ERR4604003,ERR4604070,ERR4604148,ERR4603886,ERR4604035,ERR4603831,ERR4603743,ERR4604118,ERR4604126,ERR4603741,ERR4603897,ERR4604168,ERR4603775,ERR4603757,ERR4604116,ERR4603780,ERR4604105,ERR4604011,ERR4603745,ERR4603760,ERR4604021,ERR4603771,ERR4604001,ERR4604106,ERR4603724,ERR4604182,ERR4603715,ERR4603799,ERR4604173,ERR4603844,ERR4604094,ERR4604032,ERR4603837,ERR4603885,ERR4604152,ERR4603787,ERR4603995,ERR4603836,ERR4604158,ERR4604111,ERR4603888,ERR4603917,ERR4603940,ERR4603925,ERR4604083,ERR4603858,ERR4603873,ERR4603985,ERR4603857,ERR4604210,ERR4604161,ERR4604097,ERR4603994,ERR4604084,ERR4604057,ERR4604131,ERR4604195,ERR4604048,ERR4603871,ERR4604162,ERR4603930,ERR4603814,ERR4604119,ERR4603823,ERR4603711,ERR4604060,ERR4603918,ERR4603915,ERR4603788,ERR4604159",346
381,381,381,G,28883,C,0.239941,1.0,238,"ERR4603772,ERR4604015,ERR4604196,ERR4603878,ERR4603737,ERR4603768,ERR4603993,ERR4603746,ERR4604033,ERR4603926,ERR4603907,ERR4604204,ERR4603782,ERR4604169,ERR4604086,ERR4604006,ERR4604146,ERR4603921,ERR4604166,ERR4603908,ERR4604127,ERR4603881,ERR4603914,ERR4603912,ERR4604175,ERR4604046,ERR4604187,ERR4604142,ERR4604016,ERR4604157,ERR4603863,ERR4603729,ERR4603758,ERR4603791,ERR4603862,ERR4603784,ERR4604028,ERR4603831,ERR4603894,ERR4603779,ERR4603974,ERR4604111,ERR4603753,ERR4603850,ERR4603751,ERR4603797,ERR4603775,ERR4603992,ERR4604150,ERR4604144,ERR4604080,ERR4604129,ERR4603998,ERR4604035,ERR4604051,ERR4603901,ERR4603846,ERR4603816,ERR4604034,ERR4603722,ERR4603957,ERR4603801,ERR4604176,ERR4603843,ERR4604105,ERR4604179,ERR4603799,ERR4604008,ERR4604132,ERR4604088,ERR4603963,ERR4603954,ERR4604102,ERR4603718,ERR4603860,ERR4603909,ERR4603985,ERR4604085,ERR4604082,ERR4603806,ERR4604164,ERR4603759,ERR4603983,ERR4603848,ERR4603876,ERR4604165,ERR4604072,ERR4603743,ERR4603882,ERR4603944,ERR4603880,ERR4604059,ERR4603752,ERR4603995,ERR4604198,ERR4603905,ERR4603988,ERR4603792,ERR4603815,ERR4603762,ERR4604042,ERR4603979,ERR4604075,ERR4604030,ERR4603947,ERR4603851,ERR4604023,ERR4604053,ERR4603999,ERR4603761,ERR4603832,ERR4603814,ERR4603864,ERR4603740,ERR4603825,ERR4603913,ERR4603938,ERR4603931,ERR4603854,ERR4604108,ERR4604076,ERR4603822,ERR4603725,ERR4603933,ERR4603783,ERR4604126,ERR4603898,ERR4604185,ERR4603724,ERR4604090,ERR4603713,ERR4603726,ERR4603888,ERR4603943,ERR4603721,ERR4603899,ERR4604171,ERR4604071,ERR4604014,ERR4604138,ERR4603991,ERR4603808,ERR4603982,ERR4603760,ERR4603971,ERR4603922,ERR4604078,ERR4603856,ERR4603986,ERR4604004,ERR4604208,ERR4603836,ERR4603975,ERR4604161,ERR4604192,ERR4603924,ERR4603900,ERR4604002,ERR4604022,ERR4604040,ERR4603813,ERR4604057,ERR4603874,ERR4603787,ERR4604026,ERR4604131,ERR4604148,ERR4604055,ERR4603733,ERR4604084,ERR4603893,ERR4604049,ERR4603771,ERR4604003,ERR4604097,ERR4603734,ERR4604021,ERR4603923,ERR4604070,ERR4603871,ERR4604106,ERR4604210,ERR4604048,ERR4603967,ERR4604116,ERR4604158,ERR4603925,ERR4604189,ERR4603745,ERR4603859,ERR4604152,ERR4604094,ERR4603780,ERR4603770,ERR4603819,ERR4604173,ERR4603741,ERR4604168,ERR4603858,ERR4604001,ERR4603744,ERR4603763,ERR4603757,ERR4603793,ERR4603715,ERR4603837,ERR4603886,ERR4604083,ERR4603978,ERR4603897,ERR4604182,ERR4604011,ERR4603885,ERR4604063,ERR4604162,ERR4603857,ERR4603873,ERR4603940,ERR4603930,ERR4603994,ERR4603844,ERR4604009,ERR4604195,ERR4604134,ERR4603941,ERR4603884,ERR4603802,ERR4604118,ERR4604032,ERR4604119,ERR4603917,ERR4603910,ERR4603823,ERR4603711,ERR4604060,ERR4603918,ERR4603788,ERR4603915",349
382,382,382,A,28910,C,0.742095,0.920158,9,"ERR4603753,ERR4603974,ERR4603940,ERR4603822,ERR4604009,ERR4604116,ERR4603837,ERR4604182,ERR4604072",340
383,383,383,C,28969,T,0.9511860000000001,0.963889,2,"ERR4603894,ERR4603954",322
384,384,384,A,29031,G,0.127072,0.227435,3,"ERR4603779,ERR4603850,ERR4603922",343
385,385,385,G,29032,T,0.06267,0.626717,2,"ERR4603777,ERR4603834",331
386,386,386,G,29033,A,0.05559,0.235071,5,"ERR4604204,ERR4603807,ERR4603736,ERR4603861,ERR4603958",347
387,387,387,G,29033,T,0.084297,0.161824,4,"ERR4603933,ERR4603924,ERR4604108,ERR4603960",330
388,388,388,C,29034,T,0.051849,0.21171199999999998,3,"ERR4604009,ERR4604204,ERR4604146",323
389,389,389,T,29035,C,0.060046,0.549564,3,"ERR4603916,ERR4604040,ERR4604008",350
390,390,390,C,29095,T,0.18246099999999998,0.9343940000000001,2,"ERR4604078,ERR4604055",324
391,391,391,C,29144,T,0.145532,1.0,2,"ERR4603990,ERR4604103",325
392,392,392,A,29378,T,0.099502,0.195122,2,"ERR4604003,ERR4604100",337
393,393,393,G,29468,C,0.918544,0.927215,2,"ERR4604045,ERR4604066",367
394,394,394,C,29545,T,0.10973499999999999,0.45588599999999996,2,"ERR4603791,ERR4604089",326
395,395,395,C,29627,T,0.778904,0.945118,15,"ERR4603974,ERR4603753,ERR4603822,ERR4603979,ERR4603947,ERR4603757,ERR4604118,ERR4604173,ERR4603837,ERR4603843,ERR4604116,ERR4604182,ERR4603940,ERR4604009,ERR4604072",327
396,396,396,A,29683,T,0.797265,0.81927,2,"ERR4603767,ERR4603754",341
397,397,397,G,29688,T,0.051397000000000005,0.772103,2,"ERR4603916,ERR4604071",336
398,398,398,G,29734,C,0.91865,0.986139,5,"ERR4604124,ERR4604190,ERR4603781,ERR4604103,ERR4604029",353
399,399,399,G,29742,T,0.05525599999999999,0.925974,3,"ERR4604063,ERR4604154,ERR4604135",335
400,400,400,G,29742,A,0.080501,0.925214,13,"ERR4603773,ERR4603959,ERR4604123,ERR4604121,ERR4604044,ERR4603861,ERR4603950,ERR4604160,ERR4603778,ERR4603929,ERR4603818,ERR4603810,ERR4603901",354
401,401,401,C,29743,T,0.065455,0.311688,2,"ERR4603997,ERR4604207",328
402,402,402,C,29774,T,0.39534400000000003,0.9576469999999999,2,"ERR4604168,ERR4604140",329
403,403,403,T,29867,A,0.089286,1.0,93,"ERR4603713,ERR4603748,ERR4603791,ERR4603952,ERR4603996,ERR4604050,ERR4604060,ERR4604062,ERR4604094,ERR4604113,ERR4604119,ERR4604131,ERR4604137,ERR4604171,ERR4603942,ERR4604132,ERR4603722,ERR4603790,ERR4603974,ERR4603799,ERR4604163,ERR4604013,ERR4604153,ERR4603804,ERR4603861,ERR4604069,ERR4604110,ERR4604167,ERR4604180,ERR4603785,ERR4603860,ERR4603924,ERR4603841,ERR4604095,ERR4604044,ERR4603884,ERR4604174,ERR4604206,ERR4603966,ERR4604029,ERR4604102,ERR4604107,ERR4603741,ERR4603744,ERR4604056,ERR4603992,ERR4603879,ERR4603957,ERR4604097,ERR4603963,ERR4604099,ERR4603732,ERR4604006,ERR4604077,ERR4603801,ERR4603712,ERR4603950,ERR4603848,ERR4604034,ERR4603717,ERR4604016,ERR4604168,ERR4603755,ERR4604182,ERR4603727,ERR4603877,ERR4603816,ERR4603824,ERR4603998,ERR4604051,ERR4603951,ERR4604036,ERR4604084,ERR4604100,ERR4604129,ERR4603954,ERR4604057,ERR4604080,ERR4604176,ERR4603984,ERR4603965,ERR4604086,ERR4603881,ERR4604128,ERR4603821,ERR4604074,ERR4603794,ERR4603870,ERR4603876,ERR4604061,ERR4604118,ERR4603863,ERR4603751",355
