REF,POS,ALT,MinAF,MaxAF,NumSamples,SampleNames,MutationCluster
T,13,C,0.42307700000000004,0.498208,2,"SRR12733949,SRR12733858",164
C,19,T,0.666667,0.666667,1,SRR12733965,-47
C,20,T,0.55661,0.55661,1,SRR12733948,-55
C,21,T,0.7,0.7,1,SRR11953864,-64
C,36,T,0.616667,0.616667,1,SRR11954238,-219
C,100,T,0.360308,0.360308,1,SRR12733535,-31
G,105,T,0.707317,0.788009,2,"SRR12733310,SRR12733524",163
C,106,T,0.706958,0.706958,1,SRR12733523,-39
G,116,A,0.421196,0.421196,1,SRR12733916,-267
A,129,G,0.054353,0.054353,1,SRR11954271,-119
G,160,T,0.050109,0.15,54,"SRR11954197,SRR11953889,SRR12733843,SRR11954200,SRR12733825,SRR12733937,SRR12733957,SRR12734087,SRR11954110,SRR12733589,SRR12733826,SRR11954168,SRR11953808,SRR11954016,SRR11953911,SRR11954082,SRR12733833,SRR12733557,SRR11953767,SRR12733796,SRR12733756,SRR11953846,SRR12733890,SRR11953759,SRR11954264,SRR11954109,SRR11953866,SRR11953765,SRR11954189,SRR11953848,SRR12733867,SRR11954282,SRR11954286,SRR11954293,SRR12733986,SRR12733801,SRR12733638,SRR11953946,SRR11953871,SRR12733949,SRR12733663,SRR11954224,SRR12733510,SRR12733894,SRR11953924,SRR11953959,SRR12733767,SRR12733856,SRR11954176,SRR11954100,SRR11953886,SRR11954120,SRR12733747,SRR11953839",162
G,199,T,0.17133199999999998,0.17133199999999998,1,SRR11953763,-256
G,368,T,0.20883800000000002,0.20883800000000002,1,SRR12733576,-316
G,373,A,0.061249,0.061249,1,SRR11954264,-56
G,458,C,0.06285700000000001,0.112069,3,"SRR11953813,SRR11953939,SRR11953821",160
A,459,T,0.067797,0.11965799999999999,3,"SRR11953821,SRR11953813,SRR11953939",159
T,490,A,0.49936800000000003,0.6291,6,"SRR11953701,SRR11954046,SRR11954048,SRR11954104,SRR11953905,SRR11953858",161
A,507,C,0.12801500000000002,0.12801500000000002,1,SRR12733663,-155
A,555,G,0.06289299999999999,0.06289299999999999,1,SRR12733890,-158
G,614,A,0.057287,0.057287,1,SRR12733520,-81
C,643,T,0.058824,0.058824,1,SRR11953795,-216
C,657,T,0.187251,0.187251,1,SRR12733524,-214
A,781,G,0.07009299999999999,0.07009299999999999,1,SRR12733894,-71
C,823,T,0.05,0.653968,83,"SRR11953691,SRR11954256,SRR11953813,SRR12733858,SRR11953845,SRR11954099,SRR11953860,SRR12733861,SRR11954136,SRR12733862,SRR11953685,SRR12734025,SRR11954287,SRR11954011,SRR12733863,SRR12733803,SRR11954123,SRR12733865,SRR12733867,SRR11953972,SRR11954253,SRR11954196,SRR12733826,SRR11953816,SRR12733609,SRR11953764,SRR11953676,SRR12733830,SRR11954110,SRR12733551,SRR12733544,SRR12733833,SRR11953679,SRR12733541,SRR12733856,SRR12733540,SRR12733837,SRR12733839,SRR11953776,SRR12733841,SRR11953821,SRR12733842,SRR12733809,SRR12733851,SRR11954013,SRR12733521,SRR11953682,SRR11953959,SRR12733855,SRR11954114,SRR11954298,SRR11954077,SRR12733799,SRR12733957,SRR11954143,SRR12733784,SRR12733890,SRR12733747,SRR11953923,SRR11953773,SRR11953871,SRR11954161,SRR12733798,SRR11953896,SRR11953746,SRR11954074,SRR11954157,SRR11953892,SRR12733786,SRR11953887,SRR12733869,SRR12733910,SRR12733906,SRR11953795,SRR12733606,SRR12733870,SRR11954016,SRR12733783,SRR11954141,SRR12733872,SRR12733765,SRR12733876,SRR12733877",158
T,833,C,0.395887,0.649954,2,"SRR12733284,SRR12733381",165
G,891,A,0.183996,0.183996,1,SRR12733841,-41
A,993,C,0.056497000000000006,0.163934,15,"SRR12733454,SRR11953889,SRR12733963,SRR12734067,SRR12733763,SRR11953700,SRR11953759,SRR11954050,SRR11954253,SRR12733768,SRR12733724,SRR12733868,SRR11953998,SRR11953726,SRR11953817",157
C,1059,T,0.15,0.765756,5,"SRR12733524,SRR12733856,SRR11954112,SRR12733284,SRR12733381",156
A,1133,T,0.05075,0.097345,20,"SRR11954175,SRR11954210,SRR12733957,SRR11954256,SRR11953923,SRR11953980,SRR11954176,SRR11954299,SRR11954201,SRR11953975,SRR11953808,SRR11954136,SRR11953816,SRR11953723,SRR12733853,SRR11953746,SRR11953764,SRR11954141,SRR11954088,SRR11953817",155
C,1170,T,0.21269699999999997,0.21269699999999997,1,SRR11954201,-7
C,1190,T,0.070117,0.070117,1,SRR12733468,-18
C,1191,T,0.05036,0.05036,1,SRR12733568,-10
C,1205,T,0.052511,0.052511,1,SRR11954109,-12
C,1326,T,0.10832,0.10832,1,SRR11954160,-3
C,1346,T,0.095541,0.095541,1,SRR11953759,-40
T,1370,A,0.6193420000000001,0.6193420000000001,1,SRR12733705,-143
G,1383,T,0.053125,0.053125,1,SRR12734087,-275
C,1457,T,0.240788,0.240788,1,SRR12733284,-75
C,1528,T,0.07094199999999999,0.07094199999999999,1,SRR12733382,-79
G,1559,A,0.05,0.057348,2,"SRR12733894,SRR11954203",152
A,1631,C,0.055901,0.11510799999999999,21,"SRR12733763,SRR11953998,SRR12733764,SRR11953911,SRR12733721,SRR11954098,SRR11954109,SRR12733877,SRR12733913,SRR12733660,SRR12733619,SRR12733536,SRR11954203,SRR11954050,SRR11954068,SRR11953801,SRR12733319,SRR11953992,SRR12734051,SRR12733747,SRR11953726",153
A,1644,C,0.050351,0.060976,2,"SRR12733304,SRR12733305",154
T,1647,A,0.054054,0.054054,1,SRR12733304,-150
T,1656,A,0.059633000000000005,0.064,2,"SRR12733414,SRR12733304",151
A,1717,T,0.168033,0.168033,1,SRR11954011,-98
C,1722,T,0.75,0.75,1,SRR12733505,-89
G,1729,A,0.173333,0.173333,1,SRR12733496,-242
G,1820,A,0.171742,0.171742,1,SRR11953864,-246
G,1821,A,0.081818,0.081818,1,SRR11954207,-247
G,1868,A,0.772492,0.772492,1,SRR11953790,-250
C,1912,T,0.18015699999999998,0.18015699999999998,1,SRR12733576,-49
G,1957,A,0.664359,0.664359,1,SRR12733523,-253
G,2081,T,0.325651,0.325651,1,SRR12733614,-259
C,2121,A,0.192727,0.192727,1,SRR12733290,-190
G,2272,A,0.091963,0.091963,1,SRR12733303,-263
A,2296,G,0.054934000000000004,0.054934000000000004,1,SRR11953926,-140
C,2416,T,0.06881799999999999,0.553879,7,"SRR12733310,SRR12733936,SRR12733284,SRR12733611,SRR12733381,SRR12733312,SRR12733856",149
A,2521,T,0.054054,0.054054,1,SRR11954050,-170
A,2647,G,0.19403,0.19403,1,SRR12733524,-181
A,2653,G,0.061094,0.061094,1,SRR11954020,-182
G,2659,T,0.08141,0.08141,1,SRR12733478,-343
C,2667,T,0.0553,0.06599,4,"SRR12733843,SRR11953953,SRR12733865,SRR11953821",147
C,2695,T,0.21190100000000003,0.21190100000000003,1,SRR12733487,-367
C,2704,T,0.073357,0.073357,1,SRR12733870,-368
A,2745,C,0.051613,0.166667,4,"SRR11953939,SRR11954024,SRR11953878,SRR12733833",148
T,2887,C,0.09389700000000001,0.09389700000000001,1,SRR12733998,-118
C,2983,T,0.26503699999999997,0.26503699999999997,1,SRR11954251,-360
C,3045,T,0.147094,0.147094,1,SRR11953790,-361
A,3078,C,0.052023,0.097015,13,"SRR12733964,SRR12733959,SRR11954024,SRR12733712,SRR11954102,SRR12733877,SRR12733327,SRR11953775,SRR11953906,SRR12733351,SRR12733868,SRR12733825,SRR11953855",145
C,3096,T,0.07475599999999999,0.07475599999999999,1,SRR11954234,-314
C,3177,T,0.5924010000000001,0.6503140000000001,6,"SRR11954046,SRR11954104,SRR11953701,SRR11954048,SRR11953905,SRR11953858",144
G,3242,A,0.154749,0.154749,1,SRR12733487,-326
C,3290,G,0.05,0.053029999999999994,3,"SRR12733425,SRR11954068,SRR12733444",143
G,3304,T,0.098592,0.098592,1,SRR12733361,-318
C,3411,T,0.209605,0.209605,1,SRR11953945,-287
G,3467,T,0.050147000000000004,0.11718800000000001,23,"SRR12733799,SRR11954025,SRR11953808,SRR11953755,SRR11953773,SRR11953821,SRR11954256,SRR11954120,SRR12733637,SRR11954176,SRR11953673,SRR11954136,SRR12734097,SRR11954299,SRR12733589,SRR11954109,SRR11954102,SRR11953816,SRR11953978,SRR11953813,SRR11954198,SRR11954141,SRR11953923",142
C,3486,T,0.07599600000000001,0.07599600000000001,1,SRR11954256,-217
A,3500,C,0.067039,0.067039,1,SRR12733538,-148
C,3589,T,0.090725,0.090725,1,SRR11953896,-218
T,3610,G,0.095238,0.095238,1,SRR11953878,-130
G,3689,T,0.060403,0.060403,1,SRR11953813,-60
C,3773,A,0.065388,0.065388,1,SRR11953888,-220
C,3773,T,0.068264,0.068264,1,SRR12733431,-221
A,3816,G,0.199541,0.199541,1,SRR12733933,-149
G,3892,T,0.785609,0.785609,1,SRR11954112,-52
G,3896,A,0.06502100000000001,0.071698,2,"SRR12733861,SRR12733862",146
C,4113,T,0.14968599999999999,0.14968599999999999,1,SRR11954083,-222
T,4174,C,0.572816,0.572816,1,SRR12733376,-139
A,4229,C,0.050167,0.10365899999999999,43,"SRR12733870,SRR11954299,SRR11954143,SRR11953754,SRR12733738,SRR11954150,SRR11953887,SRR11953923,SRR11953740,SRR11953773,SRR11954168,SRR12733796,SRR11953917,SRR11953848,SRR11954102,SRR11954196,SRR11954203,SRR11953824,SRR11954114,SRR11954219,SRR12733865,SRR11954082,SRR11954210,SRR11954273,SRR11953679,SRR11953953,SRR12733807,SRR11954099,SRR11954256,SRR12733541,SRR11954031,SRR12733509,SRR11954000,SRR11953760,SRR11954202,SRR11953860,SRR11953821,SRR12733869,SRR11954286,SRR12733843,SRR11953776,SRR11954013,SRR11953673",141
A,4233,C,0.05,0.080247,10,"SRR12733510,SRR11953679,SRR11953848,SRR11954016,SRR11953860,SRR11954219,SRR11953821,SRR11954196,SRR11953682,SRR11954273",140
T,4329,C,0.050279000000000004,0.120879,33,"SRR12733738,SRR12733825,SRR12733554,SRR12733712,SRR11954161,SRR12733721,SRR11954203,SRR12733481,SRR11954219,SRR11954102,SRR11953866,SRR11953765,SRR11954077,SRR11954273,SRR12733503,SRR12733497,SRR11953755,SRR11954074,SRR11953682,SRR11953953,SRR12733437,SRR12734013,SRR12733502,SRR12733483,SRR11953754,SRR11953821,SRR12733986,SRR12733525,SRR12733843,SRR12733876,SRR11953959,SRR12733468,SRR12733472",150
C,4338,T,0.050459,0.086957,29,"SRR11953975,SRR11953923,SRR11953755,SRR11953711,SRR11954086,SRR11954203,SRR11954050,SRR11954102,SRR11953754,SRR11953816,SRR11953740,SRR11953808,SRR11953746,SRR11954025,SRR11954088,SRR11954202,SRR11953686,SRR11953917,SRR11953960,SRR11953760,SRR11954198,SRR11954256,SRR11954201,SRR11953927,SRR11954176,SRR11954299,SRR11954189,SRR11953764,SRR11954082",139
C,4423,T,0.113103,0.113103,1,SRR11954112,-224
A,4465,C,0.052326,0.09729700000000001,13,"SRR12733843,SRR11954102,SRR11953813,SRR11953821,SRR11954299,SRR11953953,SRR11953701,SRR11953917,SRR11954253,SRR12733638,SRR11954024,SRR11954086,SRR11954074",138
C,4475,T,0.157143,0.157143,1,SRR11953978,-225
A,4574,C,0.05,0.18348599999999998,33,"SRR11953808,SRR11954161,SRR11953867,SRR11954295,SRR12733660,SRR11954068,SRR12733589,SRR12733825,SRR12733877,SRR12733756,SRR12733712,SRR12733501,SRR12733763,SRR11954098,SRR11953755,SRR12733768,SRR11953939,SRR11953700,SRR11953897,SRR11954207,SRR11953992,SRR11953886,SRR12733738,SRR12733554,SRR11954100,SRR11954244,SRR12733316,SRR12733536,SRR12733619,SRR12733538,SRR11954074,SRR11953817,SRR12733778",137
C,4755,T,0.080717,0.080717,1,SRR12733796,-226
T,4771,A,0.060403,0.060403,1,SRR11954068,-138
A,4773,G,0.06756799999999999,0.06756799999999999,1,SRR11954068,-153
T,4885,C,0.055207000000000006,0.055207000000000006,1,SRR11954171,-137
G,4925,T,0.291946,0.291946,1,SRR11953848,-46
T,4949,C,0.710383,0.710383,1,SRR11954106,-136
C,5192,T,0.161657,0.161657,1,SRR12733629,-227
T,5218,C,0.716418,0.716418,1,SRR11953759,-132
C,5239,T,0.123894,0.123894,1,SRR11953767,-228
C,5262,G,0.053097000000000005,0.072464,6,"SRR11954141,SRR12733949,SRR11953927,SRR12733910,SRR11953819,SRR11953808",132
C,5298,T,0.75641,0.75641,1,SRR11954021,-230
A,5372,G,0.052632000000000005,0.098214,20,"SRR11954024,SRR11954050,SRR11953808,SRR11954025,SRR12733877,SRR11954141,SRR12733867,SRR11954102,SRR12733833,SRR11953867,SRR11954088,SRR11953764,SRR11953701,SRR12733959,SRR11954295,SRR11954086,SRR11954198,SRR11954082,SRR11954203,SRR11954176",131
A,5426,C,0.057398000000000005,0.057398000000000005,1,SRR11954196,-157
G,5515,T,0.352998,0.352998,1,SRR12733463,-69
C,5526,T,0.180328,0.180328,1,SRR12733524,-231
C,5544,T,0.09059400000000001,0.09059400000000001,1,SRR12733431,-232
A,5570,G,0.052632000000000005,0.052632000000000005,1,SRR12733877,-159
A,5725,G,0.07319500000000001,0.6120899999999999,5,"SRR12733611,SRR12733570,SRR12733936,SRR12733310,SRR12733312",130
G,5743,C,0.051073,0.10546900000000001,17,"SRR12734112,SRR11954068,SRR12733519,SRR12733853,SRR11954011,SRR11954098,SRR12733376,SRR12733288,SRR12733982,SRR12733623,SRR12733327,SRR12733399,SRR12733384,SRR12733433,SRR11953821,SRR12733467,SRR12733468",134
T,5744,C,0.050809,0.097276,21,"SRR12733288,SRR11954011,SRR12733853,SRR12733519,SRR12733846,SRR12734112,SRR12733963,SRR11954098,SRR12733468,SRR12733376,SRR11953821,SRR12733399,SRR12733982,SRR12733763,SRR12733384,SRR12733467,SRR12733327,SRR12733921,SRR12733623,SRR12733433,SRR11954068",136
G,5765,A,0.050119,0.183673,46,"SRR12733514,SRR12733619,SRR12733516,SRR12733527,SRR12733481,SRR12733519,SRR12734067,SRR12733436,SRR12733534,SRR12733304,SRR11953691,SRR12733975,SRR12733475,SRR12733868,SRR11954068,SRR12733492,SRR12733467,SRR12734004,SRR11954109,SRR12733445,SRR11953755,SRR12733462,SRR12733457,SRR12733499,SRR11954176,SRR12733502,SRR12733425,SRR12733450,SRR12733496,SRR12733405,SRR12733479,SRR12733369,SRR12733321,SRR12733578,SRR12733383,SRR12733567,SRR11953998,SRR12733381,SRR12733724,SRR12733376,SRR11953701,SRR11953726,SRR12733319,SRR12733566,SRR11954161,SRR12733377",135
G,5766,C,0.05,0.196078,57,"SRR12733492,SRR11953691,SRR12733868,SRR12733496,SRR12733499,SRR12733481,SRR12733479,SRR12733483,SRR12733998,SRR12733514,SRR12733516,SRR12734004,SRR12733519,SRR12734067,SRR12733527,SRR12733534,SRR11953998,SRR12733566,SRR12733567,SRR12733502,SRR12733475,SRR12733376,SRR12733467,SRR11954161,SRR12733381,SRR12733375,SRR11953726,SRR12733383,SRR12733405,SRR12733409,SRR12733425,SRR12733435,SRR12733369,SRR12733436,SRR12733349,SRR12733471,SRR12733321,SRR12733319,SRR12733445,SRR11953701,SRR12733304,SRR12733450,SRR12733975,SRR11954068,SRR12733977,SRR11954176,SRR12733457,SRR12733283,SRR12733377,SRR12733440,SRR12733765,SRR12733462,SRR12733619,SRR11954109,SRR12733624,SRR12733611,SRR12733724",133
C,5784,T,0.147612,0.147612,1,SRR12733406,-233
C,5826,A,0.059322,0.059322,1,SRR12733554,-234
C,5849,T,0.799697,0.799697,1,SRR12733502,-235
T,5941,A,0.062407000000000004,0.062407000000000004,1,SRR12733375,-131
C,6033,T,0.18828,0.18828,1,SRR11954235,-236
A,6251,G,0.053474,0.053474,1,SRR11953972,-161
G,6254,T,0.07200000000000001,0.088496,2,"SRR12733660,SRR12734135",129
C,6255,T,0.088496,0.088496,1,SRR12733660,-237
G,6456,A,0.050633,0.069672,10,"SRR12733523,SRR12733381,SRR12733450,SRR12733453,SRR12733334,SRR12733437,SRR12733482,SRR12733502,SRR12733513,SRR12733435",128
A,6604,G,0.050193,0.157895,54,"SRR11954234,SRR11953923,SRR11953764,SRR11954102,SRR11953754,SRR11954198,SRR12733869,SRR12733826,SRR11953773,SRR11953760,SRR12733830,SRR11954161,SRR11954256,SRR12733870,SRR12733592,SRR11954189,SRR11954210,SRR12733942,SRR11953740,SRR11954190,SRR11953816,SRR12733605,SRR11953975,SRR11954301,SRR12733954,SRR11953927,SRR11954013,SRR11954082,SRR11954160,SRR11953755,SRR11954299,SRR11954202,SRR11954176,SRR11953846,SRR12733861,SRR11954099,SRR11954201,SRR12733858,SRR11954075,SRR11954086,SRR11954031,SRR11953855,SRR12733663,SRR12734097,SRR12733798,SRR11954120,SRR11954088,SRR12733799,SRR11953808,SRR11953866,SRR11954025,SRR11953980,SRR11953723,SRR11954141",125
C,6633,T,0.352941,0.352941,1,SRR12733444,-191
C,6638,T,0.055999999999999994,0.063889,2,"SRR11954196,SRR11954150",126
A,6677,G,0.565182,0.565182,1,SRR12733999,-163
A,6739,G,0.06323200000000001,0.06323200000000001,1,SRR11954255,-94
T,6766,C,0.051181,0.09009,7,"SRR11953925,SRR12733798,SRR11953766,SRR12733954,SRR12733957,SRR12733827,SRR11954053",127
C,6840,T,0.058252,0.058252,1,SRR11954176,-193
G,7214,T,0.07446799999999999,0.07446799999999999,1,SRR11953700,-87
C,7279,T,0.14388499999999999,0.14388499999999999,1,SRR12733993,-194
G,7393,A,0.062937,0.062937,1,SRR12733765,-80
C,7401,T,0.098341,0.098341,1,SRR12733296,-195
G,7459,A,0.051338999999999996,0.119048,22,"SRR11954088,SRR11954075,SRR11953866,SRR11954086,SRR11954105,SRR11953924,SRR11954120,SRR11953746,SRR11953821,SRR11954102,SRR11954109,SRR11953917,SRR11953813,SRR11954150,SRR11953939,SRR12733510,SRR11953946,SRR11953682,SRR11953711,SRR11954100,SRR11954082,SRR12733592",124
A,7507,C,0.050339999999999996,0.144928,121,"SRR11954082,SRR12733589,SRR12733799,SRR11953939,SRR12733876,SRR11954293,SRR12733454,SRR12733965,SRR12733768,SRR11953808,SRR12733724,SRR11954025,SRR11954143,SRR12733959,SRR11954109,SRR11954024,SRR11954031,SRR12733638,SRR12733801,SRR11953911,SRR11953821,SRR11953783,SRR11953917,SRR11954203,SRR12733915,SRR12733877,SRR11954168,SRR11954301,SRR12733865,SRR11954013,SRR11954196,SRR11954299,SRR11953755,SRR11954176,SRR11954160,SRR11954202,SRR12733986,SRR11954040,SRR11954201,SRR12733668,SRR11953795,SRR11953767,SRR11954192,SRR11953896,SRR11953691,SRR11953848,SRR12733978,SRR11954083,SRR11953980,SRR11953766,SRR11953867,SRR11954295,SRR12733663,SRR12733316,SRR11954050,SRR12733798,SRR11953924,SRR11954105,SRR11953679,SRR12733870,SRR11954210,SRR12733813,SRR11953682,SRR11953975,SRR12733609,SRR12733551,SRR11954110,SRR11954086,SRR12733430,SRR11954141,SRR12733554,SRR11953700,SRR11953817,SRR11954016,SRR12733468,SRR12733606,SRR12733942,SRR11953816,SRR11953776,SRR11953888,SRR11954235,SRR11954219,SRR11953960,SRR11953764,SRR12733434,SRR11953754,SRR12733592,SRR11953923,SRR12733963,SRR11953740,SRR12733756,SRR11954198,SRR12733949,SRR12733637,SRR12733591,SRR11954066,SRR11953892,SRR12733937,SRR12733351,SRR12733964,SRR11953723,SRR11954102,SRR11954100,SRR12733738,SRR11953860,SRR12733619,SRR11953773,SRR11953760,SRR11954088,SRR11953819,SRR11953953,SRR12733833,SRR12733541,SRR12733527,SRR11954256,SRR12733869,SRR11954207,SRR11954150,SRR11953889,SRR11954074,SRR11954001",123
C,7764,T,0.115479,0.115479,1,SRR11954082,-196
C,7851,T,0.41176499999999994,0.41176499999999994,1,SRR11954226,-197
G,7895,A,0.268519,0.268519,1,SRR11954203,-44
G,7954,T,0.76652,0.76652,1,SRR12733563,-13
G,8075,T,0.067114,0.112903,3,"SRR12734135,SRR11953801,SRR12733660",122
C,8139,T,0.343407,0.343407,1,SRR11953784,-198
A,8203,G,0.06765299999999999,0.06765299999999999,1,SRR11954264,-91
C,8228,T,0.586446,0.586446,1,SRR11953879,-199
C,8281,T,0.307922,0.307922,1,SRR12733570,-201
C,8299,T,0.387022,0.387022,1,SRR12733863,-202
A,8399,G,0.055684000000000004,0.055684000000000004,1,SRR12733444,-22
A,8413,G,0.11084000000000001,0.11084000000000001,1,SRR11953842,-23
C,8760,T,0.24725300000000003,0.24725300000000003,1,SRR12733525,-203
C,8860,T,0.081505,0.081505,1,SRR12733354,-204
T,8883,C,0.052378999999999995,0.07333300000000001,3,"SRR11954198,SRR11953691,SRR11954002",118
C,8982,T,0.071327,0.071327,1,SRR12733993,-205
T,9157,C,0.662941,0.662941,1,SRR12733383,-129
A,9187,G,0.05673400000000001,0.078261,3,"SRR11953740,SRR11953939,SRR11954198",117
C,9430,T,0.38302800000000004,0.38302800000000004,1,SRR11954289,-206
T,9535,C,0.05,0.129964,37,"SRR11953760,SRR11953816,SRR11953711,SRR11954256,SRR11953740,SRR11954025,SRR11954235,SRR11954234,SRR11953755,SRR11954201,SRR11954075,SRR11954082,SRR11954088,SRR11954086,SRR11953924,SRR11954202,SRR11954102,SRR11954141,SRR11953860,SRR11953927,SRR11954192,SRR11953723,SRR11954120,SRR11953975,SRR11954190,SRR11954301,SRR11953866,SRR11953754,SRR11954176,SRR11954299,SRR11953923,SRR11953764,SRR11953808,SRR11954189,SRR11954198,SRR11954031,SRR11953746",119
C,9565,T,0.466135,0.542642,2,"SRR12733399,SRR12733685",116
C,9714,T,0.10809400000000001,0.10809400000000001,1,SRR11954287,-208
A,9899,T,0.051136,0.054645000000000006,2,"SRR12733865,SRR12733843",115
T,9914,C,0.051335000000000006,0.162393,25,"SRR12734136,SRR11953999,SRR11954082,SRR12733592,SRR11953992,SRR11953801,SRR12733637,SRR11954050,SRR11953767,SRR12733663,SRR11954253,SRR12733825,SRR12733865,SRR11954098,SRR12733510,SRR11953924,SRR11953917,SRR11954100,SRR12733843,SRR12733833,SRR11954189,SRR11954086,SRR11953759,SRR12733877,SRR12733826",120
C,9996,T,0.126703,0.126703,1,SRR11954226,-209
C,10191,T,0.074349,0.074349,1,SRR11954253,-33
C,10198,T,0.29292399999999996,0.29292399999999996,1,SRR11953754,-34
C,10207,T,0.126553,0.126553,1,SRR11954112,-35
C,10279,T,0.125367,0.125367,1,SRR11953986,-36
C,10376,T,0.053819000000000006,0.053819000000000006,1,SRR12733544,-37
A,10435,T,0.05,0.086538,7,"SRR11954050,SRR11953998,SRR11953953,SRR11953691,SRR11953821,SRR11954109,SRR11954088",114
G,10481,A,0.05196799999999999,0.061538,6,"SRR11953808,SRR11954198,SRR11954109,SRR11953975,SRR11953764,SRR11953813",121
C,10755,T,0.050967,0.081081,2,"SRR11953813,SRR11954075",111
A,10788,G,0.05042,0.09401699999999999,6,"SRR12733801,SRR12733316,SRR12733454,SRR11953866,SRR12733833,SRR11954082",112
T,10876,C,0.270494,0.270494,1,SRR11953679,-26
T,10927,A,0.054187,0.054187,1,SRR11953821,-25
G,11083,T,0.051148,0.7951729999999999,9,"SRR12733837,SRR11954171,SRR11953678,SRR12733743,SRR12733690,SRR12733843,SRR11953880,SRR12733513,SRR12733629",110
A,11117,G,0.21459,0.21459,1,SRR12733450,-121
G,11417,T,0.07447999999999999,0.07447999999999999,1,SRR12733803,-241
C,11455,T,0.10882,0.10882,1,SRR12733528,-32
C,11490,G,0.070064,0.070064,1,SRR12733763,-20
C,11511,G,0.054454999999999996,0.068966,3,"SRR11953917,SRR12733756,SRR11953866",109
C,11563,T,0.076433,0.076433,1,SRR12733826,-2
C,11575,T,0.100719,0.100719,1,SRR11954299,-6
C,11752,T,0.071145,0.071145,1,SRR11953826,-1
A,11763,G,0.059211,0.059211,1,SRR12733865,-123
G,11801,A,0.054264,0.054264,1,SRR11953867,-268
A,11952,T,0.052023,0.069231,7,"SRR11953764,SRR12733721,SRR11954299,SRR11953998,SRR11953867,SRR11953927,SRR12733959",108
T,11963,C,0.064397,0.064397,1,SRR12733405,-24
C,11967,T,0.347974,0.347974,1,SRR12733860,-11
A,11991,G,0.07332999999999999,0.07332999999999999,1,SRR12734123,-124
A,12004,G,0.131923,0.131923,1,SRR11954112,-125
T,12015,G,0.26019200000000003,0.26019200000000003,1,SRR12733900,-93
G,12038,A,0.260504,0.260504,1,SRR12733524,-269
C,12068,T,0.200484,0.200484,1,SRR12733509,-15
C,12132,T,0.601234,0.601234,1,SRR11953804,-16
A,12254,G,0.079123,0.079123,1,SRR12733939,-126
G,12322,A,0.055184000000000004,0.055184000000000004,1,SRR12733650,-270
A,12413,C,0.050029000000000004,0.136364,63,"SRR11953953,SRR11953673,SRR11954189,SRR11954031,SRR12733638,SRR11954235,SRR11954166,SRR11954222,SRR11953816,SRR11953866,SRR11953888,SRR11953773,SRR11953923,SRR11954234,SRR11954086,SRR11954273,SRR11953892,SRR11954219,SRR11953740,SRR11954102,SRR11954256,SRR11953776,SRR11954109,SRR12733363,SRR11953860,SRR12733813,SRR11953764,SRR11954244,SRR11953754,SRR11953723,SRR12733843,SRR11953975,SRR12733949,SRR12733606,SRR11954150,SRR12733554,SRR11954114,SRR12733589,SRR11954176,SRR11954075,SRR11953867,SRR11953755,SRR11954013,SRR12734135,SRR12733890,SRR12733501,SRR12733663,SRR11953746,SRR11953969,SRR11954106,SRR11954202,SRR11954088,SRR11954198,SRR12733889,SRR11954025,SRR11954105,SRR11953929,SRR11953927,SRR11954160,SRR11954141,SRR11953899,SRR12733865,SRR11954192",106
C,12420,T,0.054622000000000004,0.054622000000000004,1,SRR11953891,-17
C,12439,T,0.735849,0.735849,1,SRR12733527,-9
A,12458,G,0.05003,0.085174,23,"SRR11954100,SRR11954102,SRR11953946,SRR11953923,SRR11953980,SRR11954053,SRR12733510,SRR11954086,SRR11954141,SRR11953754,SRR11953927,SRR11953816,SRR11954189,SRR12733826,SRR11953959,SRR11953755,SRR11954176,SRR11954082,SRR11953808,SRR11953917,SRR11954088,SRR11954198,SRR11953846",105
G,12518,T,0.051370000000000006,0.077778,8,"SRR11954109,SRR11954050,SRR11954176,SRR11954086,SRR11953700,SRR11954102,SRR11954189,SRR11953755",107
A,12927,C,0.050633,0.098592,9,"SRR12733876,SRR12733712,SRR11954203,SRR11954082,SRR11953964,SRR11953866,SRR11953939,SRR12734136,SRR11953960",13
C,13051,T,0.164179,0.164179,1,SRR11954168,-8
T,13065,A,0.054000000000000006,0.054000000000000006,1,SRR12733363,-160
T,13112,A,0.053029999999999994,0.07727300000000001,6,"SRR12733538,SRR12733877,SRR12733778,SRR12733876,SRR11954295,SRR11954100",11
C,13115,T,0.225806,0.225806,1,SRR11954011,-14
C,13170,T,0.233733,0.233733,1,SRR11953846,-5
C,13197,T,0.150609,0.150609,1,SRR11954130,-4
G,13201,A,0.25016,0.25016,1,SRR12733441,-272
G,13235,T,0.072125,0.072125,1,SRR11954261,-273
T,13250,C,0.38342,0.38342,1,SRR12733554,-156
C,13430,T,0.17953,0.17953,1,SRR12733308,-42
T,13474,C,0.051484,0.066265,2,"SRR12733830,SRR12733910",8
C,13487,T,0.052511,0.344828,2,"SRR12733764,SRR11954157",10
C,13548,T,0.426357,0.426357,1,SRR11953866,-45
G,13617,A,0.426752,0.426752,1,SRR11954168,-274
C,13681,A,0.061798,0.061798,1,SRR12733853,-43
A,13693,T,0.077519,0.178571,6,"SRR11953855,SRR11953867,SRR11953726,SRR11953939,SRR12734013,SRR11953676",9
A,13755,C,0.050031,0.090909,53,"SRR11954109,SRR11953965,SRR11953860,SRR11953723,SRR11953839,SRR11954116,SRR11954031,SRR11954299,SRR11954075,SRR11954082,SRR11953975,SRR11953754,SRR11953783,SRR11953746,SRR11954050,SRR11954235,SRR11954102,SRR11953773,SRR11953923,SRR11953855,SRR11953808,SRR11953927,SRR11953740,SRR11953924,SRR11954086,SRR11953969,SRR11953917,SRR11953700,SRR11954176,SRR11954100,SRR11953892,SRR11954088,SRR11954198,SRR11954202,SRR11954192,SRR11953939,SRR11954025,SRR11953760,SRR11954196,SRR11954201,SRR11954120,SRR11954282,SRR11953691,SRR11953795,SRR11953953,SRR11953686,SRR11954295,SRR11953866,SRR12733721,SRR11953816,SRR11953711,SRR11954256,SRR11954141",7
A,13791,C,0.052910000000000006,0.052910000000000006,1,SRR11953964,-133
T,13804,C,0.053190999999999995,0.075862,6,"SRR12733638,SRR11953813,SRR11954210,SRR11954105,SRR12733865,SRR12733867",12
A,14113,G,0.11461199999999999,0.11461199999999999,1,SRR12733863,-134
G,14126,T,0.06424099999999999,0.06424099999999999,1,SRR11954246,-266
A,14185,T,0.086189,0.086189,1,SRR12733512,-135
C,14230,T,0.087298,0.087298,1,SRR12733995,-72
T,14232,C,0.066225,0.066225,1,SRR12733399,-152
C,14286,T,0.053424,0.053424,1,SRR12733570,-73
A,14304,C,0.05,0.365753,30,"SRR11953723,SRR11954201,SRR12733862,SRR11954202,SRR11953816,SRR11953975,SRR11954198,SRR12733861,SRR11953846,SRR11953746,SRR11953740,SRR11954256,SRR11953760,SRR11953808,SRR11954053,SRR11954210,SRR11954025,SRR11954088,SRR11953783,SRR11954075,SRR11954301,SRR11954141,SRR11954299,SRR11954189,SRR11954192,SRR11953924,SRR11954190,SRR11953764,SRR11954176,SRR12733981",5
G,14335,T,0.050279000000000004,0.230769,21,"SRR11954100,SRR11953959,SRR11954238,SRR12733712,SRR11953866,SRR11954086,SRR11953911,SRR11953767,SRR11954273,SRR11953917,SRR12734135,SRR11954298,SRR11954253,SRR11953842,SRR12734053,SRR11953886,SRR12733893,SRR11954098,SRR11953682,SRR11953851,SRR11953848",2
T,14341,C,0.052910000000000006,0.052910000000000006,1,SRR11954219,-151
A,14348,G,0.050891000000000006,0.10638299999999999,22,"SRR11953755,SRR11954100,SRR11953946,SRR12733865,SRR11954190,SRR12733796,SRR12733894,SRR12733721,SRR11953924,SRR11954175,SRR11954109,SRR11954102,SRR12733756,SRR12733747,SRR11954086,SRR11954110,SRR11953700,SRR11954050,SRR11953864,SRR11954117,SRR11953917,SRR12733867",4
C,14396,T,0.303552,0.303552,1,SRR11953892,-74
G,14428,T,0.21052600000000002,0.21052600000000002,1,SRR11954099,-278
A,14435,T,0.054545,0.068966,2,"SRR12733959,SRR12733865",3
G,14449,T,0.462946,0.462946,1,SRR12734123,-279
A,14533,C,0.05814,0.070064,4,"SRR11954295,SRR12733877,SRR11954203,SRR12733660",6
C,14676,T,0.09006499999999999,0.09006499999999999,1,SRR11953990,-76
C,14724,T,0.358829,0.358829,1,SRR11953824,-77
C,14898,T,0.067742,0.067742,1,SRR12733433,-78
A,14960,T,0.052061,0.13333299999999998,6,"SRR12733288,SRR11954048,SRR12733326,SRR12733298,SRR11953897,SRR12733291",1
T,15071,A,0.050916,0.296296,28,"SRR11953670,SRR11954053,SRR12733956,SRR11954050,SRR11954102,SRR12733868,SRR12733860,SRR12733843,SRR11954021,SRR12733784,SRR12733778,SRR11953775,SRR11953783,SRR12733724,SRR12733638,SRR11953813,SRR11954207,SRR11954222,SRR11953821,SRR12733454,SRR11953867,SRR11953878,SRR12733399,SRR12733371,SRR11953700,SRR11953691,SRR11953808,SRR12734101",0
G,15243,T,0.228373,0.228373,1,SRR11953972,-280
C,15579,A,0.076222,0.076222,1,SRR12733491,-70
G,15594,T,0.128,0.128,1,SRR11953755,-282
T,15682,A,0.05,0.13628900000000002,132,"SRR11953679,SRR11953848,SRR12733498,SRR12733496,SRR11953842,SRR12733502,SRR11953898,SRR11953704,SRR12733905,SRR12733448,SRR12733445,SRR12733399,SRR12733500,SRR12733449,SRR12733405,SRR12733499,SRR12733406,SRR11953896,SRR12733497,SRR11953964,SRR12733907,SRR12733462,SRR11954258,SRR12733465,SRR11953700,SRR12733471,SRR11954245,SRR11953945,SRR11953860,SRR12733942,SRR12733457,SRR12733948,SRR12733482,SRR12733958,SRR11954069,SRR12733487,SRR12733440,SRR12733409,SRR12733456,SRR12733491,SRR12733441,SRR12733938,SRR12733453,SRR12733414,SRR11953887,SRR12733492,SRR12733444,SRR12733957,SRR11953855,SRR12733910,SRR11953892,SRR12733493,SRR12733450,SRR11954288,SRR12733939,SRR11953709,SRR12733986,SRR11954125,SRR11953813,SRR12733319,SRR11953939,SRR12733321,SRR11954027,SRR12734038,SRR11954136,SRR12734025,SRR11954203,SRR12733326,SRR12733869,SRR12733327,SRR11953682,SRR11954114,SRR12733296,SRR11953978,SRR12733999,SRR11953920,SRR11954165,SRR11953802,SRR12733291,SRR11954150,SRR11954145,SRR12733298,SRR11954143,SRR11954195,SRR12734051,SRR11954020,SRR11954196,SRR12733303,SRR12733837,SRR12733304,SRR11954016,SRR12733305,SRR11953997,SRR12734052,SRR12733546,SRR11954208,SRR12733334,SRR12733541,SRR12733523,SRR12733514,SRR11954231,SRR12733283,SRR11953905,SRR12733894,SRR12733524,SRR11953776,SRR12733900,SRR11954105,SRR11953835,SRR12733284,SRR12733381,SRR11953837,SRR11954074,SRR12733377,SRR12733288,SRR12734068,SRR12733375,SRR11954046,SRR11954166,SRR11953912,SRR12733535,SRR11954077,SRR12733995,SRR12733349,SRR11954011,SRR11954180,SRR12733446,SRR11954173,SRR12733360,SRR12733525,SRR12733989,SRR11953678",15
T,15685,A,0.05,0.123153,89,"SRR12733445,SRR11953682,SRR12733444,SRR12733288,SRR12733957,SRR11953679,SRR12734052,SRR11953704,SRR12733441,SRR12733284,SRR12733319,SRR12733440,SRR11953898,SRR11953939,SRR11954288,SRR12733405,SRR11953905,SRR11953896,SRR12733986,SRR12733406,SRR12733409,SRR12733349,SRR12733998,SRR12733334,SRR11954069,SRR12733327,SRR12733414,SRR12733321,SRR12734038,SRR12733305,SRR11953887,SRR12733304,SRR12733303,SRR12733298,SRR12733296,SRR12733291,SRR12733989,SRR12733283,SRR11954105,SRR12733942,SRR12733837,SRR11953997,SRR12733487,SRR11954077,SRR12733491,SRR12733492,SRR11953855,SRR11954136,SRR11953813,SRR12733907,SRR12733493,SRR11953848,SRR12733498,SRR12733462,SRR11953978,SRR12733500,SRR11954203,SRR12733905,SRR11954114,SRR12733554,SRR12733502,SRR12733535,SRR11953837,SRR11953835,SRR12733894,SRR11954231,SRR12733446,SRR11954046,SRR12733524,SRR12733499,SRR11954196,SRR12733938,SRR11954016,SRR11954245,SRR11954020,SRR12733453,SRR11954143,SRR11953709,SRR11954166,SRR11954195,SRR12733456,SRR12733450,SRR11954173,SRR11954011,SRR11954180,SRR12733449,SRR12733448,SRR11953776,SRR12733457",16
C,15890,A,0.050144,0.11111099999999999,11,"SRR11953813,SRR11953897,SRR11953939,SRR11953673,SRR12733833,SRR11953821,SRR11954295,SRR12733713,SRR12733784,SRR11954050,SRR12733855",17
A,15992,C,0.051163,0.07258099999999999,2,"SRR12733627,SRR11953878",18
C,16114,A,0.052632000000000005,0.052632000000000005,1,SRR11953855,-82
C,16173,T,0.059524,0.059524,1,SRR12733982,-83
G,16182,A,0.09424099999999999,0.09424099999999999,1,SRR11953953,-284
G,16204,C,0.062201,0.062201,1,SRR11953878,-285
C,16375,T,0.12201600000000001,0.12201600000000001,1,SRR12733360,-84
C,16457,T,0.058577,0.058577,1,SRR11954100,-85
C,16466,T,0.353982,0.353982,1,SRR12733496,-86
G,16496,T,0.269333,0.269333,1,SRR11953826,-286
A,16514,G,0.061135,0.061135,1,SRR11954100,-95
T,16671,C,0.125,0.125,1,SRR11954161,-147
A,16765,C,0.050926,0.06277999999999999,5,"SRR11953917,SRR11953682,SRR11954100,SRR11953927,SRR11954050",19
G,16843,A,0.235294,0.235294,1,SRR12733876,-277
G,16871,A,0.050071,0.085714,5,"SRR12733536,SRR11953776,SRR11954106,SRR11954077,SRR11953682",20
C,16887,T,0.065045,0.512681,5,"SRR12733312,SRR12733936,SRR12733611,SRR12733570,SRR12733310",23
C,17012,T,0.273692,0.273692,1,SRR11953673,-88
G,17014,T,0.093702,0.10750499999999999,2,"SRR11954089,SRR12733491",22
A,17062,C,0.052083000000000004,0.052083000000000004,1,SRR12733319,-97
T,17088,A,0.092163,0.092163,1,SRR12733491,-145
G,17144,A,0.05,0.163793,15,"SRR12733499,SRR12733456,SRR12733483,SRR12733381,SRR11954068,SRR12733284,SRR12733414,SRR12733327,SRR12733304,SRR12733528,SRR12733853,SRR12733527,SRR12733376,SRR12733377,SRR12733433",21
T,17190,C,0.085106,0.085106,1,SRR12733853,-144
G,17480,A,0.14285699999999998,0.14285699999999998,1,SRR12733865,-243
T,17514,C,0.05311799999999999,0.067708,4,"SRR12733502,SRR11954050,SRR11954100,SRR12733457",26
T,17543,A,0.050147000000000004,0.09840399999999999,14,"SRR12733298,SRR12733296,SRR12733283,SRR12733284,SRR12733446,SRR12733441,SRR12733414,SRR12733405,SRR11954068,SRR12733409,SRR12733449,SRR12733448,SRR12733444,SRR12733440",24
T,17556,A,0.05,0.310345,47,"SRR11953923,SRR12733409,SRR12733449,SRR11953892,SRR12733492,SRR11954025,SRR11954150,SRR11953764,SRR11953821,SRR11954013,SRR11953723,SRR12733453,SRR11953860,SRR12733444,SRR11953679,SRR12733437,SRR11953760,SRR12733949,SRR11953808,SRR12733457,SRR11954100,SRR12733414,SRR12733493,SRR11954074,SRR11954109,SRR12733446,SRR11954256,SRR11954210,SRR11953746,SRR12734067,SRR11954201,SRR12733327,SRR12733501,SRR11953846,SRR11953740,SRR11953686,SRR11954301,SRR12733606,SRR11953755,SRR11953816,SRR11953975,SRR11954234,SRR11954299,SRR12733405,SRR12733867,SRR11954088,SRR11954114",25
G,17561,T,0.050435,0.279412,55,"SRR11954176,SRR11954173,SRR11953953,SRR11954106,SRR11954150,SRR11954050,SRR11954075,SRR11954273,SRR11953997,SRR11954088,SRR11953980,SRR11954110,SRR11954109,SRR11954102,SRR11954295,SRR11954105,SRR11954086,SRR11954210,SRR11954100,SRR11954013,SRR11954077,SRR11953821,SRR11953682,SRR12733351,SRR12733360,SRR11953691,SRR12733606,SRR11953776,SRR12733454,SRR12733609,SRR12733724,SRR12733399,SRR12733414,SRR12733433,SRR12733663,SRR12733660,SRR12733502,SRR12733915,SRR11953808,SRR11953813,SRR12733627,SRR12733964,SRR11953754,SRR12733457,SRR12733554,SRR12733868,SRR12733534,SRR11953760,SRR12733963,SRR12734067,SRR11953848,SRR11953673,SRR12733557,SRR11953917,SRR12733327",27
C,17747,T,0.050435,0.42866499999999996,8,"SRR11954104,SRR11953905,SRR11954046,SRR11954048,SRR12734113,SRR11953990,SRR11953701,SRR11953858",28
A,17805,G,0.18801099999999998,0.18801099999999998,1,SRR11953683,-99
C,17822,T,0.783471,0.783471,1,SRR12733784,-90
A,17858,G,0.379213,0.42124399999999995,6,"SRR11953701,SRR11954048,SRR11954104,SRR11953858,SRR11954046,SRR11953905",29
T,17902,G,0.07874,0.07874,1,SRR11954068,-165
C,17934,A,0.051552,0.089202,30,"SRR11954201,SRR11953723,SRR11954235,SRR11954202,SRR11953975,SRR11954088,SRR11954141,SRR12733957,SRR11954053,SRR11954256,SRR11954234,SRR11953816,SRR11953866,SRR11954198,SRR11954301,SRR11953760,SRR11953923,SRR11954025,SRR11953927,SRR11954160,SRR11953755,SRR12733865,SRR11954161,SRR11954109,SRR12733761,SRR12733783,SRR11954176,SRR11953808,SRR11953689,SRR11953746",30
C,18060,T,0.315864,0.39119299999999996,6,"SRR11954048,SRR11954104,SRR11953905,SRR11954046,SRR11953858,SRR11953701",31
T,18159,C,0.100775,0.100775,1,SRR11953682,-187
G,18160,A,0.1,0.1,1,SRR11953682,-245
G,18225,T,0.078014,0.078014,1,SRR11953755,-248
G,18397,T,0.199444,0.199444,1,SRR12733517,-249
A,18564,C,0.052940999999999995,0.15068499999999999,20,"SRR12733763,SRR11953808,SRR12733833,SRR11954066,SRR12733712,SRR11954021,SRR12733876,SRR11953783,SRR11954161,SRR11954053,SRR11953767,SRR11953775,SRR11953817,SRR12733890,SRR11954207,SRR11953866,SRR11953867,SRR11953953,SRR11954077,SRR11953700",32
C,18714,A,0.34670500000000004,0.34670500000000004,1,SRR12733433,-68
T,18736,C,0.5809310000000001,0.62735,6,"SRR11954104,SRR11953905,SRR11953858,SRR11954046,SRR11953701,SRR11954048",34
C,18828,T,0.315626,0.315626,1,SRR12733463,-67
C,18848,G,0.050214999999999996,0.094675,61,"SRR11954105,SRR11954075,SRR12733877,SRR11953878,SRR11953867,SRR11953691,SRR12733637,SRR11953939,SRR11953783,SRR11953897,SRR11954177,SRR11953808,SRR11954102,SRR11953998,SRR11954190,SRR11953700,SRR11954045,SRR12733830,SRR12733827,SRR11953924,SRR12733825,SRR11954136,SRR11954150,SRR11953927,SRR12733851,SRR11954120,SRR12733798,SRR11954077,SRR11954016,SRR12733867,SRR11954082,SRR11953917,SRR11953929,SRR12733778,SRR12733870,SRR11953773,SRR11953682,SRR11954109,SRR12733638,SRR11954141,SRR11953813,SRR11954068,SRR11953978,SRR11954207,SRR11953711,SRR11953817,SRR11954100,SRR12733540,SRR11953855,SRR11953980,SRR11954050,SRR11954219,SRR12733957,SRR11954053,SRR12733949,SRR12733959,SRR11953726,SRR11953953,SRR12733609,SRR11953969,SRR11954088",35
C,18877,T,0.674556,0.77537,2,"SRR12733310,SRR12733524",36
G,18898,A,0.44978199999999996,0.44978199999999996,1,SRR12733915,-251
T,18942,A,0.051064,0.090129,2,"SRR12733319,SRR12733348",33
C,19018,T,0.060176,0.060176,1,SRR12733648,-48
T,19025,A,0.054487,0.054487,1,SRR11954102,-183
G,19132,T,0.058624,0.058624,1,SRR11954048,-252
A,19137,C,0.059675,0.059675,1,SRR11954048,-101
C,19170,T,0.087302,0.087302,1,SRR12733557,-50
C,19320,T,0.48145,0.48145,1,SRR12733657,-51
A,19443,G,0.348123,0.348123,1,SRR12733360,-102
C,19593,A,0.052863,0.06465499999999999,2,"SRR12733444,SRR12733527",37
G,19684,T,0.532258,0.668359,6,"SRR11953701,SRR11954104,SRR11953858,SRR11953905,SRR11954046,SRR11954048",40
A,19812,C,0.051887,0.051887,1,SRR11954050,-103
C,19836,T,0.054374,0.054374,1,SRR11953864,-53
G,19872,T,0.6091270000000001,0.6091270000000001,1,SRR11954089,-255
C,19983,T,0.169811,0.169811,1,SRR12733843,-54
G,20062,T,0.569557,0.569557,1,SRR11954028,-257
A,20079,T,0.056511,0.056511,1,SRR11954120,-104
C,20099,T,0.270175,0.510888,2,"SRR12733284,SRR12733381",38
C,20133,T,0.054112,0.054112,1,SRR12733296,-57
C,20148,T,0.231884,0.231884,1,SRR11954117,-58
A,20198,T,0.050847,0.294118,62,"SRR11953701,SRR12733521,SRR11954150,SRR12734053,SRR12733813,SRR11953924,SRR11954203,SRR12733557,SRR12733963,SRR12733502,SRR12733319,SRR11953857,SRR12733801,SRR12733867,SRR12734067,SRR12733796,SRR12733534,SRR12733493,SRR12733589,SRR11953964,SRR11953765,SRR12733497,SRR12733527,SRR12733327,SRR11953927,SRR11953866,SRR11953899,SRR11953683,SRR12733435,SRR12733437,SRR11954086,SRR12733505,SRR12733438,SRR12733443,SRR12733454,SRR12733978,SRR12733444,SRR12733986,SRR11954102,SRR12733637,SRR12733922,SRR11953740,SRR12733619,SRR12733983,SRR11954293,SRR11954000,SRR12733433,SRR12733663,SRR12733483,SRR12733724,SRR12733481,SRR12733472,SRR12733713,SRR12733430,SRR12733969,SRR12733381,SRR12733877,SRR12733694,SRR12733686,SRR11953746,SRR11954100,SRR12733664",39
C,20234,A,0.076065,0.076065,1,SRR12733382,-59
C,20564,T,0.052747,0.092025,8,"SRR11954036,SRR11953682,SRR12733851,SRR11954173,SRR11954219,SRR11954196,SRR11953860,SRR12733637",41
G,20578,T,0.050864,0.050864,1,SRR11954160,-258
C,20611,T,0.060976,0.060976,1,SRR11954264,-61
A,20716,T,0.050505,0.096525,37,"SRR11954013,SRR11954176,SRR11954189,SRR11954086,SRR11954192,SRR11953808,SRR11954198,SRR11954256,SRR11954102,SRR11953740,SRR11953726,SRR11954141,SRR11953866,SRR11953723,SRR11953860,SRR11953711,SRR11954202,SRR11954088,SRR11954100,SRR11954235,SRR11953816,SRR11954234,SRR11953975,SRR11953754,SRR11953767,SRR11954201,SRR11953746,SRR11954301,SRR11954075,SRR12733827,SRR11954160,SRR11953755,SRR11954082,SRR11954299,SRR11954025,SRR11953923,SRR11953764",42
A,20735,G,0.075263,0.075263,1,SRR11953892,-107
T,20883,C,0.09389700000000001,0.09389700000000001,1,SRR11954264,-180
C,20946,T,0.071759,0.071759,1,SRR12734052,-62
C,20970,T,0.057851,0.057851,1,SRR12733446,-63
T,21009,C,0.052209000000000005,0.149425,5,"SRR12733982,SRR12733433,SRR12733437,SRR12733444,SRR11954068",47
G,21055,A,0.081967,0.081967,1,SRR11954203,-260
C,21077,T,0.11510799999999999,0.11510799999999999,1,SRR12733767,-65
C,21110,T,0.278997,0.278997,1,SRR11954186,-66
G,21119,T,0.052632000000000005,0.08,2,"SRR11953801,SRR11954190",43
A,21137,T,0.051502,0.103175,9,"SRR12733877,SRR11953953,SRR11954299,SRR11954202,SRR12733949,SRR11954176,SRR11953923,SRR11953740,SRR11954088",44
C,21191,T,0.06451599999999999,0.06451599999999999,1,SRR12733348,-162
C,21412,A,0.31653600000000004,0.31653600000000004,1,SRR12733284,-189
A,21417,T,0.052033,0.052033,1,SRR12733298,-109
G,21533,A,0.06962,0.06962,1,SRR11954086,-289
C,21575,T,0.11673199999999999,0.695652,3,"SRR11953997,SRR11953683,SRR11954253",45
C,21614,T,0.297673,0.297673,1,SRR11953988,-317
A,21625,G,0.09593099999999999,0.09593099999999999,1,SRR11953694,-110
C,21658,T,0.772321,0.772321,1,SRR11954112,-319
C,21658,G,0.134054,0.162875,3,"SRR11954293,SRR11953816,SRR11954031",46
G,21938,T,0.27532199999999996,0.27532199999999996,1,SRR12733916,-254
A,21949,C,0.052023,0.112069,8,"SRR11954086,SRR11953927,SRR12733851,SRR11954109,SRR11953755,SRR12733765,SRR12733949,SRR11953683",49
G,21985,T,0.08284,0.08284,1,SRR12733481,-244
A,21993,T,0.757895,0.798535,2,"SRR12733942,SRR12733889",48
A,22007,T,0.388889,0.388889,1,SRR12733570,-113
C,22214,A,0.050955,0.050955,1,SRR11953729,-320
A,22255,G,0.050847,0.10280399999999999,13,"SRR11954036,SRR12733682,SRR11954000,SRR12733554,SRR12733756,SRR12734064,SRR11954109,SRR12733771,SRR11954264,SRR11954293,SRR12733986,SRR12733694,SRR12734013",50
C,22264,T,0.623799,0.623799,1,SRR11954032,-321
C,22450,T,0.09721,0.09721,1,SRR12733948,-322
A,22473,G,0.058824,0.058824,1,SRR12733291,-115
T,22549,C,0.079404,0.079404,1,SRR11954155,-179
C,22560,A,0.054216999999999994,0.054216999999999994,1,SRR12733982,-323
T,22587,G,0.058065,0.058065,1,SRR11953700,-176
C,22594,T,0.087982,0.087982,1,SRR11954191,-324
T,22657,C,0.050214,0.050214,1,SRR11954166,-175
T,22685,A,0.138273,0.138273,1,SRR12734038,-173
C,22713,T,0.06565700000000001,0.06565700000000001,1,SRR11954264,-325
T,23032,A,0.144928,0.144928,1,SRR12733712,-172
C,23043,T,0.052071000000000006,0.23809499999999997,12,"SRR11953754,SRR12733999,SRR11954210,SRR11954025,SRR11954088,SRR11953808,SRR11954150,SRR11953740,SRR11954082,SRR12733348,SRR11953691,SRR11954086",51
C,23086,T,0.054454999999999996,0.117647,9,"SRR12733876,SRR12733843,SRR11953992,SRR12733536,SRR12733801,SRR12733865,SRR11954086,SRR11953866,SRR12733877",52
C,23103,T,0.301724,0.301724,1,SRR11953775,-328
C,23240,A,0.176067,0.176067,1,SRR12733308,-329
A,23267,T,0.06557400000000001,0.06557400000000001,1,SRR11953759,-141
A,23554,G,0.050385,0.172414,105,"SRR12733510,SRR12733509,SRR11954088,SRR12734097,SRR11954234,SRR11954235,SRR11954256,SRR12733336,SRR11954299,SRR11954273,SRR12733957,SRR12733827,SRR11954099,SRR12733876,SRR12733765,SRR11954109,SRR12733771,SRR12733869,SRR12733778,SRR11954110,SRR11954114,SRR12733867,SRR11954160,SRR12733783,SRR12733865,SRR12733784,SRR12733798,SRR11954120,SRR11954123,SRR12733853,SRR11954133,SRR12733799,SRR12733825,SRR12733830,SRR11954143,SRR11954141,SRR11954176,SRR12734136,SRR11954189,SRR11954192,SRR12733541,SRR12733551,SRR12733589,SRR12733591,SRR12733956,SRR12733954,SRR12733949,SRR11954202,SRR12733605,SRR11954100,SRR12733606,SRR12733942,SRR12733609,SRR12733937,SRR11954201,SRR11954200,SRR11954198,SRR11954102,SRR12733637,SRR12733903,SRR11954197,SRR11954196,SRR12733646,SRR12733877,SRR11954301,SRR11954210,SRR11953862,SRR11953711,SRR11953720,SRR11953723,SRR11953927,SRR11953726,SRR11954013,SRR11953923,SRR11953741,SRR11953746,SRR11953917,SRR11953754,SRR11953896,SRR11954053,SRR11953929,SRR11953892,SRR11953760,SRR11953887,SRR11953764,SRR11953766,SRR11953795,SRR11953860,SRR11954025,SRR11953808,SRR11953846,SRR11953816,SRR11953817,SRR11953998,SRR11953819,SRR11954021,SRR11954075,SRR11954031,SRR11953673,SRR11953965,SRR11953685,SRR11953686,SRR11953679,SRR11953969,SRR11953975",53
C,23557,T,0.131858,0.131858,1,SRR12733700,-330
G,23593,C,0.356777,0.356777,1,SRR11953920,-264
G,23616,A,0.052486,0.082278,3,"SRR12733472,SRR12733525,SRR12733514",54
C,23625,T,0.323995,0.323995,1,SRR11954031,-331
C,23638,T,0.1,0.1,1,SRR11953886,-332
T,23652,C,0.057065,0.145833,12,"SRR12733433,SRR12733801,SRR12733497,SRR11954098,SRR11953964,SRR12733468,SRR11953992,SRR12733502,SRR11953801,SRR11953691,SRR11953833,SRR11954066",55
G,23795,A,0.051724,0.051724,1,SRR11954086,-265
G,23856,T,0.181818,0.181818,1,SRR11953898,-283
C,23865,T,0.056451999999999995,0.077922,2,"SRR12733843,SRR12733937",57
C,23929,T,0.150822,0.150822,1,SRR12733509,-334
G,23948,C,0.064123,0.064123,1,SRR12733382,-281
T,23968,A,0.062802,0.062802,1,SRR12733958,-169
G,24020,A,0.091633,0.091633,1,SRR12733381,-276
C,24023,T,0.70919,0.70919,1,SRR11954214,-335
C,24034,T,0.601883,0.6308239999999999,6,"SRR11954048,SRR11953858,SRR11953905,SRR11953701,SRR11954046,SRR11954104",58
C,24064,T,0.055866,0.055866,1,SRR11954050,-315
C,24096,A,0.068911,0.794118,6,"SRR12733310,SRR12733312,SRR12733936,SRR12733611,SRR12733570,SRR12733454",56
C,24134,T,0.351306,0.351306,1,SRR11953988,-290
C,24213,T,0.051075,0.055875,2,"SRR11953696,SRR12733326",59
T,24259,A,0.062215,0.062215,1,SRR12733743,-168
G,24293,A,0.092147,0.092147,1,SRR11953723,-271
G,24434,T,0.740672,0.740672,1,SRR12733686,-240
A,24694,T,0.328165,0.39834400000000003,6,"SRR11954104,SRR11954048,SRR11953701,SRR11953905,SRR11953858,SRR11954046",60
G,24764,T,0.793068,0.793068,1,SRR12733837,-239
C,24771,T,0.187747,0.187747,1,SRR11954157,-292
C,24863,T,0.071217,0.071217,1,SRR11954171,-293
G,24933,T,0.102459,0.102459,1,SRR12733433,-238
A,24942,T,0.050236,0.092199,44,"SRR12733528,SRR12733462,SRR12733523,SRR12733453,SRR12733513,SRR12733502,SRR12733423,SRR12733430,SRR12733500,SRR12733498,SRR12733435,SRR12733467,SRR12733440,SRR12733456,SRR12733444,SRR12733493,SRR12733492,SRR12733487,SRR12733484,SRR12733449,SRR12733483,SRR12733482,SRR12733450,SRR12733437,SRR12733434,SRR12733326,SRR12733296,SRR12733375,SRR12733376,SRR12733284,SRR12733283,SRR12733377,SRR12733321,SRR12733361,SRR12733369,SRR12733383,SRR12733298,SRR12733381,SRR12733304,SRR12733334,SRR12733406,SRR12733387,SRR12733409,SRR12733405",63
A,24966,T,0.050847,0.156522,18,"SRR12733536,SRR11953759,SRR12733453,SRR11954161,SRR12733406,SRR12733449,SRR11953755,SRR12733448,SRR11953866,SRR12733756,SRR11953892,SRR12733457,SRR12733527,SRR12733963,SRR12733493,SRR12733497,SRR12733409,SRR12733462",62
C,24986,T,0.055555999999999994,0.10400000000000001,6,"SRR12733660,SRR11953759,SRR12733894,SRR12734135,SRR11953946,SRR11953959",61
C,25002,T,0.050493,0.050493,1,SRR12733809,-295
T,25039,C,0.052117,0.052117,1,SRR12734123,-166
G,25112,T,0.064192,0.064192,1,SRR11953704,-212
C,25162,T,0.100504,0.100504,1,SRR11954239,-296
A,25223,G,0.113095,0.113095,1,SRR11953801,-171
G,25261,A,0.083429,0.083429,1,SRR12733462,-207
G,25266,T,0.069414,0.069414,1,SRR12733917,-200
C,25349,T,0.058874,0.058874,1,SRR12733766,-297
C,25350,T,0.092486,0.092486,1,SRR11953821,-298
A,25408,T,0.05676900000000001,0.085938,5,"SRR11954109,SRR11954075,SRR11953691,SRR11954295,SRR11953927",64
C,25413,T,0.210277,0.210277,1,SRR11953753,-299
G,25429,A,0.05045,0.05045,1,SRR11954231,-213
C,25452,T,0.454545,0.454545,1,SRR11953764,-300
G,25459,C,0.074286,0.074286,1,SRR12733304,-229
G,25563,T,0.744167,0.744167,1,SRR11954112,-223
G,25598,T,0.08042,0.08042,1,SRR12733468,-215
C,25672,T,0.314836,0.314836,1,SRR11954289,-301
T,25707,G,0.780165,0.780165,1,SRR12733872,-142
C,25714,T,0.269231,0.269231,1,SRR12733890,-302
G,25767,T,0.058632000000000004,0.058632000000000004,1,SRR11954025,-288
C,25782,T,0.050703,0.050703,1,SRR11954155,-303
G,25785,T,0.120253,0.120253,1,SRR11953755,-356
A,25843,C,0.051111000000000004,0.180556,40,"SRR11954273,SRR11954082,SRR11954110,SRR12733592,SRR11953953,SRR12733957,SRR11953755,SRR11954176,SRR12733949,SRR11954086,SRR11954166,SRR11953927,SRR11953746,SRR11954088,SRR11954301,SRR11953926,SRR11954109,SRR11954013,SRR11954074,SRR11954098,SRR11954219,SRR12733663,SRR12733660,SRR11954141,SRR12734087,SRR11953767,SRR11953860,SRR11953801,SRR11954200,SRR11953867,SRR11954102,SRR12733536,SRR11954025,SRR12733738,SRR11953795,SRR12733496,SRR12734053,SRR12734135,SRR11953673,SRR11954198",71
G,25855,T,0.070272,0.070272,1,SRR12733953,-354
C,25916,A,0.105672,0.199182,4,"SRR12733924,SRR12733570,SRR12733919,SRR12733617",70
A,25921,T,0.10256400000000002,0.10256400000000002,1,SRR11953813,-174
A,26057,C,0.050179,0.213115,36,"SRR12733712,SRR12733890,SRR11953801,SRR11954200,SRR12733713,SRR12734067,SRR11953726,SRR12734013,SRR11954295,SRR11953960,SRR12733959,SRR11953700,SRR12733963,SRR11954180,SRR11953817,SRR12734135,SRR11953819,SRR11953691,SRR11954175,SRR12733638,SRR12733986,SRR12733351,SRR12733801,SRR11953871,SRR12733778,SRR12733768,SRR11953886,SRR11953867,SRR12733454,SRR12733371,SRR11954207,SRR12733825,SRR12733443,SRR11953911,SRR12733724,SRR11953878",66
C,26060,A,0.050322000000000006,0.050322000000000006,1,SRR12733820,-305
A,26069,G,0.052299,0.123543,6,"SRR12733513,SRR11953858,SRR12733363,SRR11953701,SRR12733348,SRR12733472",65
G,26104,A,0.5,0.5,1,SRR11954175,-348
C,26124,T,0.050667000000000004,0.50505,81,"SRR11954021,SRR11953939,SRR11953892,SRR11954273,SRR11954210,SRR11953821,SRR11953975,SRR11953953,SRR11953897,SRR11953888,SRR11954256,SRR11954198,SRR11954189,SRR11954202,SRR11953917,SRR11953864,SRR11954201,SRR12733454,SRR11954002,SRR11954013,SRR11953923,SRR11954161,SRR11953960,SRR11954141,SRR11954176,SRR11953866,SRR11954025,SRR11954234,SRR11953924,SRR11954024,SRR11954299,SRR11954199,SRR11953911,SRR11953927,SRR11954295,SRR11953878,SRR11953980,SRR11953860,SRR11953817,SRR11953819,SRR11953801,SRR12733712,SRR11953783,SRR11953773,SRR11954102,SRR11953766,SRR12733801,SRR11953764,SRR12733825,SRR11953760,SRR11954100,SRR11954050,SRR11954053,SRR11953755,SRR11954105,SRR12733865,SRR11953746,SRR11954088,SRR12733877,SRR11953740,SRR11953726,SRR11953723,SRR11954086,SRR11953700,SRR12733959,SRR11953691,SRR11954082,SRR11954075,SRR11953682,SRR11953673,SRR11953754,SRR12733663,SRR11953998,SRR11954109,SRR11953813,SRR12733536,SRR11954040,SRR11953816,SRR12733638,SRR12733554,SRR11953808",68
A,26128,C,0.057637,0.057637,1,SRR11953821,-167
A,26141,T,0.051019999999999996,0.051019999999999996,1,SRR12733524,-177
C,26164,T,0.056795000000000005,0.056795000000000005,1,SRR12733700,-307
A,26194,T,0.050053,0.09425599999999999,12,"SRR12733510,SRR12733798,SRR12733654,SRR11953685,SRR11953821,SRR11954053,SRR11953691,SRR12733551,SRR11954050,SRR11954196,SRR11953878,SRR12733540",67
G,26211,T,0.28681599999999996,0.28681599999999996,1,SRR11953826,-345
G,26233,T,0.166819,0.627551,5,"SRR12733284,SRR11953775,SRR12733381,SRR12733570,SRR12733856",69
T,26327,C,0.051126,0.051126,1,SRR12733783,-114
T,26427,C,0.172414,0.172414,1,SRR11953821,-112
A,26433,C,0.050686,0.254237,35,"SRR11953997,SRR11954202,SRR11954189,SRR11953808,SRR11953723,SRR11954086,SRR11954201,SRR11953975,SRR11953740,SRR11954016,SRR12733799,SRR11954198,SRR11953816,SRR11953924,SRR12733454,SRR11954141,SRR12733316,SRR11954256,SRR11954088,SRR11954082,SRR11953746,SRR11954031,SRR11953821,SRR11954013,SRR11954176,SRR11953755,SRR11953923,SRR11953754,SRR11954025,SRR11953860,SRR11953917,SRR11953953,SRR11954050,SRR11954109,SRR11954102",79
C,26456,T,0.527704,0.527704,1,SRR12733349,-308
G,26505,A,0.050169,0.11363599999999999,10,"SRR11954099,SRR11954102,SRR12733648,SRR11954210,SRR11954176,SRR11954189,SRR11954256,SRR11954086,SRR11953755,SRR11954082",74
C,26542,A,0.05,0.180328,166,"SRR12733869,SRR11953897,SRR12733298,SRR11954020,SRR11954077,SRR12733399,SRR11954016,SRR11954160,SRR12733405,SRR12733474,SRR12733288,SRR12733481,SRR12733296,SRR12733484,SRR12733487,SRR12733406,SRR11953896,SRR11953892,SRR11953923,SRR12733291,SRR11953711,SRR12733303,SRR12733762,SRR11954068,SRR11954102,SRR11953917,SRR12733319,SRR12733449,SRR11954141,SRR12733440,SRR12733767,SRR11953866,SRR12733321,SRR12733284,SRR11953709,SRR11954166,SRR12733448,SRR12733446,SRR12733889,SRR11953878,SRR12733444,SRR12733893,SRR11954074,SRR12733450,SRR12733763,SRR12733894,SRR12733761,SRR12733937,SRR11954196,SRR12733468,SRR11954150,SRR12733870,SRR12733872,SRR11953723,SRR12733463,SRR12733430,SRR12733462,SRR12733409,SRR11953860,SRR11953887,SRR11954086,SRR11953746,SRR12733435,SRR12733456,SRR11953740,SRR11954013,SRR11954088,SRR12733362,SRR12733453,SRR12733305,SRR12733721,SRR11954120,SRR12733766,SRR11954075,SRR12733538,SRR11954031,SRR12733606,SRR11953813,SRR12733809,SRR12733803,SRR11954256,SRR11953764,SRR11954001,SRR11954210,SRR11954262,SRR12734013,SRR12733843,SRR11953808,SRR11953975,SRR12733637,SRR11954273,SRR11954109,SRR11953686,SRR11954176,SRR11953755,SRR11954114,SRR11953939,SRR12734067,SRR12733830,SRR11954002,SRR11954234,SRR11953816,SRR12733826,SRR11953760,SRR12733827,SRR11953965,SRR11954235,SRR12733589,SRR12733554,SRR12733540,SRR11954189,SRR11953969,SRR11954025,SRR11954245,SRR12733592,SRR11953817,SRR12733544,SRR12734051,SRR11953682,SRR12733543,SRR11953679,SRR12733591,SRR12733799,SRR11953821,SRR11954202,SRR11953795,SRR11953927,SRR12733713,SRR12733499,SRR12733863,SRR11954299,SRR12733498,SRR11953997,SRR11953792,SRR11953673,SRR12733497,SRR12733718,SRR12733493,SRR11954301,SRR11954197,SRR11954198,SRR12733865,SRR11953848,SRR12733283,SRR12733492,SRR11953754,SRR12733491,SRR11953924,SRR12733500,SRR11953992,SRR11953846,SRR11954192,SRR11954293,SRR12733784,SRR12733856,SRR11953766,SRR12733862,SRR12733504,SRR11954201,SRR11954295,SRR11953801,SRR11953980,SRR11953776,SRR12733861,SRR11954048,SRR12733502",75
T,26545,G,0.050205,0.163934,215,"SRR11954251,SRR11954256,SRR12733450,SRR12733777,SRR12733841,SRR11954013,SRR12733453,SRR12734013,SRR12733532,SRR11954088,SRR11954114,SRR11954082,SRR11953685,SRR12733843,SRR12733523,SRR11954117,SRR12733771,SRR12733456,SRR11954273,SRR11953746,SRR12733521,SRR12733308,SRR11953821,SRR12733851,SRR11953939,SRR11954176,SRR11953860,SRR11954188,SRR12733449,SRR11953917,SRR12733319,SRR12733563,SRR12734064,SRR11953816,SRR12733444,SRR12733889,SRR11954235,SRR12733554,SRR12733827,SRR12733446,SRR11954244,SRR11954166,SRR12733547,SRR12733448,SRR11954245,SRR12733321,SRR11954075,SRR12733544,SRR11953866,SRR12734051,SRR11954168,SRR11953682,SRR12733543,SRR11954141,SRR11954031,SRR11953817,SRR11953683,SRR12733540,SRR11953686,SRR11953760,SRR12733457,SRR12733305,SRR11953847,SRR11954299,SRR12733863,SRR12733498,SRR11953923,SRR12733481,SRR12733291,SRR12733497,SRR12733868,SRR11954025,SRR12733493,SRR12733482,SRR11954301,SRR12733290,SRR12733288,SRR11953926,SRR12733865,SRR12733283,SRR12733492,SRR12733484,SRR11954077,SRR11953754,SRR12733491,SRR12733487,SRR11953924,SRR11954192,SRR12733284,SRR11953846,SRR11953755,SRR12733296,SRR12733869,SRR12733462,SRR12733855,SRR12733304,SRR12733463,SRR12733872,SRR11954293,SRR12733993,SRR12733387,SRR12733870,SRR12733856,SRR11953929,SRR12733504,SRR11953776,SRR12733468,SRR11954295,SRR12733303,SRR12733502,SRR11954136,SRR11954197,SRR11954196,SRR12733298,SRR12733756,SRR12733500,SRR11954173,SRR11954120,SRR11953927,SRR12733474,SRR12733499,SRR12733826,SRR12733969,SRR11953808,SRR11953887,SRR11954001,SRR12733434,SRR12733803,SRR12733369,SRR12733809,SRR11954201,SRR12733405,SRR12733435,SRR11953813,SRR11953764,SRR12733606,SRR11953740,SRR12733362,SRR11953898,SRR12733813,SRR12733784,SRR12733700,SRR12734097,SRR11954210,SRR12733897,SRR12733894,SRR12734067,SRR11954023,SRR11953888,SRR11954234,SRR12733409,SRR11954150,SRR11954202,SRR11954016,SRR12733796,SRR12733763,SRR12733654,SRR11953980,SRR12733648,SRR12734078,SRR11953723,SRR11954105,SRR11953997,SRR12733799,SRR12733637,SRR11954020,SRR11953975,SRR12733668,SRR12733430,SRR11953892,SRR12733406,SRR11954203,SRR12733431,SRR11953766,SRR12733783,SRR12733786,SRR11954224,SRR12733718,SRR12733713,SRR12733574,SRR11953783,SRR11954222,SRR12733767,SRR12733440,SRR12733589,SRR11954038,SRR11953878,SRR11953673,SRR11953795,SRR11953896,SRR11953965,SRR12733399,SRR12733382,SRR12733344,SRR11954198,SRR11953711,SRR11954219,SRR11954189,SRR11954068,SRR11953897,SRR12733592,SRR11954109,SRR11954143,SRR11953992,SRR12733893,SRR12733712,SRR12733820,SRR11953969,SRR12733336,SRR11953792,SRR11954160,SRR11954002,SRR12733591,SRR11953679,SRR11954102",73
A,26554,G,0.050385,0.07960199999999999,11,"SRR11954256,SRR12734087,SRR12733589,SRR12733856,SRR11953866,SRR11953821,SRR11953917,SRR11954210,SRR12733592,SRR11953817,SRR12733606",80
C,26606,T,0.6531060000000001,0.704195,2,"SRR12733723,SRR11954289",81
C,26625,A,0.054877999999999996,0.110553,2,"SRR11953821,SRR12733853",76
T,26678,C,0.127907,0.127907,1,SRR12733435,-111
C,26681,T,0.083952,0.083952,1,SRR11954083,-338
T,26729,C,0.5772649999999999,0.627713,6,"SRR11953701,SRR11953858,SRR11954104,SRR11953905,SRR11954048,SRR11954046",77
C,26735,T,0.064622,0.064622,1,SRR12733685,-339
G,26769,A,0.05103,0.055982000000000004,2,"SRR11953847,SRR11954013",78
G,26775,T,0.7891520000000001,0.7891520000000001,1,SRR12733784,-382
C,26810,T,0.07352,0.07352,1,SRR12733700,-340
A,26811,G,0.08973500000000001,0.08973500000000001,1,SRR11954114,-184
C,26873,T,0.07295900000000001,0.07295900000000001,1,SRR12734123,-366
C,27213,T,0.056671000000000006,0.056671000000000006,1,SRR12733926,-369
G,27226,T,0.112633,0.112633,1,SRR12733509,-378
C,27247,T,0.077922,0.158006,4,"SRR12733924,SRR12733919,SRR12733570,SRR12733617",82
C,27297,T,0.06490399999999999,0.06490399999999999,1,SRR12733383,-370
C,27331,T,0.706724,0.706724,1,SRR11954256,-371
C,27335,T,0.051899,0.113402,4,"SRR11954048,SRR11954068,SRR12733497,SRR11954046",83
A,27344,T,0.052381,0.052381,1,SRR11954046,-185
A,27345,T,0.05006,0.05006,1,SRR11954046,-186
A,27354,G,0.050314,0.220779,60,"SRR11953808,SRR12733893,SRR12733856,SRR12733472,SRR12733500,SRR11954120,SRR12733499,SRR12733497,SRR12733868,SRR12733918,SRR11954025,SRR11953857,SRR12733894,SRR12733813,SRR12733767,SRR11953824,SRR12733889,SRR12733682,SRR12733443,SRR12733430,SRR11954048,SRR11954141,SRR11953756,SRR12733521,SRR12733589,SRR11954036,SRR11953767,SRR12733438,SRR12733510,SRR12733910,SRR11954046,SRR12733663,SRR11953806,SRR12733554,SRR11953880,SRR11953740,SRR12733525,SRR12733938,SRR11954082,SRR12733937,SRR12733377,SRR11954190,SRR12733336,SRR12734067,SRR11954189,SRR11954000,SRR11954286,SRR11954086,SRR12733371,SRR11954176,SRR11954235,SRR11953999,SRR12734053,SRR11953975,SRR12733923,SRR11954075,SRR12733304,SRR11954238,SRR11954197,SRR11953683",84
C,27389,T,0.236416,0.236416,1,SRR11954289,-373
A,27452,G,0.053003999999999996,0.053003999999999996,1,SRR12733637,-178
C,27476,T,0.23876399999999998,0.23876399999999998,1,SRR11953783,-374
T,27484,C,0.178049,0.178049,1,SRR12733856,-108
T,27597,C,0.053253999999999996,0.053253999999999996,1,SRR11954198,-106
C,27610,T,0.062601,0.062601,1,SRR11954020,-365
G,27621,T,0.322034,0.322034,1,SRR12733516,-375
C,27635,T,0.21396700000000002,0.611395,7,"SRR11953858,SRR11953701,SRR12733648,SRR11954104,SRR11953905,SRR11954048,SRR11954046",85
C,27644,T,0.068063,0.068063,1,SRR12733414,-377
T,27645,C,0.558559,0.558559,1,SRR12733606,-105
T,27652,A,0.059211,0.062147,2,"SRR11954161,SRR12733843",86
G,27750,A,0.056603999999999995,0.101852,6,"SRR12734135,SRR11954100,SRR11953755,SRR11954077,SRR11954050,SRR12733713",87
G,27870,T,0.051335000000000006,0.11111099999999999,16,"SRR12733872,SRR12734135,SRR12733826,SRR12733865,SRR12733877,SRR12733894,SRR12733876,SRR12733778,SRR12733510,SRR12733855,SRR12733807,SRR12733909,SRR12733867,SRR12733851,SRR12733843,SRR12733783",92
T,27922,A,0.054511000000000004,0.054511000000000004,1,SRR11954036,-100
C,27964,T,0.309963,0.600565,2,"SRR12733381,SRR12733284",91
C,27970,T,0.680501,0.680501,1,SRR12733999,-379
C,27972,T,0.161417,0.161417,1,SRR12733957,-380
G,27987,T,0.07156900000000001,0.07156900000000001,1,SRR11954226,-372
G,28077,C,0.5801850000000001,0.6213989999999999,6,"SRR11953858,SRR11953701,SRR11953905,SRR11954046,SRR11954048,SRR11954104",88
G,28079,T,0.071201,0.081235,2,"SRR11953729,SRR11954096",90
C,28093,T,0.053003999999999996,0.053003999999999996,1,SRR11954219,-381
T,28110,C,0.097786,0.097786,1,SRR11954267,-96
C,28170,A,0.051587,0.09174299999999999,6,"SRR11953691,SRR11953866,SRR11953676,SRR11954025,SRR11953816,SRR11954088",89
T,28251,C,0.798165,0.798165,1,SRR12733351,-116
G,28361,A,0.12782000000000002,0.12782000000000002,1,SRR12733496,-337
C,28391,T,0.77989,0.77989,1,SRR11954112,-383
C,28399,T,0.083983,0.083983,1,SRR11954245,-384
A,28402,C,0.051121,0.062794,11,"SRR11954050,SRR11954082,SRR11954120,SRR11954100,SRR11953754,SRR11953686,SRR12733867,SRR11953866,SRR11953946,SRR11953917,SRR12733938",93
G,28451,T,0.103565,0.103565,1,SRR12733995,-311
C,28519,T,0.12387100000000001,0.12387100000000001,1,SRR12733344,-385
C,28647,T,0.077559,0.077559,1,SRR11954196,-376
C,28657,T,0.42490600000000006,0.42490600000000006,1,SRR12733532,-364
A,28699,G,0.054714,0.054714,1,SRR12733434,-154
G,28713,A,0.073661,0.073661,1,SRR12733433,-310
C,28717,T,0.614939,0.614939,1,SRR12733284,-363
T,28735,C,0.479386,0.479386,1,SRR11954025,-117
C,28776,T,0.20384000000000002,0.20384000000000002,1,SRR11954197,-362
G,28790,A,0.344915,0.344915,1,SRR11954195,-309
C,28801,A,0.050595,0.070312,13,"SRR12733283,SRR12733305,SRR12733399,SRR12733326,SRR12733375,SRR12733444,SRR12733446,SRR12733441,SRR12733449,SRR12733349,SRR12733296,SRR12733381,SRR12733284",103
G,28805,A,0.335385,0.335385,1,SRR12733743,-306
C,28849,T,0.12723199999999998,0.12723199999999998,1,SRR12733865,-341
C,28868,T,0.066933,0.066933,1,SRR11953943,-342
A,28886,G,0.24285,0.24285,1,SRR11953679,-164
C,28887,T,0.08566599999999999,0.44444399999999995,2,"SRR11953826,SRR12733524",94
C,28893,T,0.15942,0.15942,1,SRR11953855,-344
G,28903,A,0.06791599999999999,0.06791599999999999,1,SRR11954075,-304
C,28957,T,0.075799,0.082649,2,"SRR11953847,SRR11954013",95
G,29000,T,0.082237,0.082237,1,SRR12733433,-294
A,29039,T,0.05,0.17284000000000002,212,"SRR11953833,SRR11954083,SRR12733980,SRR12733981,SRR12733384,SRR12733496,SRR12733989,SRR12733986,SRR12733982,SRR12733497,SRR12733500,SRR12733502,SRR12733498,SRR12733499,SRR12733993,SRR11953834,SRR12733387,SRR12733978,SRR12733963,SRR11954089,SRR12733479,SRR12733296,SRR12733478,SRR12733475,SRR11954173,SRR12733481,SRR12733472,SRR12733471,SRR12733303,SRR12733468,SRR11954136,SRR12733467,SRR12733465,SRR12733462,SRR12733298,SRR12733493,SRR12733291,SRR12733288,SRR11953848,SRR11953851,SRR12733492,SRR12733283,SRR12733977,SRR12733975,SRR12733491,SRR12733482,SRR12733969,SRR12733487,SRR11953696,SRR12733966,SRR12733965,SRR12733484,SRR11954133,SRR12733483,SRR12733284,SRR12733970,SRR12733527,SRR12733513,SRR12733625,SRR12733624,SRR12733623,SRR12734068,SRR12733618,SRR12733617,SRR12733616,SRR12733626,SRR12733614,SRR12733611,SRR11953972,SRR11954076,SRR11954222,SRR11954223,SRR11953679,SRR12733581,SRR12733613,SRR12733580,SRR11954203,SRR12734069,SRR11954196,SRR11953776,SRR11954077,SRR11953996,SRR11953787,SRR11953790,SRR12733779,SRR11954000,SRR11953992,SRR11954104,SRR12733691,SRR11953801,SRR11953990,SRR11954105,SRR11954106,SRR12733657,SRR12734112,SRR12733579,SRR12733575,SRR12733574,SRR11954271,SRR12733525,SRR11954114,SRR12733846,SRR12733523,SRR11953943,SRR11954277,SRR11954264,SRR12733999,SRR12733519,SRR11953939,SRR12733517,SRR12733516,SRR12733995,SRR11954287,SRR12733514,SRR12733520,SRR12733528,SRR12733530,SRR12733533,SRR12733573,SRR11953961,SRR11953960,SRR12733567,SRR12733566,SRR12733563,SRR12734053,SRR11953954,SRR11953953,SRR12733546,SRR12734038,SRR11953682,SRR12733539,SRR12734025,SRR11954188,SRR12734018,SRR12733534,SRR12733512,SRR12733304,SRR11954011,SRR12733932,SRR12733446,SRR11954074,SRR12733928,SRR12733933,SRR12733377,SRR12733445,SRR12733326,SRR12733936,SRR12733409,SRR11953867,SRR11953912,SRR12733334,SRR12733443,SRR11954013,SRR12733444,SRR12733406,SRR12733448,SRR12733399,SRR12733888,SRR12733449,SRR11953899,SRR12733312,SRR12733405,SRR12733915,SRR12733319,SRR12733453,SRR11953701,SRR12733924,SRR12733321,SRR12733381,SRR12733917,SRR12733926,SRR12733310,SRR11954143,SRR12733886,SRR12733345,SRR12733421,SRR11953737,SRR12733425,SRR12733894,SRR12733436,SRR12733457,SRR12733435,SRR12733369,SRR12733434,SRR12733433,SRR11954020,SRR12733431,SRR12733919,SRR12733430,SRR12733375,SRR12733962,SRR12733423,SRR12733456,SRR12733450,SRR12733437,SRR12733441,SRR12733308,SRR12733914,SRR11953879,SRR12733383,SRR11953862,SRR11954150,SRR12733440,SRR12733416,SRR11953906,SRR11953882,SRR12733438,SRR11953860,SRR12733376,SRR12733305,SRR12733918,SRR12733349",96
C,29077,T,0.21228699999999998,0.21228699999999998,1,SRR11953945,-346
C,29109,G,0.082969,0.082969,1,SRR12733938,-347
G,29140,C,0.051351,0.094903,22,"SRR11953764,SRR11954210,SRR11953998,SRR11954176,SRR11954299,SRR11954002,SRR11954161,SRR11954025,SRR11954295,SRR12733778,SRR11953746,SRR11953808,SRR11954088,SRR11953866,SRR12733877,SRR11954086,SRR11954190,SRR11954050,SRR11954198,SRR11953754,SRR11953755,SRR11953927",99
G,29179,T,0.07177,0.07177,1,SRR11953855,-291
C,29187,T,0.052023,0.052829999999999995,2,"SRR12733448,SRR12733441",97
A,29188,G,0.050289999999999994,0.052434,2,"SRR12733448,SRR12733441",98
C,29253,T,0.16927999999999999,0.16927999999999999,1,SRR12733945,-349
G,29260,A,0.070154,0.070154,1,SRR11953729,-312
C,29311,T,0.182135,0.182135,1,SRR12733777,-350
C,29353,T,0.09375,0.09375,1,SRR11953964,-351
C,29363,T,0.11142200000000001,0.11142200000000001,1,SRR12733919,-352
C,29416,T,0.154604,0.154604,1,SRR11954267,-353
G,29468,T,0.062015999999999995,0.062015999999999995,1,SRR11953726,-313
C,29541,G,0.05,0.16853900000000002,8,"SRR11954210,SRR12733833,SRR11953821,SRR11953924,SRR11953746,SRR11954082,SRR11953755,SRR11953939",101
C,29585,T,0.78481,0.78481,1,SRR12733377,-355
A,29594,G,0.42105299999999996,0.42105299999999996,1,SRR11954244,-146
C,29614,T,0.053891999999999995,0.11111099999999999,3,"SRR11953891,SRR12733499,SRR12733833",100
C,29635,T,0.056478,0.056478,1,SRR12733905,-357
C,29686,T,0.11688299999999999,0.11688299999999999,1,SRR12733534,-358
A,29700,G,0.5566800000000001,0.606462,6,"SRR11953858,SRR11953701,SRR11954046,SRR11954048,SRR11953905,SRR11954104",102
G,29705,T,0.23027399999999998,0.23027399999999998,1,SRR11953929,-336
G,29742,C,0.065622,0.065622,1,SRR12733691,-333
G,29742,T,0.077562,0.077562,1,SRR11953888,-327
C,29774,T,0.111266,0.111266,1,SRR11954112,-359
