,REF,POS,ALT,MinAF,MaxAF,NumSamples,SampleNames,MutationCluster
0,G,571,A,0.6824180000000001,0.793085,5,"ERR4860408,ERR4860415,ERR4860284,ERR4861479,ERR4860921",0
1,G,675,C,0.18300999999999998,0.21664099999999997,2,"ERR4860403,ERR4859733",1
2,G,653,C,0.06116,0.384843,2,"ERR4860439,ERR4860282",2
3,T,445,C,0.21424899999999997,0.709034,4,"ERR4860152,ERR4859752,ERR4860872,ERR4861500",3
4,T,324,G,0.12717799999999999,0.607549,2,"ERR4861480,ERR4860133",4
5,T,1372,C,0.11417999999999999,0.174129,2,"ERR4860519,ERR4861074",5
6,G,1464,A,0.669195,0.767157,13,"ERR4860145,ERR4859998,ERR4860525,ERR4860527,ERR4860013,ERR4859910,ERR4860396,ERR4860413,ERR4860450,ERR4861310,ERR4861395,ERR4859735,ERR4859730",6
7,G,1487,A,0.7892,0.794913,2,"ERR4860586,ERR4860588",7
8,G,1548,A,0.790848,0.796347,2,"ERR4860259,ERR4860273",8
9,G,1742,A,0.708955,0.711761,2,"ERR4860730,ERR4859972",9
10,G,2086,A,0.79718,0.799242,2,"ERR4861079,ERR4861025",10
11,G,2849,A,0.617096,0.77553,2,"ERR4860258,ERR4860330",11
12,G,872,T,0.05848,0.796975,2,"ERR4861480,ERR4860421",12
13,G,596,T,0.752115,0.752315,2,"ERR4861241,ERR4861239",13
14,G,526,T,0.502183,0.764279,4,"ERR4860298,ERR4860026,ERR4860484,ERR4860110",14
15,C,788,T,0.077586,0.23890799999999998,2,"ERR4860556,ERR4861274",15
16,C,815,T,0.05583200000000001,0.301887,6,"ERR4860264,ERR4861017,ERR4861192,ERR4860500,ERR4861481,ERR4860369",16
17,C,829,T,0.6851970000000001,0.732406,5,"ERR4860619,ERR4859960,ERR4861371,ERR4861488,ERR4861025",17
18,C,832,T,0.061978,0.741935,23,"ERR4859991,ERR4859946,ERR4860492,ERR4860708,ERR4861158,ERR4860287,ERR4860037,ERR4860689,ERR4860876,ERR4860467,ERR4860014,ERR4860658,ERR4860615,ERR4861170,ERR4861175,ERR4860684,ERR4860929,ERR4860490,ERR4861029,ERR4860627,ERR4861033,ERR4860729,ERR4859940",18
19,C,835,T,0.375,0.750636,3,"ERR4859763,ERR4861404,ERR4861347",19
20,C,842,T,0.054091999999999994,0.065013,2,"ERR4861487,ERR4860040",20
21,C,913,T,0.783833,0.792094,2,"ERR4861262,ERR4859966",21
22,C,917,T,0.0681,0.276923,2,"ERR4859999,ERR4860848",22
23,C,683,T,0.050125,0.399642,23,"ERR4861524,ERR4861081,ERR4859832,ERR4860297,ERR4860759,ERR4859963,ERR4860048,ERR4860922,ERR4860106,ERR4861071,ERR4861192,ERR4859875,ERR4860439,ERR4860283,ERR4861481,ERR4860264,ERR4859782,ERR4859922,ERR4861167,ERR4859791,ERR4860929,ERR4860995,ERR4860041",23
24,C,657,T,0.158278,0.317585,2,"ERR4861100,ERR4860321",24
25,C,635,T,0.050717,0.643942,74,"ERR4860117,ERR4861081,ERR4860922,ERR4860264,ERR4861524,ERR4860730,ERR4861071,ERR4860048,ERR4861481,ERR4860573,ERR4859884,ERR4861167,ERR4860318,ERR4861235,ERR4859791,ERR4861299,ERR4860268,ERR4860500,ERR4861155,ERR4860456,ERR4859792,ERR4860372,ERR4860106,ERR4860044,ERR4859763,ERR4859780,ERR4861192,ERR4861432,ERR4859871,ERR4861411,ERR4859885,ERR4859794,ERR4860610,ERR4860702,ERR4860580,ERR4860779,ERR4860102,ERR4860916,ERR4860731,ERR4860184,ERR4861508,ERR4860846,ERR4860119,ERR4859922,ERR4861079,ERR4860036,ERR4860378,ERR4860630,ERR4859753,ERR4860620,ERR4860297,ERR4861434,ERR4859769,ERR4860759,ERR4859801,ERR4860931,ERR4859985,ERR4860995,ERR4860753,ERR4859960,ERR4861296,ERR4861330,ERR4859767,ERR4860817,ERR4860968,ERR4859747,ERR4861249,ERR4860619,ERR4860347,ERR4860269,ERR4860726,ERR4861510,ERR4860606,ERR4860238",25
26,C,601,T,0.790917,0.792918,2,"ERR4860955,ERR4859751",26
27,C,1142,T,0.720795,0.754416,3,"ERR4860850,ERR4861269,ERR4861128",27
28,C,1150,T,0.6780470000000001,0.716263,2,"ERR4860361,ERR4860644",28
29,C,1191,T,0.305717,0.6142340000000001,2,"ERR4860043,ERR4861466",29
30,C,1218,T,0.07488600000000001,0.661026,2,"ERR4860347,ERR4860105",30
31,C,1314,T,0.053413,0.076212,2,"ERR4860987,ERR4861497",31
32,C,1392,T,0.104795,0.135776,3,"ERR4860378,ERR4860046,ERR4860904",32
33,C,1427,T,0.778419,0.793882,5,"ERR4861298,ERR4860532,ERR4860897,ERR4860807,ERR4860782",33
34,C,1514,T,0.074745,0.09400599999999999,2,"ERR4861281,ERR4860741",34
35,C,1758,T,0.07520700000000001,0.782609,2,"ERR4861214,ERR4860759",35
36,C,1848,T,0.08261,0.51895,2,"ERR4859747,ERR4860454",36
37,C,1929,T,0.43946999999999997,0.44746899999999995,2,"ERR4860130,ERR4861085",37
38,C,2005,T,0.724458,0.7939189999999999,6,"ERR4860602,ERR4860502,ERR4859804,ERR4861005,ERR4860601,ERR4859751",38
39,C,2062,T,0.667441,0.782118,7,"ERR4860257,ERR4860067,ERR4859995,ERR4860716,ERR4861320,ERR4859939,ERR4860894",39
40,C,2094,T,0.073358,0.502781,2,"ERR4860929,ERR4859794",40
41,C,2113,T,0.054403999999999994,0.078206,2,"ERR4859782,ERR4860573",41
42,C,398,T,0.151899,0.17266199999999998,2,"ERR4861335,ERR4859963",42
43,C,313,T,0.056962,0.095037,2,"ERR4860922,ERR4859782",43
44,C,241,T,0.666667,0.796296,19,"ERR4860845,ERR4860702,ERR4860372,ERR4861146,ERR4860755,ERR4861347,ERR4859745,ERR4861184,ERR4859738,ERR4860935,ERR4861043,ERR4860961,ERR4860541,ERR4860953,ERR4861162,ERR4861032,ERR4860817,ERR4860655,ERR4861151",44
45,C,207,T,0.540077,0.762026,6,"ERR4859883,ERR4859794,ERR4860658,ERR4859802,ERR4859821,ERR4859773",45
46,C,203,T,0.051927,0.455822,21,"ERR4860130,ERR4861081,ERR4860347,ERR4860702,ERR4861249,ERR4859782,ERR4859985,ERR4859825,ERR4860048,ERR4860500,ERR4860044,ERR4859794,ERR4860968,ERR4861481,ERR4860846,ERR4859846,ERR4860931,ERR4859791,ERR4860184,ERR4860922,ERR4861508",46
47,C,140,T,0.384615,0.7166859999999999,4,"ERR4860892,ERR4860873,ERR4860890,ERR4860878",47
48,C,106,T,0.090909,0.11224500000000001,3,"ERR4861035,ERR4860240,ERR4859916",48
49,C,100,T,0.057613,0.131115,2,"ERR4861458,ERR4860102",49
50,C,75,T,0.062201,0.375,2,"ERR4861260,ERR4860382",50
51,C,71,T,0.050086,0.246944,7,"ERR4860219,ERR4859985,ERR4860819,ERR4860984,ERR4860820,ERR4860472,ERR4860875",51
52,G,204,T,0.172343,0.799948,408,"ERR4861335,ERR4861349,ERR4859861,ERR4859790,ERR4860776,ERR4860596,ERR4860680,ERR4860980,ERR4861212,ERR4860738,ERR4860942,ERR4860267,ERR4861340,ERR4860181,ERR4860811,ERR4860854,ERR4860599,ERR4860189,ERR4860994,ERR4861149,ERR4859840,ERR4860081,ERR4860148,ERR4860706,ERR4861536,ERR4861498,ERR4860688,ERR4861115,ERR4860392,ERR4860565,ERR4861129,ERR4861319,ERR4861458,ERR4861188,ERR4860092,ERR4861239,ERR4861082,ERR4860825,ERR4860915,ERR4860950,ERR4860571,ERR4860826,ERR4860992,ERR4860881,ERR4861453,ERR4860508,ERR4861290,ERR4860163,ERR4860927,ERR4861489,ERR4861341,ERR4859826,ERR4860945,ERR4860219,ERR4860694,ERR4860697,ERR4861504,ERR4861232,ERR4859766,ERR4861099,ERR4860830,ERR4859822,ERR4861472,ERR4860884,ERR4860798,ERR4860077,ERR4861001,ERR4860873,ERR4861037,ERR4861193,ERR4861534,ERR4860758,ERR4861102,ERR4859777,ERR4861220,ERR4859938,ERR4861070,ERR4859824,ERR4861400,ERR4861380,ERR4859850,ERR4860823,ERR4861008,ERR4860804,ERR4861478,ERR4861432,ERR4861076,ERR4860727,ERR4861181,ERR4860769,ERR4860901,ERR4860400,ERR4861058,ERR4860663,ERR4860576,ERR4859828,ERR4859825,ERR4861163,ERR4860801,ERR4860669,ERR4860903,ERR4860849,ERR4860844,ERR4861463,ERR4860753,ERR4860948,ERR4861026,ERR4861144,ERR4861427,ERR4861281,ERR4861142,ERR4860764,ERR4859892,ERR4860954,ERR4860594,ERR4861297,ERR4860934,ERR4861215,ERR4861339,ERR4860946,ERR4861138,ERR4861118,ERR4861007,ERR4860824,ERR4861405,ERR4860579,ERR4861132,ERR4861218,ERR4861358,ERR4861106,ERR4859835,ERR4861039,ERR4861376,ERR4860734,ERR4860832,ERR4860987,ERR4860671,ERR4860969,ERR4859832,ERR4861431,ERR4861205,ERR4861514,ERR4861275,ERR4861173,ERR4861179,ERR4861387,ERR4861277,ERR4860761,ERR4861535,ERR4861068,ERR4860721,ERR4861024,ERR4860777,ERR4859785,ERR4861124,ERR4861166,ERR4860847,ERR4861171,ERR4860731,ERR4860597,ERR4860938,ERR4861063,ERR4861291,ERR4861260,ERR4860609,ERR4860787,ERR4860015,ERR4860205,ERR4861526,ERR4860686,ERR4860947,ERR4861014,ERR4860895,ERR4860984,ERR4860176,ERR4861052,ERR4861379,ERR4860791,ERR4860972,ERR4861090,ERR4860807,ERR4859855,ERR4859853,ERR4861085,ERR4859842,ERR4860795,ERR4861436,ERR4861231,ERR4860266,ERR4860967,ERR4859748,ERR4861105,ERR4861203,ERR4859789,ERR4860654,ERR4861067,ERR4861192,ERR4861403,ERR4860705,ERR4861195,ERR4861022,ERR4861211,ERR4860737,ERR4860860,ERR4859933,ERR4861282,ERR4861064,ERR4861511,ERR4861015,ERR4860017,ERR4859868,ERR4861302,ERR4859856,ERR4860572,ERR4861418,ERR4861093,ERR4860723,ERR4861057,ERR4860589,ERR4860841,ERR4859929,ERR4860632,ERR4859862,ERR4860974,ERR4860746,ERR4860744,ERR4860082,ERR4860900,ERR4860842,ERR4860595,ERR4861308,ERR4861121,ERR4861107,ERR4861455,ERR4859819,ERR4860925,ERR4861460,ERR4859831,ERR4861223,ERR4860880,ERR4860650,ERR4860592,ERR4859779,ERR4860086,ERR4860622,ERR4860874,ERR4861240,ERR4861332,ERR4861399,ERR4860563,ERR4860978,ERR4861219,ERR4861152,ERR4861317,ERR4860747,ERR4861009,ERR4860877,ERR4860570,ERR4859747,ERR4861401,ERR4861439,ERR4860169,ERR4861080,ERR4860652,ERR4860960,ERR4861191,ERR4860695,ERR4861088,ERR4861468,ERR4861182,ERR4861301,ERR4861140,ERR4860782,ERR4860337,ERR4860264,ERR4859844,ERR4861075,ERR4860626,ERR4860659,ERR4860933,ERR4861415,ERR4859799,ERR4860973,ERR4861243,ERR4859854,ERR4859798,ERR4861499,ERR4860975,ERR4860567,ERR4859775,ERR4860989,ERR4860732,ERR4861065,ERR4860916,ERR4861412,ERR4861417,ERR4861225,ERR4860896,ERR4859837,ERR4860625,ERR4861396,ERR4860653,ERR4861040,ERR4861097,ERR4860926,ERR4860741,ERR4860906,ERR4860263,ERR4860638,ERR4860897,ERR4860480,ERR4859812,ERR4861187,ERR4859800,ERR4860966,ERR4861450,ERR4861459,ERR4861346,ERR4861525,ERR4860010,ERR4860883,ERR4861069,ERR4859817,ERR4860796,ERR4859915,ERR4860857,ERR4861280,ERR4861312,ERR4859774,ERR4859796,ERR4861221,ERR4860839,ERR4860773,ERR4859808,ERR4860789,ERR4861133,ERR4859869,ERR4860624,ERR4859788,ERR4860314,ERR4861141,ERR4860009,ERR4859787,ERR4861351,ERR4860781,ERR4861368,ERR4860959,ERR4860890,ERR4860740,ERR4859859,ERR4859811,ERR4859739,ERR4860700,ERR4859744,ERR4861406,ERR4861021,ERR4859810,ERR4860119,ERR4861314,ERR4861041,ERR4861109,ERR4860835,ERR4859816,ERR4861122,ERR4859734,ERR4859729,ERR4861273,ERR4860634,ERR4861020,ERR4859805,ERR4860956,ERR4859793,ERR4860750,ERR4859807,ERR4861126,ERR4859736,ERR4860667,ERR4860736,ERR4860046,ERR4860875,ERR4859724,ERR4860953,ERR4861059,ERR4859764,ERR4861071,ERR4861272,ERR4859725,ERR4859871,ERR4860940,ERR4860786,ERR4860964,ERR4861157,ERR4860803,ERR4859740,ERR4860792,ERR4860759,ERR4859726,ERR4859813,ERR4859767,ERR4859737,ERR4861030,ERR4860152,ERR4861145,ERR4859743,ERR4860878,ERR4859752,ERR4860872,ERR4861500",52
53,G,210,T,0.669728,0.767568,3,"ERR4860713,ERR4860547,ERR4861419",53
54,G,174,T,0.6,0.714342,13,"ERR4860140,ERR4861172,ERR4859987,ERR4861377,ERR4860132,ERR4861177,ERR4860593,ERR4860825,ERR4860670,ERR4861078,ERR4860765,ERR4860672,ERR4860278",54
55,G,1738,T,0.7376689999999999,0.7929510000000001,3,"ERR4859868,ERR4860859,ERR4859733",55
56,G,1210,T,0.529412,0.799269,34,"ERR4860384,ERR4860511,ERR4859962,ERR4860449,ERR4860505,ERR4859934,ERR4860510,ERR4860513,ERR4860234,ERR4860501,ERR4860173,ERR4860519,ERR4860935,ERR4860281,ERR4861318,ERR4859979,ERR4861484,ERR4860821,ERR4860931,ERR4860852,ERR4860733,ERR4859976,ERR4861200,ERR4861404,ERR4860569,ERR4860802,ERR4860879,ERR4860904,ERR4860814,ERR4861134,ERR4861004,ERR4861062,ERR4861161,ERR4861210",56
57,G,2086,T,0.640408,0.670766,2,"ERR4861532,ERR4861185",57
58,G,1462,T,0.789096,0.798775,2,"ERR4860064,ERR4861285",58
59,A,481,G,0.5545,0.554561,2,"ERR4860772,ERR4860881",59
60,C,2416,T,0.774521,0.79708,2,"ERR4861048,ERR4861010",60
61,C,2445,T,0.781176,0.798675,2,"ERR4861148,ERR4860280",61
62,C,2453,T,0.055425999999999996,0.7906979999999999,11,"ERR4860605,ERR4860479,ERR4860347,ERR4860713,ERR4860531,ERR4860328,ERR4860082,ERR4860065,ERR4861366,ERR4860426,ERR4860945",62
63,C,2455,T,0.088318,0.134969,2,"ERR4860347,ERR4859723",63
64,C,2462,T,0.766205,0.774668,2,"ERR4861159,ERR4860415",64
65,C,2485,T,0.054186,0.088034,3,"ERR4861373,ERR4860524,ERR4860968",65
66,C,2675,T,0.691024,0.769794,7,"ERR4860540,ERR4860350,ERR4860323,ERR4859983,ERR4861385,ERR4861257,ERR4860821",66
67,C,2691,T,0.056391,0.088975,2,"ERR4859958,ERR4860605",67
68,C,2695,T,0.054152,0.7735850000000001,5,"ERR4861167,ERR4861300,ERR4861464,ERR4860859,ERR4861162",68
69,C,2710,T,0.611534,0.696729,3,"ERR4861395,ERR4860145,ERR4860618",69
70,C,2862,T,0.147627,0.251185,2,"ERR4860577,ERR4861133",70
71,C,3037,T,0.691986,0.799981,579,"ERR4861465,ERR4860955,ERR4860590,ERR4859879,ERR4860794,ERR4859797,ERR4861106,ERR4861153,ERR4860727,ERR4861196,ERR4860654,ERR4861361,ERR4861412,ERR4861359,ERR4861490,ERR4860678,ERR4861263,ERR4861075,ERR4861221,ERR4860633,ERR4860869,ERR4860594,ERR4860619,ERR4859795,ERR4861287,ERR4861385,ERR4861099,ERR4860987,ERR4860580,ERR4859754,ERR4861030,ERR4860648,ERR4860645,ERR4860767,ERR4860694,ERR4859811,ERR4860728,ERR4861177,ERR4860118,ERR4860806,ERR4861207,ERR4860801,ERR4860591,ERR4859812,ERR4860632,ERR4860445,ERR4860643,ERR4860926,ERR4860810,ERR4861292,ERR4861451,ERR4860839,ERR4861499,ERR4861306,ERR4861201,ERR4860972,ERR4861194,ERR4861070,ERR4860631,ERR4861409,ERR4861202,ERR4860923,ERR4861233,ERR4861401,ERR4860729,ERR4860592,ERR4861311,ERR4860909,ERR4861383,ERR4861122,ERR4861346,ERR4861218,ERR4860732,ERR4860660,ERR4860874,ERR4860640,ERR4861004,ERR4861237,ERR4860716,ERR4860991,ERR4861404,ERR4861180,ERR4860938,ERR4860863,ERR4860624,ERR4859749,ERR4861048,ERR4860669,ERR4860815,ERR4861005,ERR4860825,ERR4859798,ERR4860867,ERR4859904,ERR4860652,ERR4860599,ERR4861389,ERR4860817,ERR4860826,ERR4861455,ERR4860644,ERR4860851,ERR4860836,ERR4860929,ERR4861446,ERR4860895,ERR4861259,ERR4860968,ERR4860602,ERR4861133,ERR4861007,ERR4861496,ERR4860898,ERR4861093,ERR4861434,ERR4860744,ERR4860687,ERR4860750,ERR4860937,ERR4860572,ERR4859732,ERR4860760,ERR4861417,ERR4861308,ERR4860944,ERR4860853,ERR4861126,ERR4861349,ERR4861134,ERR4860588,ERR4861309,ERR4861321,ERR4861158,ERR4861025,ERR4861447,ERR4860807,ERR4861332,ERR4860982,ERR4861260,ERR4861267,ERR4860788,ERR4861178,ERR4860638,ERR4861466,ERR4861438,ERR4861185,ERR4861144,ERR4860784,ERR4860988,ERR4860764,ERR4861008,ERR4860781,ERR4860700,ERR4861467,ERR4861313,ERR4861440,ERR4861392,ERR4860849,ERR4860754,ERR4860579,ERR4860612,ERR4860662,ERR4859818,ERR4861191,ERR4861131,ERR4860945,ERR4861135,ERR4861410,ERR4861270,ERR4860651,ERR4861115,ERR4860961,ERR4861077,ERR4861504,ERR4861188,ERR4861522,ERR4861375,ERR4861395,ERR4860989,ERR4860636,ERR4860861,ERR4860206,ERR4860070,ERR4861139,ERR4860882,ERR4861006,ERR4861408,ERR4861423,ERR4860683,ERR4859882,ERR4860749,ERR4861014,ERR4860998,ERR4860772,ERR4861055,ERR4861118,ERR4860917,ERR4860606,ERR4861437,ERR4860795,ERR4861205,ERR4860706,ERR4860902,ERR4860887,ERR4860769,ERR4860962,ERR4861002,ERR4861288,ERR4860984,ERR4861187,ERR4861356,ERR4861217,ERR4860747,ERR4860880,ERR4861513,ERR4860792,ERR4861203,ERR4861257,ERR4860928,ERR4861425,ERR4859752,ERR4860692,ERR4859744,ERR4861285,ERR4861240,ERR4860574,ERR4861109,ERR4861220,ERR4860907,ERR4860757,ERR4861328,ERR4861072,ERR4861485,ERR4860958,ERR4860979,ERR4861366,ERR4861428,ERR4861231,ERR4860946,ERR4861102,ERR4861097,ERR4860996,ERR4860609,ERR4860822,ERR4861206,ERR4861358,ERR4861212,ERR4860684,ERR4861316,ERR4860918,ERR4861090,ERR4861268,ERR4860960,ERR4861384,ERR4860799,ERR4860957,ERR4861509,ERR4861100,ERR4861241,ERR4861286,ERR4861041,ERR4860914,ERR4861297,ERR4860969,ERR4861352,ERR4860875,ERR4861087,ERR4860697,ERR4861536,ERR4861157,ERR4861000,ERR4861022,ERR4861128,ERR4860670,ERR4861364,ERR4861435,ERR4861426,ERR4860862,ERR4860893,ERR4861406,ERR4861471,ERR4861150,ERR4861117,ERR4860975,ERR4861098,ERR4861334,ERR4861327,ERR4861450,ERR4861105,ERR4861222,ERR4861307,ERR4861245,ERR4861189,ERR4861204,ERR4861110,ERR4861506,ERR4860977,ERR4860877,ERR4861515,ERR4861443,ERR4860951,ERR4861525,ERR4860587,ERR4861374,ERR4861319,ERR4860101,ERR4861391,ERR4861264,ERR4861501,ERR4860756,ERR4860715,ERR4861354,ERR4859806,ERR4860623,ERR4860667,ERR4861517,ERR4861145,ERR4861092,ERR4859736,ERR4861487,ERR4860884,ERR4861255,ERR4860964,ERR4861397,ERR4861351,ERR4861225,ERR4861342,ERR4861163,ERR4860949,ERR4860607,ERR4861010,ERR4861390,ERR4860647,ERR4860916,ERR4861493,ERR4861304,ERR4861341,ERR4860723,ERR4861323,ERR4861168,ERR4861353,ERR4861348,ERR4860850,ERR4861481,ERR4860129,ERR4860672,ERR4861539,ERR4859802,ERR4860720,ERR4861054,ERR4861427,ERR4859884,ERR4860814,ERR4860854,ERR4861393,ERR4861475,ERR4861482,ERR4860921,ERR4860626,ERR4861433,ERR4861213,ERR4861372,ERR4860925,ERR4859967,ERR4861057,ERR4861416,ERR4860834,ERR4861165,ERR4861322,ERR4861056,ERR4861430,ERR4861449,ERR4860948,ERR4860578,ERR4861510,ERR4859888,ERR4861291,ERR4861277,ERR4860878,ERR4861520,ERR4861310,ERR4860699,ERR4861444,ERR4861197,ERR4861516,ERR4859750,ERR4860819,ERR4861141,ERR4859753,ERR4861062,ERR4861483,ERR4860796,ERR4861456,ERR4861053,ERR4861379,ERR4861242,ERR4861464,ERR4861293,ERR4861031,ERR4860604,ERR4861193,ERR4860820,ERR4861386,ERR4861330,ERR4861396,ERR4860763,ERR4861399,ERR4861037,ERR4859724,ERR4860935,ERR4860712,ERR4861432,ERR4861294,ERR4861276,ERR4859739,ERR4861247,ERR4861378,ERR4861317,ERR4861283,ERR4859966,ERR4861258,ERR4861505,ERR4860133,ERR4861436,ERR4859741,ERR4860970,ERR4861414,ERR4859731,ERR4861262,ERR4861314,ERR4861500,ERR4861453,ERR4861339,ERR4861335,ERR4861362,ERR4861269,ERR4861528,ERR4859737,ERR4861387,ERR4861403,ERR4861303,ERR4861261,ERR4861256,ERR4861491,ERR4861472,ERR4860911,ERR4860344,ERR4861503,ERR4859738,ERR4861415,ERR4859728,ERR4861492,ERR4861279,ERR4860711,ERR4861480,ERR4861508,ERR4860791,ERR4860813,ERR4859742,ERR4861340,ERR4861067,ERR4859729,ERR4861167,ERR4861535,ERR4861338,ERR4861040,ERR4860264,ERR4859958,ERR4861343,ERR4861312,ERR4861531,ERR4861249,ERR4861538,ERR4861251,ERR4861324,ERR4860940,ERR4861413,ERR4861278,ERR4861527,ERR4861296,ERR4859734,ERR4859733,ERR4861360,ERR4861318,ERR4861400,ERR4860774,ERR4861114,ERR4861441,ERR4861421,ERR4861523,ERR4861325,ERR4861526,ERR4861368,ERR4861250,ERR4861507,ERR4861244,ERR4861424,ERR4861370,ERR4861502,ERR4861305,ERR4861529,ERR4861530,ERR4861347,ERR4861479,ERR4859743,ERR4861388,ERR4860941,ERR4861394,ERR4861156,ERR4859727,ERR4861284,ERR4861282,ERR4861295,ERR4859881,ERR4861290,ERR4860999,ERR4861420,ERR4859745,ERR4859730,ERR4861232,ERR4861363,ERR4860675,ERR4861298,ERR4861162,ERR4860943,ERR4861462,ERR4860800,ERR4861524,ERR4860848,ERR4860663,ERR4861405,ERR4861012,ERR4861371,ERR4861445,ERR4861457,ERR4861411,ERR4861486,ERR4861281,ERR4861275,ERR4861488,ERR4861161,ERR4861365,ERR4859740,ERR4861272,ERR4861051,ERR4860798,ERR4859746,ERR4861367,ERR4861254,ERR4861512,ERR4861484,ERR4861452,ERR4860897,ERR4859723,ERR4861468,ERR4861333,ERR4859725,ERR4861273,ERR4861540,ERR4860503,ERR4861459,ERR4861429,ERR4861463,ERR4861376,ERR4861166,ERR4861382,ERR4861478,ERR4859813,ERR4861357,ERR4861320,ERR4860859,ERR4861489,ERR4861127,ERR4861336,ERR4860251,ERR4861461,ERR4861143,ERR4860308,ERR4860468",71
72,C,3096,T,0.051526999999999996,0.364557,20,"ERR4859832,ERR4861192,ERR4860929,ERR4860731,ERR4861411,ERR4860269,ERR4860838,ERR4859791,ERR4859821,ERR4860264,ERR4860846,ERR4861071,ERR4859787,ERR4861228,ERR4861434,ERR4860922,ERR4860048,ERR4860257,ERR4861235,ERR4860332",72
73,G,3122,T,0.687008,0.782507,3,"ERR4861357,ERR4861384,ERR4861265",73
74,G,3004,T,0.459147,0.5467529999999999,12,"ERR4860287,ERR4860689,ERR4860658,ERR4860627,ERR4861029,ERR4860615,ERR4861158,ERR4860876,ERR4861033,ERR4861175,ERR4860729,ERR4859946",74
75,A,3386,T,0.06525299999999999,0.07377,2,"ERR4861235,ERR4860920",75
76,T,1813,TA,0.05177999999999999,0.08986799999999999,4,"ERR4860116,ERR4860888,ERR4860110,ERR4861189",76
77,G,72,A,0.059891,0.214286,4,"ERR4860278,ERR4861148,ERR4861207,ERR4859764",77
78,T,3256,C,0.260689,0.5344909999999999,2,"ERR4859752,ERR4860152",78
79,T,3022,C,0.090909,0.1,2,"ERR4860372,ERR4859884",79
80,T,3568,C,0.063138,0.181818,2,"ERR4860620,ERR4860425",80
81,T,3460,A,0.357143,0.611111,2,"ERR4859920,ERR4861364",81
82,T,3993,C,0.092683,0.093596,2,"ERR4859958,ERR4859902",82
83,G,4319,A,0.688185,0.722301,4,"ERR4859838,ERR4859853,ERR4859862,ERR4859850",83
84,C,3990,T,0.748218,0.797668,6,"ERR4860065,ERR4860229,ERR4860531,ERR4860325,ERR4860669,ERR4860857",84
85,C,4012,T,0.099,0.387763,2,"ERR4860317,ERR4859974",85
86,C,4113,T,0.11246600000000001,0.11597400000000001,2,"ERR4860124,ERR4861047",86
87,C,4158,T,0.068847,0.7304689999999999,2,"ERR4859784,ERR4860920",87
88,C,4173,T,0.072447,0.787201,3,"ERR4859854,ERR4859851,ERR4859853",88
89,C,4276,T,0.061855999999999994,0.539013,3,"ERR4860293,ERR4861492,ERR4860105",89
90,C,4321,T,0.07044700000000001,0.6914140000000001,4,"ERR4860331,ERR4860170,ERR4860928,ERR4860105",90
91,G,4080,T,0.052239,0.08391699999999999,2,"ERR4860203,ERR4860418",91
92,G,4006,T,0.666667,0.791118,9,"ERR4860674,ERR4860648,ERR4859993,ERR4859917,ERR4859753,ERR4861390,ERR4860055,ERR4861035,ERR4861235",92
93,G,4300,T,0.2083,0.791415,5,"ERR4860113,ERR4860121,ERR4861360,ERR4859878,ERR4861480",93
94,A,4291,T,0.74578,0.796717,10,"ERR4859731,ERR4859829,ERR4861448,ERR4861329,ERR4860353,ERR4861295,ERR4859741,ERR4860869,ERR4859836,ERR4859833",94
95,C,4423,T,0.07977100000000001,0.13861400000000001,2,"ERR4861128,ERR4861525",95
96,C,4540,T,0.779406,0.7910159999999999,2,"ERR4860614,ERR4861198",96
97,C,4543,T,0.078947,0.12925899999999999,2,"ERR4860573,ERR4860620",97
98,C,4586,T,0.051717,0.270833,3,"ERR4860268,ERR4860112,ERR4860634",98
99,G,4442,T,0.7121029999999999,0.739675,2,"ERR4860943,ERR4861028",99
100,C,3784,T,0.07335,0.162162,3,"ERR4860605,ERR4860704,ERR4860278",100
101,C,3743,T,0.083415,0.120779,2,"ERR4861299,ERR4860895",101
102,C,3737,T,0.056171000000000006,0.06129,2,"ERR4860573,ERR4859848",102
103,C,3653,T,0.06639500000000001,0.075557,2,"ERR4860389,ERR4860037",103
104,G,3685,T,0.748079,0.786334,4,"ERR4860849,ERR4860392,ERR4861401,ERR4861275",104
105,C,4784,T,0.174804,0.744754,4,"ERR4861207,ERR4861238,ERR4860616,ERR4860655",105
106,C,4815,T,0.053029999999999994,0.7875,4,"ERR4860779,ERR4859809,ERR4860184,ERR4859782",106
107,C,4887,T,0.061288,0.147651,3,"ERR4860519,ERR4859832,ERR4861397",107
108,C,4927,T,0.060413,0.64761,2,"ERR4860878,ERR4860184",108
109,C,5183,T,0.05429,0.070021,3,"ERR4859782,ERR4860817,ERR4860102",109
110,C,5239,T,0.088646,0.750375,2,"ERR4859953,ERR4859871",110
111,C,5622,T,0.261885,0.507633,2,"ERR4859752,ERR4860152",111
112,C,5849,T,0.68061,0.7784810000000001,4,"ERR4860859,ERR4860463,ERR4860811,ERR4859868",112
113,C,5869,T,0.058571000000000005,0.07472100000000001,2,"ERR4860953,ERR4859877",113
114,C,5907,T,0.765922,0.7846350000000001,3,"ERR4861025,ERR4861488,ERR4861371",114
115,C,5986,T,0.053685000000000004,0.16129000000000002,2,"ERR4860577,ERR4861330",115
116,C,6026,T,0.097458,0.11795499999999999,2,"ERR4860379,ERR4860268",116
117,C,6285,T,0.0752,0.196149,2,"ERR4861500,ERR4861258",117
118,C,6286,T,0.202347,0.696912,5,"ERR4860152,ERR4859752,ERR4860878,ERR4860872,ERR4861500",118
119,C,6312,T,0.068592,0.7554850000000001,3,"ERR4861302,ERR4859999,ERR4860910",119
120,C,6539,T,0.06414199999999999,0.081152,2,"ERR4860230,ERR4860311",120
121,C,6573,T,0.064626,0.198391,4,"ERR4860515,ERR4859733,ERR4860848,ERR4860477",121
122,C,6582,T,0.052434,0.076389,2,"ERR4860803,ERR4861151",122
123,C,6628,T,0.052773,0.119314,2,"ERR4860578,ERR4861411",123
124,C,6636,T,0.05268,0.058214999999999996,2,"ERR4861113,ERR4860675",124
125,C,6813,T,0.173947,0.174291,2,"ERR4861469,ERR4860373",125
126,C,6883,T,0.140297,0.717747,2,"ERR4860794,ERR4860636",126
127,A,4452,G,0.636574,0.6401899999999999,2,"ERR4860682,ERR4860678",127
128,A,4928,G,0.063047,0.094701,2,"ERR4860333,ERR4860823",128
129,T,6348,A,0.12307699999999999,0.18,3,"ERR4860406,ERR4860844,ERR4860749",129
130,T,6718,A,0.310345,0.37037,2,"ERR4860924,ERR4860876",130
131,T,6954,C,0.756201,0.795007,19,"ERR4860516,ERR4861262,ERR4860514,ERR4859941,ERR4860241,ERR4859905,ERR4860209,ERR4860166,ERR4861471,ERR4861366,ERR4860005,ERR4860207,ERR4861367,ERR4860151,ERR4860034,ERR4860713,ERR4860007,ERR4859928,ERR4861157",131
132,T,7565,C,0.06879,0.079808,2,"ERR4860675,ERR4860333",132
133,T,7630,C,0.06436599999999999,0.079224,2,"ERR4860617,ERR4860515",133
134,G,7571,C,0.063123,0.08366699999999999,3,"ERR4860888,ERR4859999,ERR4860557",134
135,G,8150,A,0.727377,0.775487,4,"ERR4860392,ERR4860849,ERR4861401,ERR4861275",135
136,T,8227,C,0.051836,0.109327,2,"ERR4860983,ERR4861113",136
137,T,8151,C,0.769288,0.777738,3,"ERR4860350,ERR4859983,ERR4860323",137
138,T,8461,A,0.23913,0.28378400000000004,2,"ERR4860183,ERR4860457",138
139,G,7846,A,0.758181,0.794339,5,"ERR4860827,ERR4861442,ERR4861325,ERR4860998,ERR4861336",139
140,C,7644,T,0.052296,0.076302,2,"ERR4860667,ERR4860730",140
141,C,7600,T,0.05089,0.06264199999999999,2,"ERR4860877,ERR4860533",141
142,C,7594,T,0.21203699999999998,0.702896,3,"ERR4861020,ERR4860877,ERR4861253",142
143,C,7735,T,0.058111,0.118619,4,"ERR4859782,ERR4861524,ERR4861411,ERR4860888",143
144,C,7765,T,0.060867,0.10653800000000001,2,"ERR4860888,ERR4861414",144
145,C,7834,T,0.064564,0.428922,3,"ERR4861318,ERR4860620,ERR4860046",145
146,C,7926,T,0.312296,0.463941,2,"ERR4861220,ERR4860872",146
147,C,7401,T,0.060547000000000004,0.790787,2,"ERR4859948,ERR4860325",147
148,C,8123,T,0.052738,0.757441,3,"ERR4861392,ERR4861164,ERR4860848",148
149,C,8251,T,0.053996,0.068071,2,"ERR4859782,ERR4861113",149
150,C,8290,T,0.058047,0.27145199999999997,2,"ERR4860208,ERR4859958",150
151,C,8344,T,0.6935939999999999,0.795128,3,"ERR4860967,ERR4859950,ERR4860233",151
152,G,8179,T,0.121058,0.796446,2,"ERR4860948,ERR4860963",152
153,G,8371,T,0.75702,0.799238,9,"ERR4860867,ERR4860834,ERR4861010,ERR4860810,ERR4860816,ERR4861048,ERR4860640,ERR4860820,ERR4861045",153
154,C,8664,T,0.059633000000000005,0.178947,2,"ERR4860036,ERR4859958",154
155,C,8964,T,0.06230499999999999,0.122107,3,"ERR4860105,ERR4861253,ERR4861411",155
156,C,9096,T,0.718214,0.7459939999999999,3,"ERR4861259,ERR4860586,ERR4860588",156
157,C,9165,T,0.064225,0.358267,3,"ERR4860616,ERR4861078,ERR4861347",157
158,C,9226,T,0.12568900000000002,0.16353099999999998,2,"ERR4859888,ERR4860024",158
159,C,9344,T,0.11425899999999999,0.25008600000000003,2,"ERR4861201,ERR4860065",159
160,C,9430,T,0.062987,0.701249,9,"ERR4860454,ERR4859846,ERR4861481,ERR4860922,ERR4859832,ERR4859825,ERR4861169,ERR4859787,ERR4859801",160
161,C,9491,T,0.06271499999999999,0.06383,2,"ERR4860634,ERR4861196",161
162,C,9561,T,0.12328800000000001,0.7743939999999999,3,"ERR4860776,ERR4860747,ERR4860264",162
163,C,10170,T,0.059785000000000005,0.086009,2,"ERR4861162,ERR4861373",163
164,C,10228,T,0.092589,0.122254,2,"ERR4861253,ERR4861351",164
165,C,10369,T,0.062421000000000004,0.194049,2,"ERR4860024,ERR4860990",165
166,C,10373,T,0.09926499999999999,0.11320799999999999,2,"ERR4860888,ERR4860817",166
167,C,10377,T,0.051816999999999995,0.064752,2,"ERR4860848,ERR4860050",167
168,C,10450,T,0.102448,0.192186,2,"ERR4860186,ERR4859853",168
169,C,10456,T,0.07865599999999999,0.256705,2,"ERR4860562,ERR4860513",169
170,C,10537,T,0.099885,0.15541,2,"ERR4859851,ERR4860777",170
171,C,10556,T,0.142875,0.270873,2,"ERR4860726,ERR4860158",171
172,C,10582,T,0.770461,0.7894760000000001,3,"ERR4860075,ERR4860807,ERR4860897",172
173,C,10671,T,0.070707,0.08,2,"ERR4861128,ERR4860557",173
174,C,10833,T,0.297297,0.789474,3,"ERR4859978,ERR4860709,ERR4860573",174
175,C,10834,T,0.6368119999999999,0.7758619999999999,10,"ERR4860172,ERR4860815,ERR4861253,ERR4860824,ERR4861396,ERR4860081,ERR4861386,ERR4860832,ERR4861388,ERR4861221",175
176,G,10870,T,0.642487,0.799319,100,"ERR4860484,ERR4860528,ERR4859870,ERR4860739,ERR4860481,ERR4860483,ERR4860768,ERR4860809,ERR4860894,ERR4860242,ERR4860701,ERR4860545,ERR4860785,ERR4861012,ERR4860587,ERR4860327,ERR4861265,ERR4860982,ERR4859943,ERR4860898,ERR4860471,ERR4861000,ERR4861357,ERR4861523,ERR4861238,ERR4861198,ERR4861023,ERR4860629,ERR4861204,ERR4859839,ERR4860983,ERR4861375,ERR4860410,ERR4860990,ERR4861487,ERR4861217,ERR4860073,ERR4860206,ERR4861497,ERR4860099,ERR4860783,ERR4861424,ERR4861116,ERR4861178,ERR4859944,ERR4860062,ERR4860914,ERR4861264,ERR4861433,ERR4860757,ERR4860026,ERR4860891,ERR4861445,ERR4860996,ERR4860939,ERR4861283,ERR4859723,ERR4860072,ERR4860079,ERR4861258,ERR4860142,ERR4860134,ERR4861422,ERR4861354,ERR4861119,ERR4861114,ERR4860375,ERR4861136,ERR4860924,ERR4861517,ERR4861515,ERR4860047,ERR4861443,ERR4861516,ERR4861313,ERR4860204,ERR4861250,ERR4859886,ERR4861249,ERR4861365,ERR4861348,ERR4860564,ERR4861154,ERR4859953,ERR4860991,ERR4859887,ERR4861267,ERR4861036,ERR4861017,ERR4861384,ERR4861139,ERR4861540,ERR4861306,ERR4859942,ERR4861236,ERR4860167,ERR4861333,ERR4861477,ERR4861207,ERR4860066",176
177,C,11095,T,0.069211,0.76173,3,"ERR4861501,ERR4860690,ERR4861320",177
178,C,11109,T,0.685409,0.7727689999999999,9,"ERR4860139,ERR4861322,ERR4861482,ERR4861150,ERR4860767,ERR4860928,ERR4860760,ERR4860677,ERR4860762",178
179,C,11152,T,0.050185,0.333795,3,"ERR4861128,ERR4861481,ERR4860759",179
180,C,11173,T,0.52045,0.521257,2,"ERR4861161,ERR4861031",180
181,C,11249,T,0.054273,0.058115,2,"ERR4860806,ERR4860790",181
182,C,11416,T,0.11111099999999999,0.247525,2,"ERR4859825,ERR4861450",182
183,C,11471,T,0.08421100000000001,0.71844,3,"ERR4860095,ERR4860117,ERR4860859",183
184,C,11514,T,0.086538,0.758845,5,"ERR4859750,ERR4860698,ERR4859994,ERR4860102,ERR4861128",184
185,C,11653,T,0.058708,0.179764,3,"ERR4861253,ERR4859882,ERR4861128",185
186,C,11687,T,0.496226,0.5025149999999999,2,"ERR4860141,ERR4860156",186
187,C,11704,T,0.08823500000000001,0.539485,2,"ERR4860660,ERR4859991",187
188,C,11747,T,0.085198,0.799046,14,"ERR4861534,ERR4860098,ERR4861486,ERR4860741,ERR4861428,ERR4861304,ERR4860844,ERR4860665,ERR4860874,ERR4860744,ERR4861085,ERR4861212,ERR4861403,ERR4860184",188
189,C,11750,T,0.095971,0.702775,2,"ERR4859776,ERR4861506",189
190,C,11758,T,0.714639,0.746903,2,"ERR4861277,ERR4861115",190
191,C,11767,T,0.092301,0.797413,2,"ERR4861173,ERR4860679",191
192,C,11824,T,0.06439,0.152174,5,"ERR4860543,ERR4861017,ERR4860364,ERR4859971,ERR4859780",192
193,C,11916,T,0.060314,0.083174,2,"ERR4860846,ERR4861432",193
194,C,12043,T,0.5842649999999999,0.6002069999999999,2,"ERR4860645,ERR4859778",194
195,C,12053,T,0.059204999999999994,0.795335,2,"ERR4861259,ERR4860280",195
196,C,12073,T,0.055260000000000004,0.795791,3,"ERR4860911,ERR4859765,ERR4860917",196
197,C,12132,T,0.718803,0.745237,3,"ERR4860199,ERR4860203,ERR4860381",197
198,G,12067,T,0.149849,0.78481,2,"ERR4860852,ERR4859760",198
199,G,11230,T,0.642871,0.714889,2,"ERR4861500,ERR4860872",199
200,G,11083,T,0.052359,0.798682,57,"ERR4860995,ERR4861180,ERR4859756,ERR4860782,ERR4860432,ERR4859822,ERR4859747,ERR4860593,ERR4861219,ERR4860913,ERR4859775,ERR4860791,ERR4861344,ERR4860606,ERR4859761,ERR4859817,ERR4859806,ERR4861482,ERR4859922,ERR4859800,ERR4860631,ERR4861363,ERR4860268,ERR4860278,ERR4860633,ERR4859799,ERR4861078,ERR4860636,ERR4859736,ERR4860794,ERR4861353,ERR4860105,ERR4861090,ERR4861120,ERR4860662,ERR4860504,ERR4859752,ERR4860635,ERR4861127,ERR4861371,ERR4859781,ERR4860356,ERR4860330,ERR4860152,ERR4859999,ERR4860490,ERR4859862,ERR4860148,ERR4860252,ERR4860363,ERR4860508,ERR4859940,ERR4860620,ERR4859791,ERR4861011,ERR4860347,ERR4860567",200
201,C,12400,T,0.060365999999999996,0.11268399999999999,2,"ERR4860846,ERR4861163",201
202,C,12439,T,0.46166999999999997,0.584958,4,"ERR4860472,ERR4861270,ERR4860362,ERR4860591",202
203,C,12459,T,0.056032000000000005,0.210356,2,"ERR4861330,ERR4861333",203
204,C,12513,T,0.072229,0.486084,6,"ERR4860212,ERR4859910,ERR4860396,ERR4860003,ERR4860024,ERR4860920",204
205,C,12525,T,0.220189,0.43572700000000003,2,"ERR4859951,ERR4861444",205
206,C,12651,T,0.12232,0.747578,11,"ERR4861005,ERR4860364,ERR4860412,ERR4860459,ERR4860345,ERR4861480,ERR4860135,ERR4860118,ERR4859943,ERR4860162,ERR4859907",206
207,C,12747,T,0.055555999999999994,0.777266,2,"ERR4860623,ERR4859884",207
208,C,12815,T,0.6226,0.634353,2,"ERR4861053,ERR4861082",208
209,C,13329,T,0.070292,0.7845409999999999,6,"ERR4860224,ERR4861281,ERR4861134,ERR4861453,ERR4861468,ERR4860249",209
210,C,13335,T,0.770307,0.786511,2,"ERR4860576,ERR4861185",210
211,C,13458,T,0.051476,0.071795,4,"ERR4859958,ERR4860048,ERR4860929,ERR4859780",211
212,C,13499,T,0.10947799999999999,0.797469,2,"ERR4861081,ERR4861253",212
213,C,13585,T,0.092593,0.624368,2,"ERR4860746,ERR4860032",213
214,C,13821,T,0.10968900000000001,0.147727,3,"ERR4861397,ERR4861411,ERR4860283",214
215,C,13862,T,0.203957,0.7891090000000001,2,"ERR4860433,ERR4859904",215
216,G,12797,T,0.7263470000000001,0.764083,3,"ERR4860178,ERR4861105,ERR4861096",216
217,C,14120,T,0.055984000000000006,0.7630100000000001,5,"ERR4861094,ERR4859846,ERR4860864,ERR4860737,ERR4860547",217
218,G,14202,T,0.228179,0.453531,2,"ERR4859752,ERR4860152",218
219,C,14599,T,0.169165,0.221892,2,"ERR4860897,ERR4859825",219
220,C,14649,T,0.072072,0.7756350000000001,3,"ERR4861078,ERR4861466,ERR4861235",220
221,C,14786,T,0.054229,0.6186699999999999,2,"ERR4860752,ERR4859780",221
222,C,14790,T,0.05996900000000001,0.243925,7,"ERR4861411,ERR4859782,ERR4860605,ERR4861167,ERR4860667,ERR4860916,ERR4861079",222
223,C,15024,T,0.07927000000000001,0.211679,6,"ERR4859825,ERR4860318,ERR4861458,ERR4861299,ERR4860253,ERR4861155",223
224,C,15352,T,0.759261,0.7853600000000001,12,"ERR4861246,ERR4861121,ERR4860944,ERR4861518,ERR4860046,ERR4859932,ERR4861533,ERR4860609,ERR4860726,ERR4861278,ERR4861052,ERR4860732",224
225,C,15540,T,0.11887400000000001,0.405563,2,"ERR4860953,ERR4859763",225
226,C,15738,T,0.062611,0.111299,2,"ERR4860817,ERR4860106",226
227,C,15848,T,0.126631,0.13751,2,"ERR4859903,ERR4860437",227
228,C,15952,T,0.39108000000000004,0.796748,8,"ERR4860400,ERR4859813,ERR4859780,ERR4859859,ERR4861475,ERR4859729,ERR4859779,ERR4861413",228
229,C,15960,T,0.721616,0.753472,6,"ERR4860543,ERR4861426,ERR4860318,ERR4861431,ERR4861138,ERR4861077",229
230,C,16111,T,0.05336900000000001,0.166943,3,"ERR4861276,ERR4861113,ERR4861325",230
231,C,16247,T,0.679183,0.766808,2,"ERR4860162,ERR4860686",231
232,C,16375,T,0.066303,0.125,2,"ERR4860730,ERR4860369",232
233,A,16044,T,0.778505,0.792421,2,"ERR4861028,ERR4860943",233
234,A,10323,G,0.080445,0.105896,3,"ERR4859851,ERR4859846,ERR4861219",234
235,T,14401,G,0.060071000000000006,0.25640999999999997,3,"ERR4861105,ERR4860733,ERR4860547",235
236,G,14718,A,0.579975,0.6144029999999999,3,"ERR4860850,ERR4861128,ERR4861269",236
237,G,14311,C,0.050753,0.07634099999999999,2,"ERR4860268,ERR4860639",237
238,T,13995,C,0.054333000000000006,0.081243,3,"ERR4860920,ERR4860105,ERR4860342",238
239,G,11161,A,0.722968,0.730769,2,"ERR4861304,ERR4861486",239
240,T,10999,A,0.055901,0.21568600000000002,3,"ERR4860517,ERR4860407,ERR4860879",240
241,G,11990,GA,0.057038,0.14454,3,"ERR4860418,ERR4859820,ERR4860543",241
242,CA,8376,C,0.052536,0.157729,2,"ERR4861402,ERR4860576",242
243,T,10668,A,0.333333,0.516129,2,"ERR4861254,ERR4861537",243
244,G,9953,A,0.06686,0.15294100000000002,2,"ERR4860490,ERR4860620",244
245,T,5779,C,0.062048,0.220588,2,"ERR4860864,ERR4860439",245
246,G,10886,A,0.734111,0.7934100000000001,6,"ERR4861442,ERR4861325,ERR4859805,ERR4860827,ERR4860998,ERR4861336",246
247,CA,5869,C,0.086522,0.338889,2,"ERR4860280,ERR4860759",247
248,TA,3802,T,0.05658200000000001,0.073116,2,"ERR4861330,ERR4860490",248
249,C,16751,T,0.055229999999999994,0.07067899999999999,2,"ERR4861373,ERR4860361",249
250,C,16830,T,0.753134,0.7805850000000001,2,"ERR4860920,ERR4861438",250
251,C,16887,T,0.071791,0.403704,2,"ERR4860779,ERR4860786",251
252,C,16954,T,0.777686,0.778396,2,"ERR4861520,ERR4861522",252
253,C,16985,T,0.167382,0.799031,4,"ERR4860425,ERR4860418,ERR4860444,ERR4860421",253
254,C,17010,T,0.067717,0.207048,2,"ERR4859782,ERR4859820",254
255,C,17012,T,0.155172,0.23002399999999998,2,"ERR4860297,ERR4860314",255
256,C,17074,T,0.077625,0.759827,2,"ERR4860664,ERR4860375",256
257,C,17135,T,0.055778999999999995,0.075665,2,"ERR4861464,ERR4859958",257
258,C,17167,T,0.05136,0.194286,7,"ERR4860297,ERR4860573,ERR4860268,ERR4861071,ERR4859985,ERR4860106,ERR4860347",258
259,G,17122,T,0.080885,0.176868,2,"ERR4860771,ERR4861310",259
260,G,17019,T,0.742244,0.797862,15,"ERR4860806,ERR4860923,ERR4861011,ERR4860784,ERR4861479,ERR4860448,ERR4861147,ERR4859882,ERR4860790,ERR4860094,ERR4861194,ERR4861169,ERR4860941,ERR4861027,ERR4860921",260
261,C,17304,T,0.601065,0.708902,2,"ERR4861140,ERR4860164",261
262,C,17410,T,0.069377,0.21989499999999998,6,"ERR4860859,ERR4860922,ERR4861017,ERR4860268,ERR4860770,ERR4860968",262
263,C,17436,T,0.10436400000000001,0.213198,2,"ERR4860859,ERR4859991",263
264,C,17474,T,0.07793,0.08164199999999999,2,"ERR4861082,ERR4860105",264
265,C,17642,T,0.077819,0.081166,2,"ERR4861001,ERR4860999",265
266,C,17678,T,0.06801,0.127844,2,"ERR4860084,ERR4861087",266
267,C,17927,T,0.050566,0.07990900000000001,2,"ERR4859958,ERR4860325",267
268,C,17999,T,0.084337,0.399121,3,"ERR4860539,ERR4859888,ERR4860361",268
269,C,18060,T,0.05545,0.194805,3,"ERR4860519,ERR4860372,ERR4860109",269
270,C,18129,T,0.234375,0.71133,2,"ERR4860300,ERR4860859",270
271,C,18329,T,0.151316,0.732495,2,"ERR4860243,ERR4861128",271
272,C,18687,T,0.079032,0.23012,2,"ERR4860960,ERR4859781",272
273,C,18747,T,0.051526,0.22061799999999998,4,"ERR4860483,ERR4861434,ERR4860730,ERR4861078",273
274,C,18959,T,0.099338,0.741246,2,"ERR4861500,ERR4860372",274
275,C,18981,T,0.058990999999999995,0.7831359999999999,4,"ERR4860168,ERR4860449,ERR4859945,ERR4860562",275
276,C,19118,T,0.712028,0.718597,2,"ERR4860075,ERR4860556",276
277,C,19269,T,0.061638,0.082977,3,"ERR4859902,ERR4860193,ERR4859821",277
278,C,19402,T,0.748323,0.773821,3,"ERR4859973,ERR4861521,ERR4861505",278
279,C,19576,T,0.055265999999999996,0.06689500000000001,2,"ERR4860036,ERR4861253",279
280,C,19718,T,0.232733,0.786373,3,"ERR4860636,ERR4859752,ERR4860152",280
281,C,19862,T,0.49078,0.795234,2,"ERR4859741,ERR4860293",281
282,C,19884,T,0.071614,0.11664100000000001,2,"ERR4859884,ERR4860105",282
283,G,18186,T,0.782914,0.7996840000000001,3,"ERR4860056,ERR4861240,ERR4860149",283
284,G,18803,T,0.777404,0.781276,2,"ERR4859735,ERR4859730",284
285,G,19542,T,0.250864,0.49413999999999997,2,"ERR4859752,ERR4860152",285
286,G,19999,T,0.7484390000000001,0.794557,2,"ERR4860129,ERR4860777",286
287,G,17572,T,0.762898,0.787729,5,"ERR4861440,ERR4860780,ERR4860635,ERR4860806,ERR4860790",287
288,C,20148,T,0.055357,0.27193,2,"ERR4860730,ERR4859776",288
289,C,20178,T,0.051522000000000005,0.772021,23,"ERR4860342,ERR4860841,ERR4860332,ERR4860737,ERR4860796,ERR4860880,ERR4860882,ERR4861067,ERR4860440,ERR4861075,ERR4860337,ERR4859889,ERR4860003,ERR4860035,ERR4860084,ERR4861503,ERR4859904,ERR4861022,ERR4860592,ERR4860872,ERR4860858,ERR4861055,ERR4860883",289
290,C,20270,T,0.770976,0.776753,2,"ERR4859776,ERR4859864",290
291,C,20480,T,0.054701,0.16092,4,"ERR4861017,ERR4860333,ERR4861481,ERR4859800",291
292,C,20483,T,0.053773,0.35735700000000004,3,"ERR4860264,ERR4860184,ERR4860977",292
293,C,20555,T,0.083965,0.11213499999999998,2,"ERR4860439,ERR4861036",293
294,C,20629,T,0.054252,0.130208,2,"ERR4859884,ERR4861082",294
295,C,20719,T,0.055459,0.401185,2,"ERR4860442,ERR4861035",295
296,C,20762,T,0.083067,0.483333,3,"ERR4860342,ERR4860202,ERR4860698",296
297,C,20946,T,0.076154,0.395764,3,"ERR4860542,ERR4860679,ERR4861519",297
298,G,20869,T,0.058178,0.090909,2,"ERR4860105,ERR4860024",298
299,C,21496,T,0.059375,0.118151,2,"ERR4860605,ERR4860557",299
300,C,21575,T,0.077182,0.798716,24,"ERR4860800,ERR4861364,ERR4860115,ERR4860882,ERR4860623,ERR4860614,ERR4861252,ERR4860666,ERR4860840,ERR4859879,ERR4860717,ERR4859974,ERR4861197,ERR4861194,ERR4861061,ERR4861199,ERR4860930,ERR4861489,ERR4861145,ERR4861499,ERR4859904,ERR4860707,ERR4860730,ERR4861193",300
301,C,21614,T,0.054967999999999996,0.7809050000000001,8,"ERR4860774,ERR4861118,ERR4859853,ERR4860152,ERR4859752,ERR4861500,ERR4860878,ERR4861510",301
302,C,21621,T,0.296592,0.301045,2,"ERR4860886,ERR4860570",302
303,C,21627,T,0.050184,0.733402,2,"ERR4860164,ERR4859735",303
304,C,21658,T,0.104575,0.11879400000000001,3,"ERR4860268,ERR4860730,ERR4861128",304
305,C,21691,T,0.056484000000000006,0.118048,2,"ERR4861397,ERR4861244",305
306,C,21721,T,0.707045,0.7193609999999999,2,"ERR4860616,ERR4860508",306
307,C,21742,T,0.08540199999999999,0.544675,2,"ERR4860890,ERR4860888",307
308,C,21772,T,0.761843,0.768744,2,"ERR4860938,ERR4861093",308
309,C,21774,T,0.563647,0.783429,2,"ERR4861443,ERR4861445",309
310,C,21846,T,0.069175,0.731614,5,"ERR4860395,ERR4860580,ERR4860604,ERR4859961,ERR4861376",310
311,C,21855,T,0.11433800000000001,0.178988,2,"ERR4860024,ERR4861127",311
312,C,21962,T,0.093382,0.165865,2,"ERR4860264,ERR4859782",312
313,C,22088,T,0.18851400000000001,0.786618,23,"ERR4860259,ERR4860399,ERR4860296,ERR4860289,ERR4859894,ERR4860273,ERR4860398,ERR4859986,ERR4861444,ERR4860219,ERR4859920,ERR4860419,ERR4861421,ERR4859879,ERR4861473,ERR4860369,ERR4861441,ERR4860840,ERR4859823,ERR4860919,ERR4860673,ERR4860783,ERR4861060",313
314,C,22224,T,0.098361,0.733079,2,"ERR4860529,ERR4860573",314
315,C,22295,T,0.053147,0.268559,2,"ERR4861017,ERR4860573",315
316,C,22377,T,0.768811,0.797996,5,"ERR4860601,ERR4860862,ERR4860775,ERR4861123,ERR4860913",316
317,C,22388,T,0.089216,0.49768,3,"ERR4859752,ERR4860152,ERR4861033",317
318,C,22432,T,0.132743,0.7281270000000001,3,"ERR4859975,ERR4861123,ERR4860358",318
319,C,22450,T,0.056623,0.773367,4,"ERR4860055,ERR4860634,ERR4860267,ERR4859782",319
320,C,22452,T,0.050775,0.39931700000000003,14,"ERR4861524,ERR4861017,ERR4860573,ERR4859832,ERR4861167,ERR4861274,ERR4860759,ERR4860577,ERR4859871,ERR4861071,ERR4861235,ERR4861192,ERR4860184,ERR4860922",320
321,C,22498,T,0.054688,0.057538,2,"ERR4861143,ERR4860439",321
322,C,23029,T,0.074353,0.664027,3,"ERR4860467,ERR4860861,ERR4860515",322
323,C,23248,T,0.050056,0.256375,3,"ERR4860726,ERR4861462,ERR4860278",323
324,C,23252,T,0.051039,0.10242799999999999,2,"ERR4860556,ERR4860910",324
325,C,23297,T,0.058638,0.0625,3,"ERR4860105,ERR4860333,ERR4860759",325
326,C,23320,T,0.663744,0.762125,2,"ERR4861247,ERR4860646",326
327,C,23435,T,0.070566,0.127299,2,"ERR4860759,ERR4861192",327
328,C,23481,T,0.061827,0.23905,2,"ERR4861417,ERR4859782",328
329,C,23603,T,0.056829,0.06463200000000001,2,"ERR4860327,ERR4860255",329
330,C,23638,T,0.125636,0.792614,2,"ERR4861218,ERR4860702",330
331,C,23644,T,0.729013,0.78855,13,"ERR4860926,ERR4860572,ERR4860728,ERR4859745,ERR4861514,ERR4859725,ERR4861540,ERR4861192,ERR4860990,ERR4861008,ERR4860550,ERR4860956,ERR4861141",331
332,C,23683,T,0.058275,0.094595,3,"ERR4859963,ERR4860159,ERR4860441",332
333,C,23757,T,0.07413600000000001,0.170103,2,"ERR4860859,ERR4861347",333
334,C,23897,T,0.08088200000000001,0.10913699999999998,2,"ERR4861253,ERR4860605",334
335,A,21222,T,0.603175,0.7729590000000001,6,"ERR4859912,ERR4859815,ERR4860720,ERR4860608,ERR4861111,ERR4859916",335
336,G,23126,T,0.051154000000000005,0.077167,2,"ERR4860297,ERR4861258",336
337,G,22344,T,0.672658,0.737692,12,"ERR4860505,ERR4861318,ERR4859979,ERR4860513,ERR4860384,ERR4859962,ERR4860501,ERR4860449,ERR4860511,ERR4859976,ERR4860475,ERR4860879",337
338,G,22346,T,0.5908680000000001,0.79257,58,"ERR4860503,ERR4860158,ERR4860548,ERR4860129,ERR4860509,ERR4859952,ERR4860171,ERR4860270,ERR4860424,ERR4860261,ERR4859947,ERR4860460,ERR4861342,ERR4860089,ERR4861476,ERR4860521,ERR4861365,ERR4860544,ERR4859975,ERR4859890,ERR4861204,ERR4859910,ERR4860297,ERR4860495,ERR4860160,ERR4860069,ERR4861081,ERR4860602,ERR4860305,ERR4860269,ERR4860477,ERR4861288,ERR4860060,ERR4860775,ERR4860515,ERR4859937,ERR4861425,ERR4859895,ERR4860111,ERR4861529,ERR4860534,ERR4860358,ERR4860396,ERR4861423,ERR4860862,ERR4860409,ERR4861362,ERR4860049,ERR4860601,ERR4861264,ERR4861328,ERR4860101,ERR4860913,ERR4861123,ERR4860693,ERR4860604,ERR4861392,ERR4861422",338
339,G,22203,T,0.246087,0.42413900000000004,2,"ERR4860283,ERR4860750",339
340,G,22468,T,0.052203,0.28037399999999996,2,"ERR4860146,ERR4860082",340
341,G,22131,T,0.087425,0.795746,4,"ERR4861343,ERR4860071,ERR4860031,ERR4860421",341
342,G,22051,T,0.7769229999999999,0.795814,3,"ERR4859773,ERR4860582,ERR4859794",342
343,G,23311,T,0.629058,0.6528930000000001,3,"ERR4859965,ERR4861172,ERR4859895",343
344,G,23282,T,0.771285,0.7913439999999999,2,"ERR4859927,ERR4860800",344
345,A,21631,T,0.20237,0.77563,2,"ERR4859851,ERR4859853",345
346,G,21786,T,0.07283099999999999,0.431043,2,"ERR4859922,ERR4861128",346
347,G,21830,T,0.242513,0.7746390000000001,2,"ERR4860899,ERR4859832",347
348,G,21624,T,0.057777999999999996,0.249717,2,"ERR4861243,ERR4859794",348
349,G,22992,T,0.06349199999999999,0.09174299999999999,2,"ERR4860859,ERR4859761",349
350,G,21438,T,0.066815,0.21862399999999999,2,"ERR4860546,ERR4861373",350
351,A,21137,G,0.376123,0.7221479999999999,2,"ERR4861324,ERR4861206",351
352,A,19960,G,0.647059,0.769231,4,"ERR4859741,ERR4859731,ERR4861329,ERR4861448",352
353,C,24213,T,0.051029000000000005,0.340683,14,"ERR4859740,ERR4860364,ERR4859832,ERR4861299,ERR4861235,ERR4860759,ERR4860297,ERR4860577,ERR4859782,ERR4860048,ERR4859792,ERR4861481,ERR4860675,ERR4860500",353
354,C,24334,T,0.07180299999999999,0.798664,2,"ERR4859752,ERR4861510",354
355,C,24372,T,0.064335,0.14094,2,"ERR4861235,ERR4860799",355
356,C,24374,T,0.769293,0.7974829999999999,2,"ERR4861383,ERR4860006",356
357,G,24173,T,0.088771,0.454596,2,"ERR4861049,ERR4859851",357
358,A,24467,C,0.053097000000000005,0.5625,6,"ERR4860612,ERR4860718,ERR4860611,ERR4860752,ERR4861158,ERR4860143",358
359,C,24579,T,0.051149,0.088384,2,"ERR4860859,ERR4860333",359
360,C,24621,T,0.057834,0.153394,2,"ERR4861153,ERR4859902",360
361,C,24704,T,0.060655999999999995,0.063474,2,"ERR4861373,ERR4860888",361
362,C,24707,T,0.094293,0.095082,2,"ERR4860888,ERR4860268",362
363,C,24904,T,0.096875,0.34634000000000004,3,"ERR4861081,ERR4859922,ERR4860543",363
364,C,25006,T,0.088715,0.102,3,"ERR4861399,ERR4860864,ERR4860556",364
365,C,25207,T,0.703508,0.793061,11,"ERR4861538,ERR4861470,ERR4861469,ERR4860617,ERR4861224,ERR4860074,ERR4860858,ERR4860707,ERR4860855,ERR4860078,ERR4861333",365
366,C,25294,T,0.06575299999999999,0.505128,2,"ERR4859966,ERR4860910",366
367,C,25416,T,0.050155,0.055585,2,"ERR4860421,ERR4860280",367
368,C,25513,T,0.262949,0.600928,12,"ERR4860954,ERR4860076,ERR4861331,ERR4860068,ERR4861338,ERR4861070,ERR4861463,ERR4861339,ERR4860632,ERR4860964,ERR4861057,ERR4861398",368
369,C,25521,T,0.050914999999999995,0.471149,27,"ERR4860123,ERR4861481,ERR4860036,ERR4860500,ERR4861434,ERR4860620,ERR4859733,ERR4860702,ERR4860044,ERR4860731,ERR4860105,ERR4861192,ERR4859821,ERR4860968,ERR4860048,ERR4859792,ERR4860730,ERR4860318,ERR4859871,ERR4859763,ERR4859791,ERR4859767,ERR4860748,ERR4861446,ERR4860821,ERR4860931,ERR4860184",369
370,C,25549,T,0.05998099999999999,0.779404,3,"ERR4861135,ERR4860759,ERR4860573",370
371,C,25626,T,0.206155,0.717551,6,"ERR4861284,ERR4861301,ERR4860482,ERR4859961,ERR4860127,ERR4860297",371
372,C,25678,T,0.726236,0.747078,2,"ERR4860695,ERR4859893",372
373,C,25688,T,0.070784,0.531867,2,"ERR4860174,ERR4861238",373
374,C,25710,T,0.6286609999999999,0.727941,52,"ERR4860474,ERR4860284,ERR4860377,ERR4860408,ERR4860318,ERR4860448,ERR4860454,ERR4859863,ERR4860446,ERR4860106,ERR4860016,ERR4861027,ERR4860379,ERR4861147,ERR4860346,ERR4860094,ERR4860415,ERR4860292,ERR4859875,ERR4860817,ERR4860921,ERR4860436,ERR4860360,ERR4860923,ERR4860771,ERR4860321,ERR4861483,ERR4860941,ERR4860784,ERR4860038,ERR4860000,ERR4860141,ERR4861169,ERR4859882,ERR4860793,ERR4859827,ERR4860806,ERR4860256,ERR4861247,ERR4861289,ERR4861011,ERR4860156,ERR4861496,ERR4860856,ERR4860790,ERR4860780,ERR4861194,ERR4861440,ERR4861479,ERR4860749,ERR4861411,ERR4861508",374
375,C,25714,T,0.15821500000000002,0.75,3,"ERR4860258,ERR4860979,ERR4861335",375
376,C,25731,T,0.7065130000000001,0.7843140000000001,2,"ERR4860133,ERR4861028",376
377,C,26022,T,0.65498,0.670932,2,"ERR4860833,ERR4860139",377
378,C,26060,T,0.066727,0.7989930000000001,51,"ERR4860603,ERR4859968,ERR4860763,ERR4859727,ERR4860309,ERR4860573,ERR4860012,ERR4860368,ERR4859930,ERR4860053,ERR4860831,ERR4860380,ERR4859860,ERR4860146,ERR4860414,ERR4860352,ERR4861266,ERR4860936,ERR4861208,ERR4861353,ERR4859806,ERR4861286,ERR4861363,ERR4859852,ERR4860372,ERR4861131,ERR4861355,ERR4860995,ERR4861174,ERR4860006,ERR4861180,ERR4860677,ERR4861042,ERR4860452,ERR4861324,ERR4861056,ERR4861383,ERR4860981,ERR4860636,ERR4861206,ERR4861164,ERR4859803,ERR4861528,ERR4861292,ERR4861073,ERR4861153,ERR4861002,ERR4860631,ERR4860152,ERR4860503,ERR4859752",378
379,G,25471,T,0.672133,0.754022,5,"ERR4860611,ERR4860040,ERR4859739,ERR4860915,ERR4861305",379
380,G,25617,T,0.632633,0.6827350000000001,2,"ERR4861500,ERR4860872",380
381,G,25660,T,0.111659,0.61006,2,"ERR4861025,ERR4860887",381
382,G,25281,T,0.722092,0.7263930000000001,2,"ERR4860747,ERR4860776",382
383,G,25218,T,0.7461800000000001,0.756799,6,"ERR4861263,ERR4860213,ERR4859926,ERR4860610,ERR4860623,ERR4860851",383
384,G,24933,T,0.053388,0.10142899999999999,4,"ERR4860024,ERR4860556,ERR4861397,ERR4861399",384
385,G,25947,T,0.6796939999999999,0.759003,8,"ERR4860088,ERR4860213,ERR4860098,ERR4861201,ERR4860710,ERR4860851,ERR4860610,ERR4860143",385
386,G,25784,T,0.159655,0.258929,2,"ERR4859832,ERR4860818",386
387,A,25325,T,0.085934,0.37704899999999997,3,"ERR4859959,ERR4860765,ERR4860908",387
388,A,25495,T,0.773729,0.799381,2,"ERR4859872,ERR4859842",388
389,C,26313,T,0.70231,0.7994359999999999,2,"ERR4861006,ERR4861334",389
390,C,26340,T,0.05982899999999999,0.136691,4,"ERR4859884,ERR4860264,ERR4860437,ERR4859958",390
391,C,26447,T,0.085106,0.718407,2,"ERR4859853,ERR4859851",391
392,C,26571,T,0.058173,0.08102999999999999,3,"ERR4859999,ERR4860439,ERR4861253",392
393,C,26645,T,0.0864,0.781313,6,"ERR4860628,ERR4861424,ERR4861489,ERR4860626,ERR4860761,ERR4860389",393
394,C,26681,T,0.100658,0.144821,4,"ERR4860332,ERR4861032,ERR4860269,ERR4860268",394
395,C,26735,T,0.608696,0.789583,102,"ERR4860004,ERR4860222,ERR4859827,ERR4859863,ERR4860379,ERR4860284,ERR4860467,ERR4860256,ERR4860512,ERR4860474,ERR4861502,ERR4860346,ERR4860216,ERR4860446,ERR4860377,ERR4861479,ERR4860856,ERR4860360,ERR4860000,ERR4860415,ERR4860292,ERR4860448,ERR4860344,ERR4860255,ERR4860318,ERR4860454,ERR4860252,ERR4861419,ERR4860540,ERR4860371,ERR4860133,ERR4860113,ERR4861322,ERR4860106,ERR4860506,ERR4860762,ERR4860482,ERR4861247,ERR4860321,ERR4859961,ERR4860784,ERR4860685,ERR4860254,ERR4861360,ERR4860436,ERR4860863,ERR4860016,ERR4861385,ERR4860865,ERR4859888,ERR4861527,ERR4860038,ERR4860091,ERR4860036,ERR4860183,ERR4860635,ERR4860806,ERR4859875,ERR4861440,ERR4861289,ERR4859918,ERR4860780,ERR4860767,ERR4860921,ERR4861411,ERR4860793,ERR4860928,ERR4860127,ERR4860749,ERR4860760,ERR4860588,ERR4859973,ERR4860771,ERR4859989,ERR4860121,ERR4861259,ERR4861236,ERR4860817,ERR4861483,ERR4860905,ERR4861257,ERR4860923,ERR4860586,ERR4861083,ERR4861505,ERR4861172,ERR4861011,ERR4859882,ERR4861482,ERR4861228,ERR4860094,ERR4860790,ERR4861194,ERR4861147,ERR4859991,ERR4861237,ERR4860941,ERR4861027,ERR4861159,ERR4860911,ERR4861150,ERR4861169",395
396,C,26768,T,0.050546,0.312967,4,"ERR4860119,ERR4860283,ERR4860620,ERR4860161",396
397,C,26885,T,0.128448,0.7947930000000001,2,"ERR4861222,ERR4860161",397
398,C,26894,T,0.125046,0.713064,2,"ERR4860864,ERR4860024",398
399,C,26958,T,0.125746,0.157895,2,"ERR4860888,ERR4860439",399
400,C,27143,T,0.11573599999999999,0.192922,2,"ERR4861017,ERR4861214",400
401,C,27145,T,0.079374,0.413462,3,"ERR4859931,ERR4860920,ERR4860647",401
402,C,27208,T,0.10467,0.5100720000000001,3,"ERR4860852,ERR4859825,ERR4860726",402
403,C,27297,T,0.126221,0.203652,2,"ERR4860577,ERR4860543",403
404,C,27427,T,0.118451,0.120874,2,"ERR4860790,ERR4860806",404
405,C,27434,T,0.084762,0.102243,2,"ERR4860439,ERR4859733",405
406,C,27476,T,0.059123,0.08303300000000001,3,"ERR4859752,ERR4860572,ERR4860580",406
407,C,27493,T,0.12231500000000001,0.412833,2,"ERR4860900,ERR4859849",407
408,C,27549,T,0.335366,0.638759,2,"ERR4861025,ERR4860036",408
409,C,27577,T,0.052989,0.31638499999999997,6,"ERR4861481,ERR4859999,ERR4860105,ERR4861192,ERR4861411,ERR4860347",409
410,C,27643,T,0.23709899999999998,0.713187,4,"ERR4859793,ERR4859738,ERR4861068,ERR4859963",410
411,C,27644,T,0.065355,0.16208499999999998,3,"ERR4860922,ERR4859857,ERR4859884",411
412,C,27657,T,0.10812999999999999,0.323397,2,"ERR4861299,ERR4859763",412
413,C,27688,T,0.05778099999999999,0.734959,9,"ERR4859981,ERR4860681,ERR4860178,ERR4861105,ERR4861096,ERR4861143,ERR4861167,ERR4859985,ERR4861481",413
414,C,27741,T,0.070826,0.169164,2,"ERR4860451,ERR4859902",414
415,C,27791,T,0.688485,0.694826,2,"ERR4860760,ERR4860762",415
416,C,27804,T,0.058824,0.23075,2,"ERR4859825,ERR4860063",416
417,C,27849,T,0.069452,0.079731,2,"ERR4859919,ERR4859955",417
418,C,27944,T,0.24495300000000003,0.712212,4,"ERR4860152,ERR4859820,ERR4860872,ERR4861500",418
419,C,28087,T,0.071501,0.7694439999999999,3,"ERR4859853,ERR4861120,ERR4859851",419
420,C,28153,T,0.069883,0.095195,2,"ERR4860920,ERR4861190",420
421,C,28253,T,0.050903,0.6939,87,"ERR4861265,ERR4859872,ERR4860184,ERR4859960,ERR4860726,ERR4861481,ERR4861411,ERR4860048,ERR4861192,ERR4860268,ERR4859884,ERR4861434,ERR4861299,ERR4860620,ERR4860264,ERR4860297,ERR4860922,ERR4861071,ERR4859780,ERR4860846,ERR4859791,ERR4860102,ERR4860968,ERR4860116,ERR4860995,ERR4861249,ERR4861155,ERR4859888,ERR4859763,ERR4860044,ERR4860106,ERR4860580,ERR4860369,ERR4860753,ERR4860347,ERR4861167,ERR4859747,ERR4860372,ERR4860318,ERR4860929,ERR4859885,ERR4861235,ERR4860577,ERR4860731,ERR4860041,ERR4859871,ERR4861079,ERR4860702,ERR4860606,ERR4860119,ERR4860634,ERR4860748,ERR4861508,ERR4859792,ERR4860931,ERR4860378,ERR4861244,ERR4860779,ERR4860105,ERR4860698,ERR4861169,ERR4859787,ERR4859782,ERR4860772,ERR4860434,ERR4860786,ERR4861538,ERR4859753,ERR4859923,ERR4859801,ERR4861075,ERR4860619,ERR4860331,ERR4860454,ERR4859733,ERR4861432,ERR4860817,ERR4860500,ERR4860238,ERR4860827,ERR4860866,ERR4860092,ERR4860770,ERR4861421,ERR4859745,ERR4861296,ERR4861446",421
422,C,28256,T,0.056229999999999995,0.375189,5,"ERR4860709,ERR4859943,ERR4861333,ERR4860730,ERR4860620",422
423,C,28312,T,0.080963,0.107548,2,"ERR4860530,ERR4859946",423
424,C,28313,T,0.076316,0.08293500000000001,2,"ERR4860347,ERR4861066",424
425,C,28603,T,0.065336,0.529254,9,"ERR4860331,ERR4861481,ERR4861156,ERR4861017,ERR4860347,ERR4860573,ERR4860655,ERR4859782,ERR4860675",425
426,C,28657,T,0.055555999999999994,0.17765799999999998,2,"ERR4860818,ERR4861017",426
427,C,28697,T,0.05814,0.23747800000000002,2,"ERR4860443,ERR4859999",427
428,C,28706,T,0.05954500000000001,0.11731,3,"ERR4859904,ERR4860730,ERR4860314",428
429,C,28744,T,0.055441,0.227498,6,"ERR4860105,ERR4861481,ERR4860725,ERR4861079,ERR4860314,ERR4860573",429
430,C,28887,T,0.206087,0.791045,4,"ERR4860268,ERR4861185,ERR4861286,ERR4860758",430
431,C,29034,T,0.06274600000000001,0.157024,3,"ERR4859753,ERR4860865,ERR4859737",431
432,C,29167,T,0.074612,0.7964289999999999,7,"ERR4861172,ERR4861344,ERR4859746,ERR4861345,ERR4860032,ERR4859853,ERR4859851",432
433,C,29171,T,0.076923,0.735849,3,"ERR4859739,ERR4859913,ERR4860577",433
434,C,29200,T,0.75436,0.7945399999999999,4,"ERR4860664,ERR4859994,ERR4860854,ERR4861068",434
435,C,29253,T,0.08399,0.35901500000000003,4,"ERR4860180,ERR4860859,ERR4860524,ERR4861128",435
436,C,29274,T,0.088269,0.11825,2,"ERR4860922,ERR4860759",436
437,C,29311,T,0.09819299999999999,0.738095,3,"ERR4859997,ERR4860543,ERR4859782",437
438,C,29358,T,0.09615399999999999,0.165391,3,"ERR4861139,ERR4860865,ERR4861347",438
439,C,29386,T,0.749735,0.7960699999999999,7,"ERR4860958,ERR4860952,ERR4860240,ERR4861135,ERR4861120,ERR4860866,ERR4860584",439
440,C,29438,T,0.06,0.15566,2,"ERR4860556,ERR4859884",440
441,C,29466,T,0.089311,0.229023,3,"ERR4860152,ERR4860778,ERR4859752",441
442,C,29520,T,0.060447,0.137216,2,"ERR4860433,ERR4861265",442
443,C,29614,T,0.05366699999999999,0.13018,3,"ERR4860963,ERR4859884,ERR4860949",443
444,C,29675,T,0.05426,0.786375,2,"ERR4861180,ERR4861302",444
445,C,29686,T,0.22549,0.799452,12,"ERR4860419,ERR4859894,ERR4859879,ERR4861390,ERR4861473,ERR4860673,ERR4861421,ERR4860840,ERR4859823,ERR4860919,ERR4861444,ERR4861524",445
446,C,29733,T,0.12155,0.7740670000000001,2,"ERR4860999,ERR4859738",446
447,C,29741,T,0.205223,0.796978,3,"ERR4860993,ERR4861504,ERR4860550",447
448,C,29743,T,0.066981,0.101176,4,"ERR4859782,ERR4860759,ERR4859791,ERR4860269",448
449,C,29750,T,0.10631900000000001,0.714286,2,"ERR4860418,ERR4860253",449
450,C,29754,T,0.053751,0.11215,6,"ERR4860573,ERR4859782,ERR4861156,ERR4861481,ERR4861249,ERR4861420",450
451,C,29762,T,0.071147,0.10279200000000001,2,"ERR4860777,ERR4861149",451
452,C,29774,T,0.09598200000000001,0.10890799999999999,2,"ERR4861325,ERR4861343",452
453,C,29835,T,0.073514,0.389194,2,"ERR4860757,ERR4860190",453
454,A,26646,T,0.070543,0.10460799999999999,2,"ERR4860437,ERR4859999",454
455,A,26612,T,0.688707,0.698619,2,"ERR4860643,ERR4860124",455
456,G,27709,T,0.681549,0.714186,2,"ERR4859910,ERR4860396",456
457,G,29737,T,0.126063,0.140149,2,"ERR4861181,ERR4860555",457
458,G,29692,T,0.7394350000000001,0.759391,3,"ERR4861259,ERR4860586,ERR4860588",458
459,G,29690,T,0.5717439999999999,0.768999,3,"ERR4860422,ERR4860148,ERR4861257",459
460,G,28871,T,0.7825770000000001,0.7903979999999999,2,"ERR4860609,ERR4860726",460
461,G,28899,T,0.780507,0.797686,2,"ERR4861414,ERR4860911",461
462,G,29195,T,0.754664,0.794523,5,"ERR4859922,ERR4861035,ERR4861025,ERR4861344,ERR4861345",462
463,G,29227,T,0.085867,0.18444100000000002,2,"ERR4860152,ERR4859752",463
464,G,27996,T,0.730769,0.773261,2,"ERR4859737,ERR4860308",464
465,G,28001,T,0.076271,0.798955,9,"ERR4860463,ERR4860487,ERR4860561,ERR4859808,ERR4859760,ERR4859781,ERR4859785,ERR4860839,ERR4860859",465
466,G,28003,T,0.050093,0.755558,2,"ERR4861493,ERR4860333",466
467,G,27987,T,0.782629,0.7993979999999999,6,"ERR4861292,ERR4860053,ERR4861528,ERR4861324,ERR4861164,ERR4861174",467
468,G,27967,T,0.788095,0.7970149999999999,2,"ERR4860335,ERR4860465",468
469,G,28077,T,0.073529,0.147309,2,"ERR4860369,ERR4860421",469
470,G,28079,T,0.081871,0.354918,2,"ERR4859778,ERR4860314",470
471,G,29447,T,0.765545,0.774648,2,"ERR4860369,ERR4860856",471
472,G,29402,T,0.088703,0.22022199999999997,2,"ERR4860152,ERR4859752",472
473,G,27147,T,0.10968499999999999,0.7735850000000001,2,"ERR4861030,ERR4861449",473
474,A,29378,T,0.4,0.75,16,"ERR4860840,ERR4859879,ERR4860422,ERR4860919,ERR4861421,ERR4860289,ERR4859894,ERR4860496,ERR4861257,ERR4861473,ERR4860398,ERR4860588,ERR4860296,ERR4859823,ERR4860273,ERR4859986",474
475,G,26526,T,0.061553,0.10575899999999999,2,"ERR4860432,ERR4859775",475
476,G,26589,T,0.693573,0.7393270000000001,3,"ERR4860113,ERR4860121,ERR4861360",476
477,C,26801,G,0.24425100000000002,0.738325,3,"ERR4860152,ERR4860872,ERR4861500",477
478,G,27281,T,0.060272000000000006,0.114253,2,"ERR4860416,ERR4860325",478
479,G,26690,T,0.646209,0.772094,5,"ERR4860282,ERR4860002,ERR4859778,ERR4860645,ERR4860077",479
480,G,28300,T,0.7580279999999999,0.799638,8,"ERR4859833,ERR4859836,ERR4860658,ERR4859820,ERR4859829,ERR4859742,ERR4859731,ERR4859741",480
481,A,27330,G,0.723355,0.759411,3,"ERR4860310,ERR4860288,ERR4861415",481
482,A,29500,G,0.651683,0.692308,2,"ERR4860087,ERR4860152",482
483,A,29771,G,0.105322,0.6029359999999999,2,"ERR4860152,ERR4859752",483
484,T,20372,A,0.065217,0.12676099999999998,4,"ERR4860883,ERR4861036,ERR4860880,ERR4860796",484
485,T,20256,A,0.45,0.666667,2,"ERR4861036,ERR4860880",485
486,T,24088,C,0.6245109999999999,0.704285,2,"ERR4861500,ERR4860872",486
487,T,24589,A,0.18918900000000002,0.43589700000000003,3,"ERR4861175,ERR4860830,ERR4860777",487
488,T,25215,C,0.641368,0.645975,2,"ERR4860972,ERR4860974",488
489,T,25248,C,0.7313890000000001,0.773883,9,"ERR4860014,ERR4860108,ERR4860037,ERR4861315,ERR4861092,ERR4860929,ERR4861170,ERR4860684,ERR4860708",489
490,T,25473,A,0.051672,0.112311,4,"ERR4860759,ERR4859723,ERR4861283,ERR4860768",490
491,T,25673,C,0.050926,0.793103,81,"ERR4861177,ERR4860420,ERR4861046,ERR4861078,ERR4861429,ERR4861495,ERR4861130,ERR4860225,ERR4860378,ERR4861054,ERR4859841,ERR4860330,ERR4860593,ERR4860996,ERR4861377,ERR4859792,ERR4860682,ERR4860320,ERR4861492,ERR4860678,ERR4860575,ERR4861414,ERR4861031,ERR4861209,ERR4859987,ERR4860072,ERR4861215,ERR4861512,ERR4860365,ERR4860057,ERR4861198,ERR4861252,ERR4861273,ERR4860663,ERR4860066,ERR4860872,ERR4860167,ERR4861500,ERR4860991,ERR4860611,ERR4860946,ERR4860303,ERR4860473,ERR4860689,ERR4860258,ERR4860126,ERR4861139,ERR4861178,ERR4859865,ERR4860979,ERR4860517,ERR4860343,ERR4861149,ERR4861497,ERR4860768,ERR4861207,ERR4859732,ERR4860382,ERR4859870,ERR4860443,ERR4859723,ERR4860046,ERR4861060,ERR4861348,ERR4860525,ERR4860757,ERR4860362,ERR4859738,ERR4860047,ERR4860458,ERR4860545,ERR4861352,ERR4861259,ERR4860619,ERR4860099,ERR4860639,ERR4860408,ERR4860655,ERR4861032,ERR4861023,ERR4860242",491
492,G,26914,A,0.0625,0.785714,14,"ERR4860931,ERR4860203,ERR4860309,ERR4860185,ERR4860407,ERR4860472,ERR4860301,ERR4860318,ERR4859775,ERR4860428,ERR4860321,ERR4860719,ERR4859890,ERR4860047",492
493,T,22162,C,0.758133,0.775334,3,"ERR4860117,ERR4860095,ERR4860893",493
494,T,21655,C,0.06461499999999999,0.40625,2,"ERR4859959,ERR4860333",494
495,T,23074,C,0.050427,0.060565999999999995,2,"ERR4860761,ERR4861235",495
496,G,22487,GA,0.065537,0.13200499999999998,2,"ERR4861351,ERR4861299",496
497,C,28310,A,0.052465,0.75,2,"ERR4861397,ERR4861249",497
498,G,28395,A,0.054947,0.582654,2,"ERR4860339,ERR4860054",498
499,TA,21066,T,0.073643,0.106576,3,"ERR4860689,ERR4861411,ERR4860325",499
500,G,18583,A,0.726337,0.774687,3,"ERR4860139,ERR4859921,ERR4860276",500
501,G,18363,A,0.090226,0.130233,2,"ERR4860730,ERR4861228",501
502,T,19023,C,0.06414500000000001,0.358055,2,"ERR4861506,ERR4860533",502
503,T,19516,C,0.06299199999999999,0.136054,2,"ERR4859999,ERR4860817",503
504,C,29051,CA,0.06221,0.107955,4,"ERR4860577,ERR4860509,ERR4860105,ERR4859825",504
505,G,29044,A,0.051887,0.077388,2,"ERR4860910,ERR4860875",505
506,G,28883,C,0.088573,0.757812,6,"ERR4860605,ERR4860878,ERR4861500,ERR4860872,ERR4860152,ERR4859752",506
507,T,29185,A,0.778233,0.795384,3,"ERR4860691,ERR4861043,ERR4859728",507
508,G,29254,A,0.5575439999999999,0.672507,5,"ERR4860053,ERR4861292,ERR4859968,ERR4861324,ERR4861528",508
509,G,29742,A,0.66276,0.780343,10,"ERR4861348,ERR4861523,ERR4861515,ERR4861154,ERR4860701,ERR4861357,ERR4861178,ERR4860167,ERR4861114,ERR4861265",509
510,G,29751,A,0.7515270000000001,0.786788,3,"ERR4861040,ERR4860798,ERR4861166",510
511,G,29717,A,0.6190479999999999,0.739057,2,"ERR4859752,ERR4860418",511
512,TA,27645,T,0.050647000000000005,0.125,2,"ERR4859959,ERR4859902",512
513,A,24696,G,0.056497000000000006,0.777778,5,"ERR4860752,ERR4860639,ERR4861334,ERR4860611,ERR4860044",513
514,TA,27312,T,0.066287,0.091678,3,"ERR4860437,ERR4859884,ERR4859958",514
515,T,21235,C,0.065375,0.214286,2,"ERR4859804,ERR4861397",515
516,G,21255,C,0.12076400000000001,0.537708,4,"ERR4860152,ERR4859752,ERR4860872,ERR4861500",516
517,G,21305,A,0.13483299999999998,0.22721100000000002,2,"ERR4860826,ERR4859847",517
518,C,21304,A,0.11861400000000001,0.770904,3,"ERR4859903,ERR4861162,ERR4859847",518
519,A,28777,C,0.32,0.545455,5,"ERR4860443,ERR4861180,ERR4861409,ERR4861539,ERR4860812",519
520,C,27855,A,0.18,0.538462,5,"ERR4861329,ERR4861485,ERR4860213,ERR4859969,ERR4861287",520
521,CA,15157,C,0.065831,0.074419,2,"ERR4860439,ERR4861235",521
522,G,15493,C,0.09199500000000001,0.10924400000000001,2,"ERR4859902,ERR4861253",522
523,CA,17644,C,0.066578,0.138138,2,"ERR4860024,ERR4860439",523
524,GTA,23568,G,0.052028,0.084577,2,"ERR4860556,ERR4860639",524
525,T,20690,A,0.095238,0.103093,2,"ERR4860977,ERR4859800",525
526,TG,11082,T,0.063248,0.188469,124,"ERR4860662,ERR4860105,ERR4859736,ERR4861353,ERR4860278,ERR4860268,ERR4861078,ERR4859799,ERR4859922,ERR4860794,ERR4860432,ERR4861363,ERR4860636,ERR4861344,ERR4859800,ERR4859761,ERR4860389,ERR4860633,ERR4859822,ERR4859756,ERR4859775,ERR4859806,ERR4861482,ERR4860631,ERR4859747,ERR4859817,ERR4861090,ERR4860606,ERR4860404,ERR4860995,ERR4860913,ERR4860791,ERR4860255,ERR4861219,ERR4860223,ERR4860593,ERR4860153,ERR4861180,ERR4861406,ERR4859734,ERR4859762,ERR4860006,ERR4859970,ERR4859774,ERR4860324,ERR4860300,ERR4861383,ERR4860782,ERR4861287,ERR4860433,ERR4860140,ERR4860912,ERR4860313,ERR4861079,ERR4860309,ERR4860002,ERR4859803,ERR4860146,ERR4861177,ERR4860012,ERR4860090,ERR4860380,ERR4861402,ERR4859727,ERR4861153,ERR4861199,ERR4861286,ERR4861266,ERR4860414,ERR4860549,ERR4860603,ERR4859778,ERR4861322,ERR4860129,ERR4859978,ERR4860677,ERR4860507,ERR4860060,ERR4861139,ERR4860767,ERR4860452,ERR4859938,ERR4860352,ERR4860100,ERR4860132,ERR4859724,ERR4860419,ERR4861056,ERR4859752,ERR4860948,ERR4860762,ERR4859748,ERR4861145,ERR4860981,ERR4861073,ERR4861077,ERR4861150,ERR4859725,ERR4861321,ERR4860672,ERR4860765,ERR4860552,ERR4861377,ERR4860656,ERR4861114,ERR4861042,ERR4860837,ERR4860760,ERR4860084,ERR4861197,ERR4861002,ERR4859852,ERR4861120,ERR4859860,ERR4859987,ERR4860670,ERR4859837,ERR4860763,ERR4860018,ERR4860368,ERR4861345,ERR4860559,ERR4861182,ERR4861355",526
527,CT,11074,C,0.051033999999999996,0.29484,33,"ERR4861100,ERR4859825,ERR4860479,ERR4860036,ERR4861351,ERR4860311,ERR4861214,ERR4860279,ERR4860605,ERR4861299,ERR4861506,ERR4861326,ERR4860823,ERR4860667,ERR4860621,ERR4860403,ERR4860363,ERR4860347,ERR4861260,ERR4861417,ERR4859782,ERR4860759,ERR4860316,ERR4860175,ERR4860295,ERR4859735,ERR4861074,ERR4860576,ERR4860627,ERR4859985,ERR4860943,ERR4860610,ERR4860562",527
528,TG,18778,T,0.055715999999999995,0.091416,2,"ERR4860759,ERR4860730",528
529,TG,27869,T,0.12266300000000001,0.127923,2,"ERR4860330,ERR4860258",529
530,CT,22062,C,0.0553,0.083333,2,"ERR4860264,ERR4861274",530
531,AT,21817,A,0.08872000000000001,0.187879,3,"ERR4859963,ERR4860864,ERR4860297",531
532,GT,22583,G,0.054092999999999995,0.19230799999999998,2,"ERR4859991,ERR4861411",532
533,TTA,21991,T,0.089712,0.20466700000000002,2,"ERR4859884,ERR4860037",533
534,G,25699,GC,0.24615399999999998,0.47618999999999995,2,"ERR4860509,ERR4860534",534
535,TG,12891,T,0.22891599999999998,0.275362,2,"ERR4860036,ERR4859959",535
536,CTG,23874,C,0.141509,0.223077,2,"ERR4860024,ERR4860577",536
537,AT,3722,A,0.056715999999999996,0.122807,3,"ERR4860864,ERR4860817,ERR4860910",537
538,AAC,4624,A,0.050142,0.139041,2,"ERR4859825,ERR4860361",538
539,GT,27163,G,0.052381,0.258772,2,"ERR4860606,ERR4861142",539
540,G,21569,GT,0.054058,0.087263,3,"ERR4861343,ERR4859974,ERR4861259",540
541,AT,18585,A,0.061647,0.083977,2,"ERR4861402,ERR4861330",541
542,CTT,27791,C,0.054662999999999996,0.104966,2,"ERR4861259,ERR4860425",542
543,TTTA,21990,T,0.055921000000000005,0.19597799999999999,2,"ERR4860048,ERR4861510",543
544,AT,13631,A,0.057680999999999996,0.059322,2,"ERR4859999,ERR4859958",544
545,AGT,20486,A,0.41163299999999997,0.49075799999999997,2,"ERR4859825,ERR4860116",545
546,CAT,12501,C,0.089965,0.22621599999999997,2,"ERR4861299,ERR4861162",546
547,AATG,1430,A,0.062301999999999996,0.403614,2,"ERR4859999,ERR4860513",547
548,ATT,4528,A,0.052545,0.056679999999999994,2,"ERR4860848,ERR4860347",548
549,ATAG,25241,A,0.105956,0.110426,2,"ERR4859784,ERR4861397",549
550,G,13459,GT,0.057182000000000004,0.10464100000000001,2,"ERR4860556,ERR4861226",550
551,TTAAAA,17200,T,0.06409,0.081169,3,"ERR4860556,ERR4860759,ERR4859784",551
552,AAT,13208,A,0.050553,0.09193899999999999,2,"ERR4860920,ERR4859999",552
553,GGTC,26466,G,0.334884,0.582187,2,"ERR4860410,ERR4860421",553
554,CTGG,26464,C,0.209302,0.405976,2,"ERR4860410,ERR4860421",554
555,AGTT,26283,A,0.068855,0.098438,3,"ERR4861423,ERR4860556,ERR4859832",555
556,G,8927,GT,0.06035499999999999,0.19181800000000002,2,"ERR4860251,ERR4859784",556
557,G,21101,GT,0.06,0.281229,4,"ERR4860110,ERR4860759,ERR4860477,ERR4860817",557
558,G,11083,GT,0.057963,0.20089300000000002,3,"ERR4860372,ERR4860251,ERR4860268",558
559,C,11074,CT,0.050386,0.6106189999999999,148,"ERR4860372,ERR4860251,ERR4859884,ERR4860477,ERR4861299,ERR4860361,ERR4860382,ERR4860268,ERR4860278,ERR4860534,ERR4859817,ERR4860368,ERR4860928,ERR4859778,ERR4860458,ERR4860086,ERR4860419,ERR4859860,ERR4861074,ERR4861145,ERR4860559,ERR4861139,ERR4861150,ERR4860763,ERR4859725,ERR4860606,ERR4861219,ERR4860662,ERR4859978,ERR4861182,ERR4859852,ERR4860352,ERR4859734,ERR4861114,ERR4860670,ERR4860018,ERR4859724,ERR4860012,ERR4861353,ERR4861287,ERR4861383,ERR4859803,ERR4859774,ERR4861322,ERR4861002,ERR4861073,ERR4861321,ERR4859747,ERR4861079,ERR4860672,ERR4861042,ERR4859837,ERR4860995,ERR4860603,ERR4860132,ERR4860140,ERR4860100,ERR4859987,ERR4861056,ERR4860002,ERR4860948,ERR4859748,ERR4860404,ERR4861120,ERR4861077,ERR4861355,ERR4861153,ERR4860414,ERR4861177,ERR4860223,ERR4859762,ERR4860432,ERR4860324,ERR4860656,ERR4859822,ERR4861078,ERR4860760,ERR4861090,ERR4861180,ERR4859756,ERR4860913,ERR4859938,ERR4860912,ERR4860006,ERR4860636,ERR4861286,ERR4860782,ERR4860452,ERR4860549,ERR4860507,ERR4860332,ERR4860981,ERR4860255,ERR4860605,ERR4859800,ERR4859775,ERR4860791,ERR4860631,ERR4860313,ERR4859806,ERR4861192,ERR4860129,ERR4861377,ERR4861482,ERR4860837,ERR4860762,ERR4860677,ERR4860153,ERR4860146,ERR4860765,ERR4860060,ERR4860090,ERR4860380,ERR4861406,ERR4860309,ERR4859970,ERR4860433,ERR4861199,ERR4859727,ERR4860439,ERR4860593,ERR4861363,ERR4861266,ERR4859799,ERR4860633,ERR4861185,ERR4860767,ERR4860552,ERR4860794,ERR4861434,ERR4860032,ERR4861197,ERR4860175,ERR4861344,ERR4860084,ERR4860675,ERR4860831,ERR4860389,ERR4859905,ERR4861351,ERR4860620,ERR4859736,ERR4860946,ERR4860602,ERR4859922,ERR4861071,ERR4861402,ERR4860759",559
560,C,11095,CT,0.051895000000000004,0.134426,2,"ERR4861235,ERR4859821",560
561,G,11083,GTTT,0.057601,0.085387,2,"ERR4861089,ERR4860504",561
562,C,11074,CTTT,0.051909000000000004,0.514814,4,"ERR4860504,ERR4861089,ERR4861345,ERR4860689",562
563,C,11074,CTT,0.055738,0.12278,6,"ERR4860504,ERR4860928,ERR4861089,ERR4861345,ERR4860372,ERR4861235",563
564,C,11074,CTTTT,0.061527,0.17261700000000002,3,"ERR4861089,ERR4860504,ERR4861345",564
565,A,2317,AT,0.069414,0.43902399999999997,3,"ERR4860251,ERR4861235,ERR4859782",565
566,C,6696,CT,0.050671,0.195195,7,"ERR4860372,ERR4861228,ERR4860061,ERR4860621,ERR4860848,ERR4861162,ERR4860831",566
567,C,1026,CT,0.060684,0.123134,2,"ERR4860503,ERR4860063",567
568,C,1093,CT,0.07423099999999999,0.116451,2,"ERR4861397,ERR4860759",568
569,C,19983,CT,0.050908999999999996,0.10582000000000001,7,"ERR4860817,ERR4860281,ERR4861443,ERR4861189,ERR4861333,ERR4859821,ERR4860144",569
570,AATT,6044,A,0.067416,0.11121199999999999,2,"ERR4861330,ERR4860363",570
571,AGTT,18390,A,0.147009,0.21138200000000001,2,"ERR4860372,ERR4860999",571
572,AATT,6683,A,0.490096,0.49365299999999995,2,"ERR4860362,ERR4861278",572
573,AATG,3545,A,0.051445000000000005,0.07559099999999999,3,"ERR4860689,ERR4860124,ERR4859821",573
574,TGTTATG,514,T,0.055202,0.246914,5,"ERR4860116,ERR4860303,ERR4861070,ERR4860461,ERR4859776",574
575,ATAAATT,27133,A,0.051597000000000004,0.075075,2,"ERR4860556,ERR4859856",575
576,GGTCATGTTA,509,G,0.05764400000000001,0.058224,2,"ERR4860513,ERR4860573",576
577,ATGGTT,518,A,0.051576,0.348387,3,"ERR4860544,ERR4860333,ERR4860534",577
578,TGGTGCAGGTA,23560,T,0.067054,0.067585,2,"ERR4861469,ERR4861356",578
579,TTTTTGGGTG,21980,T,0.051208000000000004,0.6093069999999999,3,"ERR4859776,ERR4859902,ERR4859968",579
580,GGTCATGTTATGGTT,509,G,0.07947,0.282696,4,"ERR4860403,ERR4860477,ERR4860421,ERR4861074",580
581,ATGGTCATGTTATGGT,507,A,0.088933,0.626761,3,"ERR4860311,ERR4861081,ERR4859999",581
582,ATTGAAGATCTACTTT,24014,A,0.052854,0.119403,2,"ERR4860347,ERR4860515",582
583,TTTTGACACATGG,8764,T,0.05235599999999999,0.15894,2,"ERR4860556,ERR4860480",583
584,ATTGGTGCAGGTATATGCGCTAG,23558,A,0.058664999999999995,0.753275,3,"ERR4861127,ERR4860556,ERR4859784",584
585,ACCCATTGGTGCAGGTATATGCGCTAGTT,23554,A,0.1,0.115183,3,"ERR4860557,ERR4860314,ERR4860280",585
586,GTCTTGTAGGCTTGATGTGGCTCAGCTACTTCATTGCT,26779,G,0.07433300000000001,0.570922,3,"ERR4860308,ERR4860556,ERR4861213",586
587,GAACAATGGAACCTAGTAATAGGTTTCCTA,26574,G,0.060999,0.086749,2,"ERR4859999,ERR4860910",587
588,AATGAGTACAGATTGTATCTCGATGCTT,19504,A,0.08,0.083851,2,"ERR4860264,ERR4860280",588
589,GGCTTGTCTTGTAGGCTTGATGTGGCTCAGCTACTTCATTGCTTCTTTCAGACTGTT,26774,G,0.061249,0.08228300000000001,2,"ERR4860032,ERR4860761",589
590,TTGCACTGACTTGCTTTAGCACTCAATTTGCTTTTGCTTGTCCTGACGGCGTAAAACACGTCTATCAGTTACGTGCCAGATCAGTTTCACCTA,27554,T,0.13125699999999998,0.175709,2,"ERR4860456,ERR4860165",590
