REF,POS,ALT,MinAF,MaxAF,NumSamples,MutationCluster,Dataset_Name
C,106,T,0.706958,0.706958,1,-168,Boston
C,106,G,0.074468,0.074468,1,-925,PRE-COG-UK
C,106,T,0.090909,1,11,4,POST-COG-UK
C,241,T,0.843259,1,606,220,Boston
C,241,T,0.266268,1,405,0,PRE-COG-UK
C,241,T,0.666667,1,1795,11,POST-COG-UK
C,313,T,0.838889,0.956989,3,219,Boston
C,313,T,0.174417,0.927273,15,1,PRE-COG-UK
C,313,T,0.056962,0.909091,15,12,POST-COG-UK
C,337,T,0.965062,0.965062,1,-485,Boston
C,337,T,0.060606,0.060606,1,-212,PRE-COG-UK
C,337,T,0.964392,0.964392,1,-3015,POST-COG-UK
A,507,C,0.128015,0.128015,1,-259,Boston
ATGGTCATGTTATGGT,507,A,0.78022,0.78022,1,-134,Boston
A,507,G,0.914509,0.914509,1,-443,PRE-COG-UK
ATGGTCATGTTATGGT,507,A,0.059568,0.665116,10,399,PRE-COG-UK
ATGGTCATGTTATGGT,507,A,0.088933,0.986016,4,1922,POST-COG-UK
GGTCATGTTA,509,G,0.068426,0.972468,2,348,Boston
GGTCATGTTA,509,G,0.116848,0.19833,2,395,PRE-COG-UK
G,509,T,0.059785,0.059785,1,-2097,PRE-COG-UK
GGTCATGTT,509,G,0.065031,0.065031,1,-1280,PRE-COG-UK
GGTCATGTTATGGTT,509,G,0.062306,0.666274,4,400,PRE-COG-UK
GGTCATGTTATGGTT,509,G,0.07947,0.282696,4,1921,POST-COG-UK
GGTCATGTT,509,G,0.067692,0.067692,1,-1978,POST-COG-UK
GGTCATGTTA,509,G,0.057644,0.989106,5,1915,POST-COG-UK
TGTTATG,514,T,0.729927,0.729927,1,-401,Boston
TGTTATG,514,T,0.054246,0.488459,2,394,PRE-COG-UK
T,514,C,0.855856,0.855856,1,-1693,PRE-COG-UK
TGTTATG,514,T,0.055202,0.981296,9,1911,POST-COG-UK
TATG,517,T,0.967753,0.967753,1,-403,Boston
T,517,C,0.063397,0.063397,1,-1689,PRE-COG-UK
TATG,517,T,0.051808,0.051808,1,-1451,PRE-COG-UK
TA,517,T,0.050782,0.050782,1,-2075,POST-COG-UK
TATG,517,T,0.160403,0.98321,2,1891,POST-COG-UK
AAAGTCATTT,685,A,0.965452,1,6,349,Boston
AAAGTCATTTGACTT,685,A,0.076883,0.076883,1,-579,PRE-COG-UK
AAAGTCATTT,685,A,0.053184,1,9,398,PRE-COG-UK
AAAGTCATTT,685,A,0.164767,0.998155,5,1919,POST-COG-UK
C,823,T,0.05,0.957364,84,213,Boston
C,823,T,0.175222,0.444215,2,10,PRE-COG-UK
C,823,T,0.137966,0.861139,2,30,POST-COG-UK
C,1059,T,0.15,0.987013,206,212,Boston
C,1059,T,0.848606,0.968339,17,14,PRE-COG-UK
C,1059,T,0.827214,0.917157,18,45,POST-COG-UK
C,1190,T,0.070117,0.894587,2,208,Boston
C,1190,T,0.87752,0.901372,3,16,PRE-COG-UK
C,1190,T,0.354839,0.878788,2,51,POST-COG-UK
C,1191,T,0.05036,0.950196,2,207,Boston
C,1191,T,0.744117,0.899102,2,17,PRE-COG-UK
C,1191,T,0.305717,0.924147,8,52,POST-COG-UK
C,1218,T,0.939511,0.939511,1,-159,Boston
C,1218,T,0.237327,0.237327,1,-1040,PRE-COG-UK
C,1218,T,0.074886,0.906654,5,53,POST-COG-UK
G,1268,A,0.90411,0.90411,1,-674,Boston
G,1268,T,0.05227,0.05227,1,-1955,PRE-COG-UK
G,1268,T,0.10989,0.10989,1,-2914,POST-COG-UK
C,1346,T,0.095541,0.095541,1,-135,Boston
C,1346,T,0.931818,0.931818,1,-973,PRE-COG-UK
C,1346,T,0.167828,0.167828,1,-664,POST-COG-UK
C,1457,T,0.240788,0.240788,1,-154,Boston
C,1457,T,0.061434,0.414942,3,19,PRE-COG-UK
C,1457,T,0.096821,0.859848,5,63,POST-COG-UK
G,1636,A,0.932049,0.932049,1,-657,Boston
GA,1636,G,0.050196,0.050196,1,-2143,PRE-COG-UK
G,1636,A,0.093697,0.093697,1,-3633,POST-COG-UK
G,1820,A,0.171742,0.171742,1,-598,Boston
G,1820,A,0.514184,0.911073,3,133,PRE-COG-UK
G,1820,A,0.83682,0.934384,7,1767,POST-COG-UK
C,1912,T,0.180157,0.180157,1,-225,Boston
C,1912,T,0.286558,0.976953,3,24,PRE-COG-UK
C,1912,T,0.053895,0.918222,10,77,POST-COG-UK
C,2003,T,0.905466,0.905466,1,-33,Boston
C,2003,T,0.071006,0.071006,1,-888,PRE-COG-UK
C,2003,T,0.060381,0.880747,2,83,POST-COG-UK
C,2106,T,0.909292,0.941176,9,202,Boston
C,2106,T,0.070716,0.070716,1,-855,PRE-COG-UK
C,2106,T,0.606846,0.81636,2,87,POST-COG-UK
C,2416,T,0.068818,1,251,198,Boston
C,2416,T,0.136281,0.870629,23,31,PRE-COG-UK
C,2416,T,0.774521,0.868391,20,97,POST-COG-UK
C,2558,T,0.901804,0.901804,1,-13,Boston
C,2558,T,0.59193,0.986666,23,33,PRE-COG-UK
C,2558,T,0.927176,0.927176,1,-463,POST-COG-UK
C,2704,T,0.073357,0.073357,1,-537,Boston
C,2704,T,0.066831,0.066831,1,-72,PRE-COG-UK
C,2704,T,0.814681,0.814681,1,-279,POST-COG-UK
C,3037,T,0.821429,1,608,187,Boston
C,3037,T,0.228977,0.893015,416,36,PRE-COG-UK
C,3037,T,0.691986,0.933333,1817,117,POST-COG-UK
C,3096,T,0.074756,0.074756,1,-489,Boston
C,3096,T,0.080702,0.934729,2,35,PRE-COG-UK
C,3096,T,0.051527,0.946038,29,119,POST-COG-UK
C,3411,T,0.209605,0.209605,1,-484,Boston
C,3411,T,0.167296,0.806486,2,44,PRE-COG-UK
C,3411,T,0.783057,0.783057,1,-3018,POST-COG-UK
T,3460,C,0.916762,0.916762,1,-397,Boston
T,3460,A,0.621622,0.621622,1,-1560,PRE-COG-UK
T,3460,TA,0.055952,0.055952,1,-1559,PRE-COG-UK
TA,3460,T,0.074597,0.074597,1,-2052,POST-COG-UK
T,3460,A,0.357143,0.611111,2,1815,POST-COG-UK
C,3619,T,0.932584,0.932584,1,-480,Boston
C,3619,T,0.931388,0.931388,1,-221,PRE-COG-UK
C,3619,T,0.906281,0.932258,2,131,POST-COG-UK
C,3773,T,0.068264,0.068264,1,-478,Boston
C,3773,A,0.065388,0.065388,1,-479,Boston
C,3773,T,0.881439,0.881439,1,-290,PRE-COG-UK
C,3773,T,0.863212,0.894562,5,137,POST-COG-UK
C,4551,T,0.989691,0.989691,1,-497,Boston
C,4551,T,0.896271,0.896271,1,-264,PRE-COG-UK
C,4551,T,0.904211,0.925056,3,162,POST-COG-UK
C,5144,T,0.866667,0.918605,2,172,Boston
C,5144,T,0.055888,0.243353,2,51,PRE-COG-UK
C,5144,T,0.820176,0.820176,1,-2965,POST-COG-UK
C,5239,T,0.123894,0.123894,1,-522,Boston
C,5239,T,0.067309,0.067309,1,-277,PRE-COG-UK
C,5239,T,0.088646,0.958326,5,184,POST-COG-UK
C,5826,A,0.059322,0.059322,1,-515,Boston
C,5826,T,0.608145,0.925581,3,56,PRE-COG-UK
CA,5826,C,0.065844,0.065844,1,-5,PRE-COG-UK
C,5826,T,0.859221,0.913475,3,202,POST-COG-UK
C,6040,T,0.923729,0.927711,2,166,Boston
C,6040,T,0.081967,0.357046,2,59,PRE-COG-UK
C,6040,T,0.183283,0.183283,1,-2994,POST-COG-UK
C,6696,CT,0.054711,0.054711,1,-504,Boston
C,6696,CT,0.057554,0.944882,6,383,PRE-COG-UK
C,6696,CTT,0.073582,0.073582,1,-2983,POST-COG-UK
C,6696,CT,0.050671,0.195195,7,1902,POST-COG-UK
C,6762,T,0.939394,0.939394,1,-503,Boston
C,6762,T,0.928832,0.928832,1,-207,PRE-COG-UK
C,6762,T,0.073611,0.073611,1,-3080,POST-COG-UK
G,7393,T,1,1,1,-371,Boston
G,7393,A,0.062937,0.062937,1,-370,Boston
G,7393,T,0.968374,0.968374,1,-2050,PRE-COG-UK
G,7393,T,0.895501,0.972058,13,326,POST-COG-UK
C,8782,T,0.880172,0.988691,25,0,Boston
C,8782,T,0.797297,0.945122,16,77,PRE-COG-UK
C,8782,T,0.828002,0.845161,2,361,POST-COG-UK
C,9165,A,0.894144,0.894144,1,-639,Boston
C,9165,T,0.20504,0.20504,1,-324,PRE-COG-UK
C,9165,T,0.064225,0.84803,4,368,POST-COG-UK
C,9430,T,0.383028,0.383028,1,-638,Boston
C,9430,T,0.946372,0.946372,1,-369,PRE-COG-UK
C,9430,T,0.062987,1,37,374,POST-COG-UK
C,9438,T,0.956826,0.978261,3,5,Boston
C,9438,T,0.10894,0.192059,2,82,PRE-COG-UK
C,9438,T,0.544554,0.544554,1,-3099,POST-COG-UK
C,9565,T,0.466135,0.542642,2,6,Boston
C,9565,T,0.770115,0.90625,3,85,PRE-COG-UK
C,9565,T,0.180877,0.87647,7,379,POST-COG-UK
C,9714,T,0.108094,0.108094,1,-636,Boston
C,9714,T,0.053976,0.053976,1,-349,PRE-COG-UK
C,9714,T,0.072228,0.86838,2,381,POST-COG-UK
C,10440,T,0.918413,0.95082,2,11,Boston
CTA,10440,C,0.087327,0.087327,1,-1900,PRE-COG-UK
C,10440,T,0.158654,0.913179,3,401,POST-COG-UK
C,10582,T,0.863846,0.863846,1,-167,Boston
C,10582,T,0.139493,0.139493,1,-926,PRE-COG-UK
C,10582,T,0.770461,0.803615,4,409,POST-COG-UK
C,10755,T,0.050967,0.081081,2,15,Boston
C,10755,T,0.972616,0.972616,1,-920,PRE-COG-UK
C,10755,T,0.888889,0.969697,8,417,POST-COG-UK
C,11074,CT,0.051471,0.068182,5,345,Boston
C,11074,CT,0.050522,0.222329,39,384,PRE-COG-UK
C,11074,CTTT,0.145619,0.401176,2,386,PRE-COG-UK
C,11074,CTT,0.080711,0.207648,2,385,PRE-COG-UK
CT,11074,C,0.050265,0.289268,55,369,PRE-COG-UK
C,11074,T,0.091484,0.7198,3,95,PRE-COG-UK
CTT,11074,C,0.150038,0.150038,1,-1895,PRE-COG-UK
C,11074,CTTTT,0.110903,0.110903,1,-969,PRE-COG-UK
C,11074,CTTCT,0.082551,0.082551,1,-970,POST-COG-UK
C,11074,T,0.074883,0.074883,1,-968,POST-COG-UK
C,11074,CT,0.050386,0.610619,148,1895,POST-COG-UK
C,11074,CTTTT,0.061527,0.172617,3,1900,POST-COG-UK
C,11074,CTTT,0.051909,0.514814,4,1898,POST-COG-UK
CT,11074,C,0.051034,0.29484,33,1854,POST-COG-UK
C,11074,CTT,0.055738,0.12278,6,1899,POST-COG-UK
TG,11082,T,0.05527,0.094906,7,239,Boston
TG,11082,T,0.059421,0.82959,50,368,PRE-COG-UK
TG,11082,T,0.063248,0.188469,124,1853,POST-COG-UK
G,11083,T,0.051148,1,20,20,Boston
G,11083,GTTT,0.110379,0.110379,1,-1984,PRE-COG-UK
G,11083,GTT,0.051136,0.051136,1,-1985,PRE-COG-UK
G,11083,T,0.052704,0.928258,57,99,PRE-COG-UK
G,11083,GTTT,0.057601,0.085387,2,1897,POST-COG-UK
G,11083,T,0.052359,0.919858,154,472,POST-COG-UK
G,11083,GT,0.057963,0.200893,3,1894,POST-COG-UK
C,11109,T,0.988235,0.988235,1,-224,Boston
C,11109,T,0.840859,0.840859,1,-1025,PRE-COG-UK
C,11109,T,0.685409,0.812661,11,424,POST-COG-UK
C,11224,T,0.966102,0.966102,1,-173,Boston
C,11224,A,0.090467,0.090467,1,-1022,PRE-COG-UK
CTA,11224,C,0.05323,0.05323,1,-2636,POST-COG-UK
C,11224,T,0.928759,0.928759,1,-956,POST-COG-UK
G,11417,T,0.07448,0.894366,3,21,Boston
G,11417,T,0.054845,0.057003,2,102,PRE-COG-UK
G,11417,T,0.877073,0.942644,34,468,POST-COG-UK
C,11758,T,0.875576,0.950224,6,26,Boston
C,11758,T,0.240387,0.240387,1,-1015,PRE-COG-UK
C,11758,T,0.714639,0.746903,2,447,POST-COG-UK
C,11916,T,0.908257,0.95315,13,28,Boston
C,11916,T,0.903503,0.903503,1,-1029,PRE-COG-UK
C,11916,T,0.060314,0.083174,2,452,POST-COG-UK
C,12132,T,0.601234,0.601234,1,-160,Boston
CT,12132,C,0.05358,0.05358,1,-128,PRE-COG-UK
CTT,12132,C,0.057396,0.057396,1,-2696,POST-COG-UK
C,12132,T,0.718803,0.745237,3,464,POST-COG-UK
C,12459,T,0.910891,0.910891,1,-190,Boston
C,12459,T,0.866846,0.866846,1,-1036,PRE-COG-UK
C,12459,T,0.056032,0.98977,4,523,POST-COG-UK
C,13115,T,0.225806,0.225806,1,-180,Boston
C,13115,T,0.329382,0.329382,1,-979,PRE-COG-UK
C,13115,T,0.872522,0.886634,2,542,POST-COG-UK
C,13730,T,0.836207,0.898974,3,43,Boston
C,13730,A,0.114912,0.114912,1,-991,PRE-COG-UK
C,13730,T,0.916141,0.945402,7,164,PRE-COG-UK
C,13730,T,0.905247,0.915624,2,559,POST-COG-UK
C,13862,T,0.936681,0.977528,4,44,Boston
C,13862,T,0.09474,0.977176,20,166,PRE-COG-UK
C,13862,T,0.203957,0.948359,3,561,POST-COG-UK
C,14408,T,0.828283,1,608,46,Boston
C,14408,T,0.262557,0.952305,414,168,PRE-COG-UK
C,14408,T,0.7,0.981132,1812,580,POST-COG-UK
C,14724,T,0.358829,0.358829,1,-152,Boston
C,14724,T,0.050368,0.056235,2,174,PRE-COG-UK
C,14724,T,0.698433,0.698433,1,-676,POST-COG-UK
C,14805,T,0.892456,0.945946,7,58,Boston
C,14805,T,0.144432,0.942893,49,177,PRE-COG-UK
C,14805,T,0.070085,0.926882,2,593,POST-COG-UK
C,15324,T,0.947356,0.947356,1,-192,Boston
C,15324,T,0.161376,0.847706,3,178,PRE-COG-UK
C,15324,T,0.13587,0.904774,12,604,POST-COG-UK
C,16260,T,0.896193,0.96788,15,86,Boston
C,16260,T,0.28125,0.28125,1,-810,PRE-COG-UK
C,16260,T,0.073872,0.986301,22,626,POST-COG-UK
C,16466,T,0.353982,0.353982,1,-238,Boston
C,16466,T,0.058936,0.167702,3,187,PRE-COG-UK
C,16466,T,0.109124,0.109124,1,-1288,POST-COG-UK
C,17676,T,0.935484,0.968317,4,92,Boston
C,17676,T,0.058058,0.194173,2,194,PRE-COG-UK
C,17676,T,0.05639,0.949614,2,727,POST-COG-UK
C,18060,T,0.315864,1,18,96,Boston
CT,18060,C,0.067993,0.067993,1,-1916,PRE-COG-UK
C,18060,T,0.05545,0.918316,6,738,POST-COG-UK
C,18877,T,0.674556,0.97769,95,100,Boston
C,18877,T,0.345095,0.970401,13,209,PRE-COG-UK
C,18877,T,0.070026,0.945033,112,761,POST-COG-UK
G,19009,T,0.92204,0.937716,2,103,Boston
G,19009,T,0.157338,0.157338,1,-1779,PRE-COG-UK
G,19009,C,0.990894,0.990894,1,-3541,POST-COG-UK
C,19170,T,0.087302,0.087302,1,-221,Boston
C,19170,T,0.782636,0.782636,1,-870,PRE-COG-UK
C,19170,T,0.0598,0.852609,3,770,POST-COG-UK
G,19231,A,0.943662,0.943662,1,-588,Boston
GT,19231,G,0.060005,0.060005,1,-1226,PRE-COG-UK
G,19231,A,0.051591,0.051591,1,-3567,POST-COG-UK
G,19231,GT,0.05331,0.05331,1,-3568,POST-COG-UK
C,19572,T,0.925378,0.925378,1,-194,Boston
C,19572,T,0.156646,0.156646,1,-862,PRE-COG-UK
C,19572,T,0.071942,0.071942,1,-1072,POST-COG-UK
C,19836,T,0.054374,0.054374,1,-109,Boston
C,19836,T,0.089983,0.089983,1,-873,PRE-COG-UK
C,19836,T,0.294393,0.294393,1,-1112,POST-COG-UK
C,19884,T,0.952607,0.952607,1,-28,Boston
CA,19884,C,0.062284,0.062284,1,-57,PRE-COG-UK
C,19884,T,0.071614,0.967618,3,785,POST-COG-UK
C,19983,T,0.169811,0.169811,1,-30,Boston
CTT,19983,C,0.057895,0.057895,1,-1891,PRE-COG-UK
C,19983,T,0.1,0.333333,2,218,PRE-COG-UK
C,19983,CT,0.053302,0.227017,5,388,PRE-COG-UK
C,19983,CT,0.050909,0.10582,7,1903,POST-COG-UK
C,19983,T,0.066756,0.913426,2,788,POST-COG-UK
A,20268,G,0.934844,0.934844,1,-17,Boston
A,20268,G,0.117731,0.953642,54,219,PRE-COG-UK
A,20268,G,0.900923,0.950864,67,1024,POST-COG-UK
C,20594,T,0.969466,0.969466,1,-41,Boston
C,20594,T,0.15,0.15,1,-882,PRE-COG-UK
C,20594,T,0.927586,0.930106,2,850,POST-COG-UK
A,21137,T,0.051502,0.103175,9,119,Boston
A,21137,G,0.054622,0.0834,2,225,PRE-COG-UK
A,21137,G,0.376123,0.965802,11,1026,POST-COG-UK
G,21569,T,0.916024,0.916024,1,-618,Boston
G,21569,GT,0.06863,0.06863,1,-619,Boston
G,21569,GT,0.051954,0.060529,2,387,PRE-COG-UK
GT,21569,G,0.09633,0.09633,1,-1223,PRE-COG-UK
G,21569,GT,0.054058,0.087263,3,1871,POST-COG-UK
C,21575,T,0.116732,0.925,11,135,Boston
C,21575,T,0.055847,0.903826,4,228,PRE-COG-UK
C,21575,T,0.077182,0.856712,52,867,POST-COG-UK
C,21614,T,0.297673,0.927874,3,136,Boston
C,21614,T,0.056098,0.087349,2,230,PRE-COG-UK
C,21614,T,0.054968,0.953846,719,868,POST-COG-UK
C,21658,G,0.134054,0.885191,5,137,Boston
C,21658,T,0.772321,0.772321,1,-21,Boston
C,21658,A,0.088,0.866667,4,256,PRE-COG-UK
C,21658,T,0.104575,0.955002,6,877,POST-COG-UK
G,21724,T,0.905213,0.905213,1,-616,Boston
G,21724,C,0.807229,0.846707,2,144,Boston
G,21724,T,0.253935,0.892928,16,236,PRE-COG-UK
G,21724,T,0.834866,0.865699,2,1000,POST-COG-UK
G,21724,A,0.908401,0.959813,10,1583,POST-COG-UK
TTTA,21990,T,0.076238,0.116822,2,346,Boston
T,21990,C,0.100983,0.100983,1,-1144,PRE-COG-UK
TTTA,21990,T,0.278975,0.445399,2,380,PRE-COG-UK
TTTA,21990,T,0.055921,0.997631,35,1874,POST-COG-UK
C,22120,T,0.935393,0.935393,1,-53,Boston
C,22120,CA,0.05836,0.05836,1,-821,PRE-COG-UK
CA,22120,C,0.092355,0.188185,2,363,PRE-COG-UK
C,22120,CA,0.086042,0.086042,1,-1206,POST-COG-UK
CAAA,22120,C,0.105042,0.105042,1,-2712,POST-COG-UK
C,22120,T,0.06108,0.955041,2,898,POST-COG-UK
CA,22120,C,0.129386,0.129386,1,-3148,POST-COG-UK
C,22264,T,0.623799,0.623799,1,-73,Boston
C,22264,T,0.963303,0.963303,1,-834,PRE-COG-UK
C,22264,T,0.064378,0.983114,10,902,POST-COG-UK
G,22289,T,0.910053,0.919282,2,142,Boston
G,22289,T,0.323937,0.323937,1,-1809,PRE-COG-UK
G,22289,T,0.116216,0.116216,1,-3798,POST-COG-UK
C,22326,T,0.942758,0.942758,1,-91,Boston
C,22326,T,0.119256,0.914071,14,239,PRE-COG-UK
C,22326,T,0.145973,0.934441,16,905,POST-COG-UK
C,22450,T,0.09721,0.09721,1,-56,Boston
C,22450,T,0.116766,0.116766,1,-837,PRE-COG-UK
C,22450,T,0.056623,0.773367,4,911,POST-COG-UK
G,22918,A,0.974026,0.974026,1,-605,Boston
G,22918,T,0.871169,0.871169,1,-1804,PRE-COG-UK
G,22918,A,0.99537,0.99537,1,-3708,POST-COG-UK
G,22918,T,0.160494,0.160494,1,-3709,POST-COG-UK
C,23191,T,0.935294,0.935294,1,-110,Boston
C,23191,T,0.128788,0.925314,2,243,PRE-COG-UK
C,23191,T,0.141631,0.95515,7,926,POST-COG-UK
A,23403,G,0.850646,1,607,149,Boston
A,23403,G,0.278743,1,417,273,PRE-COG-UK
A,23403,G,0.842105,1,1812,1030,POST-COG-UK
A,23554,G,0.050385,0.172414,105,150,Boston
ACCCATTGGTGCAGGTATATGCGCTAGTT,23554,A,0.05317,0.05317,1,-515,PRE-COG-UK
ACCCATT,23554,A,0.060069,0.060069,1,-508,PRE-COG-UK
ACCCATTGGTGCAGGTATATGCGCTAGTT,23554,A,0.1,0.115183,3,1928,POST-COG-UK
T,23560,C,0.958802,0.958802,1,-392,Boston
TGGTGCAGGTATATGCGCTAGTTATCAGACTCA,23560,T,0.086713,0.086713,1,-1469,PRE-COG-UK
TGGTGCAGGTATATGCGCTA,23560,T,0.289345,0.289345,1,-1470,PRE-COG-UK
TGGTGCAGGTATATGCGCTAGTTATCAGACTCAGACTA,23560,T,0.051912,0.051912,1,-2192,POST-COG-UK
TGGTGCAGGTATATGCGCTAGTTA,23560,T,0.086142,0.086142,1,-2191,POST-COG-UK
TGGTGCAGGTA,23560,T,0.067054,0.067585,2,1917,POST-COG-UK
G,23608,T,0.945455,0.945455,1,-472,Boston
GC,23608,G,0.071791,0.071791,1,-2129,PRE-COG-UK
G,23608,T,0.871907,0.87493,3,984,POST-COG-UK
C,23625,T,0.323995,0.927573,2,151,Boston
C,23625,T,0.123483,0.187156,2,265,PRE-COG-UK
C,23625,T,0.799191,0.910398,38,942,POST-COG-UK
C,23854,T,0.922554,0.922554,1,-63,Boston
C,23854,T,0.230769,0.230769,1,-126,PRE-COG-UK
C,23854,T,0.946916,0.960071,3,951,POST-COG-UK
C,23929,T,0.150822,0.150822,1,-67,Boston
C,23929,T,0.923634,0.923634,1,-133,PRE-COG-UK
C,23929,T,0.827865,0.848132,3,955,POST-COG-UK
C,24138,T,0.904242,0.904242,1,-80,Boston
C,24138,T,0.059172,0.951289,17,270,PRE-COG-UK
C,24138,A,0.838661,0.917536,8,1518,POST-COG-UK
C,24138,T,0.910926,0.941929,5,960,POST-COG-UK
C,24213,T,0.051075,0.055875,2,158,Boston
C,24213,T,0.059869,0.206723,3,269,PRE-COG-UK
C,24213,T,0.051029,0.931738,15,961,POST-COG-UK
G,24781,T,0.941284,0.941284,1,-335,Boston
G,24781,C,0.984231,0.984231,1,-2260,PRE-COG-UK
G,24781,T,0.916025,1,16,1306,POST-COG-UK
G,24794,T,0.931035,0.931035,1,-334,Boston
G,24794,T,0.557984,0.557984,1,-2259,PRE-COG-UK
G,24794,T,0.920211,0.941558,4,1305,POST-COG-UK
C,24863,T,0.071217,0.071217,1,-83,Boston
C,24863,T,0.098445,0.098445,1,-110,PRE-COG-UK
C,24863,T,0.273318,0.273318,1,-25,POST-COG-UK
C,25350,T,0.092486,0.092486,1,-68,Boston
C,25350,T,0.927266,0.945267,5,283,PRE-COG-UK
C,25350,T,0.938912,0.961083,2,1055,POST-COG-UK
G,25352,T,0.921875,0.921875,1,-328,Boston
G,25352,T,0.10403,0.10403,1,-2248,PRE-COG-UK
G,25352,T,0.109761,0.109761,1,-3329,POST-COG-UK
C,25413,T,0.210277,0.210277,1,-66,Boston
C,25413,T,0.895536,0.895536,1,-187,PRE-COG-UK
C,25413,T,0.256881,0.256881,1,-51,POST-COG-UK
G,25429,T,0.828729,0.905512,3,247,Boston
G,25429,A,0.05045,0.05045,1,-327,Boston
G,25429,T,0.533333,0.928187,15,288,PRE-COG-UK
G,25429,T,0.887659,0.914821,2,1275,POST-COG-UK
C,25452,T,0.454545,0.93655,2,249,Boston
C,25452,T,0.797466,0.797466,1,-190,PRE-COG-UK
C,25452,T,0.654168,0.654168,1,-56,POST-COG-UK
G,25471,C,0.938531,0.938531,1,-325,Boston
G,25471,T,0.863467,0.863467,1,-324,Boston
G,25471,T,0.290909,0.888716,12,289,PRE-COG-UK
G,25471,T,0.672133,0.800496,6,1279,POST-COG-UK
G,25563,T,0.744167,1,545,248,Boston
G,25563,T,0.338747,0.909049,58,290,PRE-COG-UK
G,25563,C,0.977528,0.977528,1,-3325,POST-COG-UK
G,25563,T,0.056962,0.941752,148,1284,POST-COG-UK
C,25572,T,0.926216,0.926216,1,-14,Boston
C,25572,T,0.931036,0.942374,2,286,PRE-COG-UK
C,25572,CA,0.092702,0.092702,1,-171,PRE-COG-UK
C,25572,T,0.910794,0.910794,1,-460,POST-COG-UK
C,25710,T,0.937799,0.99359,3,251,Boston
C,25710,T,0.139045,0.139045,1,-155,PRE-COG-UK
C,25710,T,0.628661,0.727941,52,1077,POST-COG-UK
C,25782,T,0.050703,0.050703,1,-268,Boston
C,25782,T,0.060772,0.061727,2,287,PRE-COG-UK
CT,25782,C,0.191358,0.191358,1,-1937,PRE-COG-UK
C,25782,T,0.907014,0.937931,2,1082,POST-COG-UK
C,25916,A,0.105672,0.928621,6,264,Boston
C,25916,T,0.885542,0.95325,11,256,Boston
CA,25916,C,0.07362,0.07362,1,-40,PRE-COG-UK
C,25916,T,0.957965,0.957965,1,-82,PRE-COG-UK
C,25916,T,0.613636,0.967552,3,1086,POST-COG-UK
C,26060,A,0.050322,0.050322,1,-548,Boston
C,26060,T,0.250674,0.250674,1,-161,PRE-COG-UK
C,26060,T,0.066727,0.836245,60,1092,POST-COG-UK
C,26456,T,0.527704,0.527704,1,-545,Boston
C,26456,T,0.077007,0.137709,2,295,PRE-COG-UK
C,26456,T,0.071903,0.94499,8,1104,POST-COG-UK
C,26681,T,0.083952,0.938942,5,272,Boston
C,26681,T,0.762133,0.933949,2,298,PRE-COG-UK
C,26681,T,0.100658,0.956802,12,1111,POST-COG-UK
C,26735,T,0.064622,0.064622,1,-544,Boston
C,26735,T,0.277981,0.777265,13,299,PRE-COG-UK
C,26735,T,0.608696,0.843282,107,1112,POST-COG-UK
C,26801,T,0.935875,0.935875,1,-543,Boston
C,26801,G,0.978968,0.978968,1,-32,PRE-COG-UK
C,26801,G,0.244251,0.994652,1269,1267,POST-COG-UK
C,26801,T,0.912229,0.912229,1,-493,POST-COG-UK
C,26873,T,0.072959,0.072959,1,-541,Boston
C,26873,T,0.058286,0.058286,1,-62,PRE-COG-UK
C,26873,T,0.226155,0.947515,3,1117,POST-COG-UK
C,27213,T,0.056671,0.056671,1,-526,Boston
CG,27213,C,0.052694,0.052694,1,-101,PRE-COG-UK
C,27213,T,0.100153,0.982522,3,301,PRE-COG-UK
C,27213,T,0.281333,0.969581,4,1131,POST-COG-UK
C,27297,T,0.064904,0.914894,2,287,Boston
C,27297,T,0.062354,0.062354,1,-50,PRE-COG-UK
C,27297,T,0.126221,0.91927,4,1133,POST-COG-UK
T,27484,C,0.178049,0.865327,2,304,Boston
T,27484,C,0.071312,0.071312,1,-1549,PRE-COG-UK
T,27484,C,0.92616,0.949095,4,1589,POST-COG-UK
C,27577,T,0.956403,0.95791,2,291,Boston
CAATTTGCTTTTGCTTGTCCTGACGGCGTAAAACACGTCTATCAGTT,27577,C,0.05087,0.05087,1,-16,PRE-COG-UK
C,27577,T,0.052989,0.316385,6,1143,POST-COG-UK
C,27879,T,0.946034,0.946034,1,-528,Boston
C,27879,T,0.957467,0.957467,1,-355,PRE-COG-UK
C,27879,T,0.327194,0.964822,2,1163,POST-COG-UK
C,27920,T,0.938931,0.938931,1,-527,Boston
C,27920,T,0.095876,0.388889,2,307,PRE-COG-UK
C,27920,T,0.928571,0.973612,8,1165,POST-COG-UK
G,27967,T,0.880734,0.880734,1,-320,Boston
G,27967,T,0.086532,0.086532,1,-2314,PRE-COG-UK
G,27967,T,0.788095,0.797015,2,1337,POST-COG-UK
C,27970,T,0.680501,0.680501,1,-550,Boston
C,27970,T,0.849248,0.849248,1,-361,PRE-COG-UK
C,27970,T,0.115385,0.836308,3,1168,POST-COG-UK
G,28079,T,0.071201,0.081235,2,297,Boston
G,28079,A,0.944828,0.944828,1,-2306,PRE-COG-UK
G,28079,T,0.081871,0.970848,6,1330,POST-COG-UK
G,28079,C,0.056338,0.056338,1,-3269,POST-COG-UK
G,28378,T,0.915497,0.944979,3,307,Boston
G,28378,T,0.092954,0.092954,1,-2335,PRE-COG-UK
G,28378,C,0.909448,0.919513,2,1596,POST-COG-UK
G,28378,T,0.133521,0.975486,3,1320,POST-COG-UK
G,28378,A,0.897846,0.897846,1,-3296,POST-COG-UK
C,28657,T,0.424906,0.928747,2,310,Boston
C,28657,T,0.063806,0.833627,2,315,PRE-COG-UK
C,28657,T,0.055556,0.923183,16,1193,POST-COG-UK
C,28697,T,0.894737,0.894737,1,-570,Boston
C,28697,T,0.050966,0.089543,2,317,PRE-COG-UK
C,28697,T,0.05814,0.894947,3,1196,POST-COG-UK
C,28849,T,0.127232,0.942574,3,313,Boston
C,28849,T,0.47134,0.846751,2,320,PRE-COG-UK
C,28849,T,0.847235,0.847235,1,-78,POST-COG-UK
G,28881,A,0.860264,0.961538,16,335,Boston
G,28881,A,0.210037,0.930233,238,345,PRE-COG-UK
G,28881,T,0.841821,0.846231,2,332,PRE-COG-UK
G,28881,A,0.073953,0.837447,325,1621,POST-COG-UK
G,28882,A,0.838932,1,16,334,Boston
G,28882,A,0.057778,0.947368,239,346,PRE-COG-UK
G,28882,A,0.077467,0.911111,324,1622,POST-COG-UK
G,28883,C,0.908605,1,16,333,Boston
G,28883,T,0.084871,0.084871,1,-2331,PRE-COG-UK
G,28883,C,0.239941,1,238,349,PRE-COG-UK
G,28883,C,0.088573,0.977778,324,1620,POST-COG-UK
C,28887,T,0.085666,0.93465,3,314,Boston
C,28887,T,0.82622,0.82622,1,-413,PRE-COG-UK
C,28887,T,0.206087,0.8875,10,1208,POST-COG-UK
C,28905,T,0.945281,0.945281,1,-562,Boston
C,28905,T,0.292182,0.292182,1,-417,PRE-COG-UK
C,28905,T,0.893703,0.9,2,1209,POST-COG-UK
C,29253,T,0.16928,0.916649,2,321,Boston
C,29253,T,0.927137,0.927137,1,-376,PRE-COG-UK
C,29253,T,0.08399,0.359015,4,1226,POST-COG-UK
C,29311,T,0.182135,0.182135,1,-558,Boston
C,29311,T,0.054383,0.054383,1,-385,PRE-COG-UK
C,29311,T,0.098193,0.738095,3,1231,POST-COG-UK
G,29468,T,0.062016,0.062016,1,-270,Boston
G,29468,C,0.918544,0.927215,2,367,PRE-COG-UK
G,29468,A,0.752325,0.752325,1,-3489,POST-COG-UK
G,29468,T,0.893692,0.893692,1,-3483,POST-COG-UK
C,29541,G,0.05,0.168539,8,328,Boston
C,29541,T,0.119048,0.119048,1,-397,PRE-COG-UK
C,29541,T,0.219487,0.93437,2,1244,POST-COG-UK
C,29545,T,0.96623,0.97284,2,323,Boston
C,29545,T,0.109735,0.455886,2,326,PRE-COG-UK
C,29545,T,0.109589,0.923892,7,1245,POST-COG-UK
C,29545,A,0.926424,0.926424,1,-3029,POST-COG-UK
C,29614,T,0.053892,0.111111,3,324,Boston
C,29614,T,0.161542,0.161542,1,-232,PRE-COG-UK
C,29614,T,0.053667,0.959074,4,1248,POST-COG-UK
G,29628,T,0.918301,0.918301,1,-281,Boston
G,29628,T,0.117647,0.117647,1,-2266,PRE-COG-UK
G,29628,T,0.854724,0.854724,1,-3459,POST-COG-UK
C,29679,T,0.89881,0.89881,1,-523,Boston
CT,29679,C,0.126394,0.126394,1,-1931,PRE-COG-UK
C,29679,T,0.818182,0.851903,2,1253,POST-COG-UK
G,29688,T,0.902037,0.902037,1,-293,Boston
G,29688,T,0.051397,0.772103,2,336,PRE-COG-UK
G,29688,T,0.692628,0.692628,1,-3462,POST-COG-UK
GCCACGCGGAGTACGATCGAGTGT,29737,G,0.963455,0.963455,1,-437,Boston
GCCACGCGGAGT,29737,G,0.060076,0.060076,1,-1694,PRE-COG-UK
G,29737,T,0.126063,0.140149,2,1385,POST-COG-UK
G,29742,T,0.077562,0.077562,1,-315,Boston
G,29742,C,0.065622,0.065622,1,-316,Boston
G,29742,A,0.080501,0.925214,13,354,PRE-COG-UK
G,29742,T,0.055256,0.925974,3,335,PRE-COG-UK
G,29742,A,0.66276,0.780343,10,1643,POST-COG-UK
G,29742,T,0.053789,0.053789,1,-3467,POST-COG-UK
G,29742,C,0.895906,0.895906,1,-3466,POST-COG-UK
G,29745,A,0.955004,0.955004,1,-314,Boston
G,29745,A,0.088921,0.088921,1,-2295,PRE-COG-UK
G,29745,A,0.887995,0.903379,3,1644,POST-COG-UK
C,29750,T,0.965854,0.965854,1,-492,Boston
C,29750,A,0.132812,0.132812,1,-245,PRE-COG-UK
C,29750,T,0.943838,0.943838,1,-246,PRE-COG-UK
C,29750,T,0.106319,0.985611,19,1260,POST-COG-UK
G,29751,C,0.962428,0.962428,1,-313,Boston
G,29751,T,0.928735,0.928735,1,-2301,PRE-COG-UK
G,29751,T,0.553747,0.959901,4,1386,POST-COG-UK
G,29751,A,0.751527,0.847899,15,1645,POST-COG-UK
C,29774,T,0.111266,0.974948,4,326,Boston
C,29774,T,0.395344,0.957647,2,329,PRE-COG-UK
C,29774,T,0.095982,0.984127,4,1264,POST-COG-UK
