REF,POS,ALT,MinAF,MaxAF,NumSamples,SampleNames,MutationCluster,Dataset_Name
GT,443,G,0.085251,0.085251,1,ERR4603894,-1213,POST-COG-UK
G,443,T,0.098352,0.098352,1,ERR4604112,-2067,POST-COG-UK
G,443,A,0.959658,0.959658,1,ERR4859810,-3386,PRE-COG-UK
GT,443,G,0.053259,0.053259,1,ERR4861213,-2011,PRE-COG-UK
GGTCATGTTATGGTT,509,G,0.062305999999999986,0.666274,4,"ERR4603833,ERR4603978,ERR4603772,ERR4604154",400,POST-COG-UK
GGTCATGTT,509,G,0.06503099999999999,0.06503099999999999,1,ERR4603767,-1280,POST-COG-UK
G,509,T,0.05978500000000001,0.05978500000000001,1,ERR4603806,-2097,POST-COG-UK
GGTCATGTTA,509,G,0.116848,0.19833,2,"ERR4604071,ERR4603985",395,POST-COG-UK
GGTCATGTTATGGTT,509,G,0.07947,0.282696,4,"ERR4860421,ERR4860477,ERR4860403,ERR4861074",1921,PRE-COG-UK
GGTCATGTT,509,G,0.067692,0.067692,1,ERR4859967,-1978,PRE-COG-UK
GGTCATGTTA,509,G,0.057644000000000015,0.989106,5,"ERR4859945,ERR4860573,ERR4861378,ERR4860513,ERR4861382",1915,PRE-COG-UK
T,517,C,0.06339700000000001,0.06339700000000001,1,ERR4604020,-1689,POST-COG-UK
TATG,517,T,0.051808000000000014,0.051808000000000014,1,ERR4603857,-1451,POST-COG-UK
TA,517,T,0.050782,0.050782,1,ERR4860334,-2075,PRE-COG-UK
TATG,517,T,0.160403,0.98321,2,"ERR4859935,ERR4860012",1891,PRE-COG-UK
T,3460,A,0.621622,0.621622,1,ERR4603818,-1560,POST-COG-UK
T,3460,TA,0.055952,0.055952,1,ERR4604017,-1559,POST-COG-UK
TA,3460,T,0.074597,0.074597,1,ERR4860278,-2052,PRE-COG-UK
T,3460,A,0.357143,0.611111,2,"ERR4859920,ERR4861364",1815,PRE-COG-UK
CTTT,3832,C,0.233083,0.233083,1,ERR4603747,-1885,POST-COG-UK
CT,3832,C,0.104265,0.104265,1,ERR4603940,-1929,POST-COG-UK
CTT,3832,C,0.06237,0.06237,1,ERR4604076,-1888,POST-COG-UK
CTT,3832,C,0.566667,0.566667,1,ERR4860859,-2693,PRE-COG-UK
CT,3832,C,0.057592,0.057592,1,ERR4859958,-2663,PRE-COG-UK
CTTT,3832,C,0.995049,1.0,3,"ERR4860208,ERR4860200,ERR4860198",1884,PRE-COG-UK
C,6312,CA,0.05848200000000001,0.05848200000000001,1,ERR4603995,-293,POST-COG-UK
C,6312,T,0.810404,0.826851,2,"ERR4604056,ERR4604180",62,POST-COG-UK
CA,6312,C,0.052632000000000005,0.30303,2,"ERR4603962,ERR4603759",146,POST-COG-UK
C,6312,A,0.187151,0.820682,18,"ERR4603771,ERR4603801,ERR4604003,ERR4603930,ERR4603851,ERR4603718,ERR4603915,ERR4603995,ERR4604042,ERR4603860,ERR4604185,ERR4603900,ERR4603783,ERR4603898,ERR4603971,ERR4603922,ERR4604094,ERR4604204",147,POST-COG-UK
C,6312,T,0.068592,0.7554850000000001,3,"ERR4859999,ERR4860910,ERR4861302",221,PRE-COG-UK
C,6312,A,0.8843110000000001,0.8843110000000001,1,ERR4861148,-3003,PRE-COG-UK
A,9859,T,0.235294,0.235294,1,ERR4604188,-566,POST-COG-UK
ATT,9859,A,0.099928,0.099928,1,ERR4604194,-951,POST-COG-UK
A,9859,G,0.959928,0.959928,1,ERR4861282,-753,PRE-COG-UK
ATT,9859,A,0.050099,0.050099,1,ERR4859788,-868,PRE-COG-UK
CTT,10605,C,0.387708,0.387708,1,ERR4604194,-1896,POST-COG-UK
C,10605,T,0.8139529999999999,0.8139529999999999,1,ERR4603978,-924,POST-COG-UK
C,10605,T,0.074018,0.074018,1,ERR4861303,-838,PRE-COG-UK
C,10605,CT,0.067749,0.067749,1,ERR4860817,-815,PRE-COG-UK
G,11071,GTTC,0.08587,0.08587,1,ERR4603867,-1986,POST-COG-UK
G,11071,C,0.081176,0.707205,3,"ERR4604081,ERR4604207,ERR4604147",127,POST-COG-UK
G,11071,GTTC,0.7539710000000001,0.7539710000000001,1,ERR4860553,-2886,PRE-COG-UK
G,11071,A,0.891534,0.891534,1,ERR4860476,-2879,PRE-COG-UK
C,11074,CTTTT,0.110903,0.110903,1,ERR4603807,-969,POST-COG-UK
CTT,11074,C,0.150038,0.150038,1,ERR4604144,-1895,POST-COG-UK
C,11074,T,0.091484,0.7198,3,"ERR4604207,ERR4604081,ERR4604147",95,POST-COG-UK
CT,11074,C,0.050265,0.289268,55,"ERR4604136,ERR4604161,ERR4603893,ERR4603993,ERR4604138,ERR4603879,ERR4603990,ERR4603939,ERR4604200,ERR4603770,ERR4603873,ERR4603872,ERR4604154,ERR4604096,ERR4603943,ERR4603754,ERR4603944,ERR4603755,ERR4603857,ERR4604125,ERR4603958,ERR4604117,ERR4603941,ERR4603757,ERR4603742,ERR4604126,ERR4604195,ERR4603793,ERR4603775,ERR4603972,ERR4604140,ERR4603787,ERR4603839,ERR4604040,ERR4604039,ERR4604179,ERR4603975,ERR4604020,ERR4604177,ERR4603810,ERR4603901,ERR4603814,ERR4604105,ERR4603983,ERR4603982,ERR4603904,ERR4603819,ERR4604106,ERR4603985,ERR4603779,ERR4603835,ERR4603894,ERR4603778,ERR4603968,ERR4603925",369,POST-COG-UK
C,11074,CTT,0.080711,0.207648,2,"ERR4603807,ERR4604092",385,POST-COG-UK
C,11074,CTTT,0.145619,0.401176,2,"ERR4603807,ERR4604092",386,POST-COG-UK
C,11074,CT,0.050522,0.222329,39,"ERR4604188,ERR4603776,ERR4603984,ERR4603712,ERR4603800,ERR4604025,ERR4603942,ERR4603960,ERR4604104,ERR4603912,ERR4603830,ERR4603869,ERR4603865,ERR4603719,ERR4603945,ERR4603736,ERR4603823,ERR4603911,ERR4603978,ERR4604128,ERR4603737,ERR4603909,ERR4603811,ERR4603824,ERR4603901,ERR4603867,ERR4604203,ERR4603966,ERR4604065,ERR4603934,ERR4604109,ERR4604199,ERR4603916,ERR4604007,ERR4604018,ERR4604112,ERR4603798,ERR4603747,ERR4604151",384,POST-COG-UK
C,11074,CTTCT,0.082551,0.082551,1,ERR4860553,-970,PRE-COG-UK
C,11074,T,0.074883,0.074883,1,ERR4860268,-968,PRE-COG-UK
C,11074,CTTT,0.051909,0.514814,4,"ERR4860689,ERR4861345,ERR4861089,ERR4860504",1898,PRE-COG-UK
C,11074,CTTTT,0.061527,0.17261700000000002,3,"ERR4861089,ERR4860504,ERR4861345",1900,PRE-COG-UK
C,11074,CT,0.050386,0.6106189999999999,148,"ERR4859922,ERR4859884,ERR4860002,ERR4859978,ERR4859727,ERR4860662,ERR4860606,ERR4859775,ERR4861077,ERR4860153,ERR4861074,ERR4861073,ERR4860670,ERR4860672,ERR4861402,ERR4861078,ERR4860620,ERR4859736,ERR4859860,ERR4861090,ERR4861153,ERR4861150,ERR4859724,ERR4859905,ERR4859817,ERR4860631,ERR4861383,ERR4859725,ERR4860633,ERR4860656,ERR4860913,ERR4859774,ERR4861079,ERR4861377,ERR4860175,ERR4860675,ERR4860636,ERR4859987,ERR4861482,ERR4860928,ERR4860223,ERR4860912,ERR4859747,ERR4861071,ERR4860677,ERR4860760,ERR4860762,ERR4860012,ERR4860763,ERR4860060,ERR4860765,ERR4861180,ERR4860767,ERR4861192,ERR4861434,ERR4860782,ERR4860981,ERR4860018,ERR4860791,ERR4861139,ERR4861182,ERR4859734,ERR4859748,ERR4860948,ERR4860794,ERR4861185,ERR4860032,ERR4860605,ERR4860995,ERR4860146,ERR4861177,ERR4860084,ERR4860140,ERR4861406,ERR4859762,ERR4860132,ERR4860837,ERR4860946,ERR4861219,ERR4860129,ERR4861145,ERR4859970,ERR4861056,ERR4860006,ERR4861114,ERR4861042,ERR4860100,ERR4861120,ERR4860090,ERR4860831,ERR4861199,ERR4860086,ERR4861197,ERR4859938,ERR4861002,ERR4860759,ERR4859756,ERR4861322,ERR4860332,ERR4860439,ERR4859837,ERR4860352,ERR4860433,ERR4861363,ERR4860432,ERR4861299,ERR4860309,ERR4860549,ERR4860552,ERR4860603,ERR4860419,ERR4861353,ERR4860414,ERR4859822,ERR4860255,ERR4859806,ERR4860452,ERR4860278,ERR4861355,ERR4859800,ERR4859799,ERR4861287,ERR4861344,ERR4860268,ERR4860313,ERR4861286,ERR4859803,ERR4860458,ERR4861266,ERR4860477,ERR4860324,ERR4860534,ERR4860507,ERR4860361,ERR4860389,ERR4860372,ERR4860593,ERR4860559,ERR4859852,ERR4860380,ERR4860602,ERR4861321,ERR4860382,ERR4859778,ERR4860404,ERR4860251,ERR4860368,ERR4861351",1895,PRE-COG-UK
CT,11074,C,0.051034,0.29484,33,"ERR4861074,ERR4861260,ERR4859782,ERR4860610,ERR4860576,ERR4860605,ERR4860943,ERR4859735,ERR4860621,ERR4860627,ERR4860823,ERR4860667,ERR4861214,ERR4860759,ERR4861299,ERR4860479,ERR4860562,ERR4860403,ERR4861100,ERR4861351,ERR4859825,ERR4860311,ERR4860347,ERR4859985,ERR4860036,ERR4860279,ERR4860175,ERR4860363,ERR4860295,ERR4861506,ERR4861326,ERR4861417,ERR4860316",1854,PRE-COG-UK
C,11074,CTT,0.055738,0.12278,6,"ERR4860504,ERR4860372,ERR4861345,ERR4860928,ERR4861089,ERR4861235",1899,PRE-COG-UK
G,11083,GTTT,0.110379,0.110379,1,ERR4603807,-1984,POST-COG-UK
G,11083,GTT,0.051136,0.051136,1,ERR4603807,-1985,POST-COG-UK
G,11083,T,0.052704,0.928258,57,"ERR4604060,ERR4603867,ERR4604074,ERR4603928,ERR4603868,ERR4603892,ERR4603800,ERR4604064,ERR4603992,ERR4604164,ERR4603750,ERR4603927,ERR4603798,ERR4603732,ERR4603710,ERR4603745,ERR4603890,ERR4603919,ERR4603865,ERR4603911,ERR4604065,ERR4604092,ERR4603866,ERR4604063,ERR4604007,ERR4604199,ERR4603916,ERR4604147,ERR4604081,ERR4603736,ERR4603803,ERR4604203,ERR4604151,ERR4604120,ERR4604018,ERR4603960,ERR4604017,ERR4604025,ERR4603824,ERR4604188,ERR4603825,ERR4604104,ERR4603945,ERR4604128,ERR4603942,ERR4603934,ERR4603987,ERR4604119,ERR4603969,ERR4603966,ERR4604109,ERR4603984,ERR4603807,ERR4604124,ERR4603776,ERR4603712,ERR4603811",99,POST-COG-UK
G,11083,T,0.052359,0.919858,154,"ERR4859922,ERR4860084,ERR4859860,ERR4860603,ERR4861089,ERR4860100,ERR4861406,ERR4859736,ERR4860140,ERR4860090,ERR4860368,ERR4860419,ERR4861078,ERR4860567,ERR4860913,ERR4859761,ERR4861321,ERR4860912,ERR4860552,ERR4861482,ERR4859775,ERR4860105,ERR4860255,ERR4859852,ERR4860760,ERR4859734,ERR4860389,ERR4860606,ERR4860549,ERR4859781,ERR4861287,ERR4860018,ERR4860382,ERR4860352,ERR4861363,ERR4861073,ERR4860508,ERR4861383,ERR4860767,ERR4860153,ERR4861355,ERR4860791,ERR4859762,ERR4861077,ERR4860928,ERR4860620,ERR4860344,ERR4861114,ERR4860670,ERR4860662,ERR4860330,ERR4859752,ERR4860452,ERR4860559,ERR4860414,ERR4860782,ERR4860002,ERR4860762,ERR4860765,ERR4861199,ERR4861402,ERR4860981,ERR4860633,ERR4861377,ERR4859938,ERR4860148,ERR4860504,ERR4859940,ERR4860313,ERR4860278,ERR4860948,ERR4861090,ERR4860309,ERR4861286,ERR4861345,ERR4861056,ERR4861120,ERR4860635,ERR4859725,ERR4860129,ERR4861371,ERR4860268,ERR4861145,ERR4861079,ERR4861150,ERR4860636,ERR4860032,ERR4860794,ERR4861180,ERR4860251,ERR4860146,ERR4860593,ERR4859799,ERR4859756,ERR4860152,ERR4861139,ERR4859862,ERR4861011,ERR4860837,ERR4861153,ERR4859748,ERR4860324,ERR4860356,ERR4860006,ERR4860363,ERR4861322,ERR4860433,ERR4861197,ERR4861219,ERR4859800,ERR4859803,ERR4859806,ERR4861353,ERR4861177,ERR4861042,ERR4860995,ERR4860763,ERR4860380,ERR4860372,ERR4859999,ERR4859978,ERR4861266,ERR4860060,ERR4859970,ERR4860432,ERR4859817,ERR4860672,ERR4860012,ERR4859774,ERR4860404,ERR4859747,ERR4859837,ERR4859822,ERR4860490,ERR4860677,ERR4860631,ERR4859987,ERR4860507,ERR4859778,ERR4859724,ERR4860132,ERR4860300,ERR4861127,ERR4861344,ERR4860831,ERR4859791,ERR4860347,ERR4860252,ERR4860553,ERR4861182,ERR4859727,ERR4860223,ERR4860656,ERR4861002",472,PRE-COG-UK
G,11083,GT,0.057963,0.200893,3,"ERR4860251,ERR4860268,ERR4860372",1894,PRE-COG-UK
G,11083,GTTT,0.057601,0.085387,2,"ERR4861089,ERR4860504",1897,PRE-COG-UK
C,11095,CT,0.07205299999999999,0.07205299999999999,1,ERR4604194,-980,POST-COG-UK
CT,11095,C,0.087964,0.087964,1,ERR4604135,-139,POST-COG-UK
C,11095,CT,0.051895,0.134426,2,"ERR4859821,ERR4861235",1896,PRE-COG-UK
C,11095,T,0.069211,0.76173,3,"ERR4861320,ERR4861501,ERR4860690",423,PRE-COG-UK
ATTTG,14850,A,0.05957000000000001,0.05957000000000001,1,ERR4604067,-907,POST-COG-UK
ATTT,14850,A,0.068391,0.068391,1,ERR4604067,-910,POST-COG-UK
AT,14850,A,0.117778,0.117778,1,ERR4860920,-971,PRE-COG-UK
ATTT,14850,A,0.070292,0.070292,1,ERR4860361,-884,PRE-COG-UK
C,19983,T,0.1,0.333333,2,"ERR4603724,ERR4604148",218,POST-COG-UK
C,19983,CT,0.053302,0.227017,5,"ERR4603857,ERR4604135,ERR4604144,ERR4603770,ERR4603859",388,POST-COG-UK
CTT,19983,C,0.057895,0.057895,1,ERR4603760,-1891,POST-COG-UK
C,19983,CT,0.050909,0.10582,7,"ERR4859821,ERR4860817,ERR4861443,ERR4861189,ERR4861333,ERR4860281,ERR4860144",1903,PRE-COG-UK
C,19983,T,0.066756,0.913426,2,"ERR4861233,ERR4861035",788,PRE-COG-UK
T,21066,TA,0.116667,0.116667,1,ERR4604009,-1189,POST-COG-UK
TA,21066,T,0.051407000000000015,0.051407000000000015,1,ERR4603777,-1413,POST-COG-UK
TA,21066,T,0.073643,0.106576,3,"ERR4860689,ERR4860325,ERR4861411",1838,PRE-COG-UK
TAA,21066,T,0.317568,0.317568,1,ERR4859959,-2108,PRE-COG-UK
C,22120,CA,0.05836,0.05836,1,ERR4603846,-821,POST-COG-UK
CA,22120,C,0.092355,0.188185,2,"ERR4604020,ERR4603802",363,POST-COG-UK
C,22120,CA,0.086042,0.086042,1,ERR4859884,-1206,PRE-COG-UK
CAAA,22120,C,0.105042,0.105042,1,ERR4860381,-2712,PRE-COG-UK
CA,22120,C,0.129386,0.129386,1,ERR4860281,-3148,PRE-COG-UK
C,22120,T,0.06108,0.955041,2,"ERR4861190,ERR4861184",898,PRE-COG-UK
GT,22583,G,0.062705,0.062705,1,ERR4604020,-1221,POST-COG-UK
G,22583,A,0.905591,0.905591,1,ERR4603828,-1811,POST-COG-UK
GTTT,22583,G,0.056984,0.056984,1,ERR4604012,-1346,POST-COG-UK
GT,22583,G,0.054093,0.192308,2,"ERR4859991,ERR4861411",1862,PRE-COG-UK
GTTT,22583,G,0.174528,0.174528,1,ERR4860859,-1923,PRE-COG-UK
GCA,22992,G,0.142812,0.142812,1,ERR4603778,-1737,POST-COG-UK
G,22992,T,0.308523,0.8703870000000001,6,"ERR4603879,ERR4603956,ERR4603711,ERR4603796,ERR4603727,ERR4603952",242,POST-COG-UK
G,22992,T,0.06349199999999999,0.815288,3,"ERR4860859,ERR4860365,ERR4859761",1017,PRE-COG-UK
G,22992,A,0.896926,0.93992,60,"ERR4860806,ERR4860416,ERR4860016,ERR4860247,ERR4860448,ERR4861027,ERR4860415,ERR4860446,ERR4860662,ERR4861011,ERR4860668,ERR4860793,ERR4859863,ERR4861086,ERR4860591,ERR4860921,ERR4860719,ERR4860038,ERR4860784,ERR4861194,ERR4860949,ERR4860318,ERR4859882,ERR4860923,ERR4860454,ERR4860377,ERR4860256,ERR4860106,ERR4860436,ERR4861289,ERR4860918,ERR4860771,ERR4860687,ERR4861147,ERR4861483,ERR4860817,ERR4860870,ERR4860346,ERR4860379,ERR4860408,ERR4860433,ERR4860749,ERR4860780,ERR4859875,ERR4861479,ERR4860251,ERR4860284,ERR4860474,ERR4860790,ERR4861440,ERR4860856,ERR4860292,ERR4861247,ERR4860094,ERR4860321,ERR4860000,ERR4859827,ERR4860360,ERR4861411,ERR4860941",1569,PRE-COG-UK
TGGTGCAGGTATATGCGCTA,23560,T,0.289345,0.289345,1,ERR4603723,-1470,POST-COG-UK
TGGTGCAGGTATATGCGCTAGTTATCAGACTCA,23560,T,0.086713,0.086713,1,ERR4603880,-1469,POST-COG-UK
TGGTGCAGGTATATGCGCTAGTTATCAGACTCAGACTA,23560,T,0.051912,0.051912,1,ERR4861278,-2192,PRE-COG-UK
TGGTGCAGGTATATGCGCTAGTTA,23560,T,0.086142,0.086142,1,ERR4859794,-2191,PRE-COG-UK
TGGTGCAGGTA,23560,T,0.067054,0.067585,2,"ERR4861356,ERR4861469",1917,PRE-COG-UK
G,23587,T,0.953704,0.953704,1,ERR4604093,-2183,POST-COG-UK
G,23587,C,0.417235,0.960709,22,"ERR4603924,ERR4604039,ERR4603844,ERR4603886,ERR4604126,ERR4604208,ERR4604037,ERR4603741,ERR4604052,ERR4604210,ERR4604084,ERR4604091,ERR4603820,ERR4604057,ERR4603799,ERR4603780,ERR4603797,ERR4603918,ERR4603904,ERR4604189,ERR4603845,ERR4603711",253,POST-COG-UK
G,23587,T,0.924426,0.953704,3,"ERR4860529,ERR4860114,ERR4860884",987,PRE-COG-UK
G,23587,C,0.982432,0.982432,1,ERR4860926,-3691,PRE-COG-UK
C,23887,CA,0.085837,0.085837,1,ERR4603747,-129,POST-COG-UK
CA,23887,C,0.074016,0.074016,1,ERR4603948,-45,POST-COG-UK
CA,23887,C,0.069164,0.069164,1,ERR4861347,-3127,PRE-COG-UK
C,23887,CA,0.07065199999999999,0.07065199999999999,1,ERR4861330,-133,PRE-COG-UK
G,25947,C,0.940375,0.940375,1,ERR4603837,-2194,POST-COG-UK
G,25947,T,0.101086,0.101086,1,ERR4603846,-2193,POST-COG-UK
G,25947,T,0.6796939999999999,0.858951,10,"ERR4860143,ERR4860088,ERR4861201,ERR4860098,ERR4860710,ERR4860213,ERR4860851,ERR4860610,ERR4860623,ERR4859926",1308,PRE-COG-UK
G,25947,C,0.943326,0.961765,2,"ERR4861319,ERR4861394",1535,PRE-COG-UK
GGCTTGTCTTGTAGGCTTGATGTGGCTCAGCTACTTCATTGCTTCTT,26774,G,0.081722,0.081722,1,ERR4603901,-1253,POST-COG-UK
GGCTTGTCTTGTAGGCTTGATGTGGCTCAGCTACTTCATTGCTTCTTTCAGACTGTTT,26774,G,0.240077,0.240077,1,ERR4604035,-1261,POST-COG-UK
GGCTTGTCTTGTAGGCTTGATGTGGCTCAGCTACTTCATTGCTTCTTTCAGACTGTT,26774,G,0.08327000000000001,0.08327000000000001,1,ERR4603723,-1269,POST-COG-UK
GGCTTGTCTTGTAGGCTTGATGTGGCTCAGCTACTTCATTGCTTCTTTCAGACTGTT,26774,G,0.061249,0.08228300000000001,2,"ERR4860761,ERR4860032",1934,PRE-COG-UK
G,26774,A,0.061095,0.061095,1,ERR4859784,-3355,PRE-COG-UK
TTTAAAGTTTCCATTTGGAATCTTG,27265,T,0.081457,0.081457,1,ERR4603778,-1483,POST-COG-UK
TTTA,27265,T,0.081094,0.081094,1,ERR4603809,-1485,POST-COG-UK
TTTAAAGTTTCCATTTGGAATCTTGATTA,27265,T,0.052169000000000014,0.052169000000000014,1,ERR4860070,-2230,PRE-COG-UK
TTTA,27265,T,0.071878,0.071878,1,ERR4860513,-2229,PRE-COG-UK
CTTTACTCTCCAA,27679,C,0.988357,0.988459,2,"ERR4603751,ERR4603876",396,POST-COG-UK
C,27679,T,0.228261,0.228261,1,ERR4603975,-12,POST-COG-UK
CT,27679,C,0.057449,0.057449,1,ERR4860605,-2657,PRE-COG-UK
C,27679,T,0.8255809999999999,0.8529110000000001,2,"ERR4861326,ERR4860267",1152,PRE-COG-UK
C,28253,T,0.050208,0.231868,11,"ERR4604015,ERR4603737,ERR4604162,ERR4604045,ERR4603943,ERR4603901,ERR4603775,ERR4604207,ERR4603921,ERR4604146,ERR4604135",311,POST-COG-UK
CA,28253,C,0.06955399999999999,0.423565,3,"ERR4603945,ERR4603930,ERR4603793",361,POST-COG-UK
C,28253,T,0.050903,0.94852,93,"ERR4861421,ERR4860577,ERR4860378,ERR4859960,ERR4861079,ERR4860238,ERR4860922,ERR4860698,ERR4859923,ERR4861249,ERR4860753,ERR4860331,ERR4859763,ERR4860347,ERR4861481,ERR4860500,ERR4860580,ERR4861167,ERR4859884,ERR4861192,ERR4860748,ERR4860929,ERR4861155,ERR4860106,ERR4859792,ERR4861296,ERR4861265,ERR4860634,ERR4860092,ERR4860786,ERR4860995,ERR4861299,ERR4859888,ERR4860297,ERR4860772,ERR4860817,ERR4859780,ERR4859782,ERR4861434,ERR4859733,ERR4859791,ERR4861071,ERR4860846,ERR4860620,ERR4860779,ERR4860619,ERR4860044,ERR4859787,ERR4860041,ERR4860731,ERR4860827,ERR4860931,ERR4861235,ERR4860726,ERR4859885,ERR4860102,ERR4860048,ERR4861432,ERR4861169,ERR4860105,ERR4860113,ERR4860369,ERR4860121,ERR4861075,ERR4859747,ERR4859872,ERR4860268,ERR4861244,ERR4860866,ERR4861538,ERR4860599,ERR4859745,ERR4860318,ERR4859871,ERR4861360,ERR4860434,ERR4860968,ERR4859753,ERR4861446,ERR4861411,ERR4860606,ERR4860372,ERR4860115,ERR4859769,ERR4860184,ERR4860770,ERR4860116,ERR4861508,ERR4860702,ERR4860119,ERR4860454,ERR4859801,ERR4860264",1177,PRE-COG-UK
CA,28253,C,0.14388199999999998,0.991516,3,"ERR4860348,ERR4860031,ERR4860286",1652,PRE-COG-UK
G,28878,A,0.661191,0.805687,12,"ERR4604160,ERR4604123,ERR4604121,ERR4603959,ERR4603861,ERR4603929,ERR4603810,ERR4603778,ERR4603950,ERR4604044,ERR4603818,ERR4603773",344,POST-COG-UK
G,28878,C,0.050808,0.8867510000000001,6,"ERR4603831,ERR4603806,ERR4603814,ERR4604072,ERR4604105,ERR4604111",348,POST-COG-UK
G,28878,C,0.12865,0.12865,1,ERR4859784,-3276,PRE-COG-UK
G,28878,A,0.755105,0.755105,1,ERR4860575,-3275,PRE-COG-UK
G,29033,T,0.084297,0.161824,4,"ERR4604108,ERR4603933,ERR4603960,ERR4603924",330,POST-COG-UK
GCTT,29033,G,0.193215,0.193215,1,ERR4604179,-1264,POST-COG-UK
G,29033,C,0.056197,0.056197,1,ERR4603972,-2277,POST-COG-UK
G,29033,A,0.05559,0.235071,5,"ERR4604204,ERR4603736,ERR4603807,ERR4603861,ERR4603958",347,POST-COG-UK
G,29033,T,0.150732,0.150732,1,ERR4861511,-3378,PRE-COG-UK
G,29033,A,0.17126,0.17126,1,ERR4859735,-3285,PRE-COG-UK
G,29742,A,0.080501,0.925214,13,"ERR4604121,ERR4603818,ERR4604044,ERR4603901,ERR4604123,ERR4604160,ERR4603929,ERR4603950,ERR4603861,ERR4603959,ERR4603773,ERR4603810,ERR4603778",354,POST-COG-UK
G,29742,T,0.055255999999999986,0.925974,3,"ERR4604154,ERR4604063,ERR4604135",335,POST-COG-UK
G,29742,T,0.053789,0.053789,1,ERR4860537,-3467,PRE-COG-UK
G,29742,C,0.895906,0.895906,1,ERR4860846,-3466,PRE-COG-UK
G,29742,A,0.66276,0.780343,10,"ERR4860167,ERR4861357,ERR4861523,ERR4861114,ERR4861515,ERR4860701,ERR4861348,ERR4861265,ERR4861178,ERR4861154",1643,PRE-COG-UK
